ISO-10303-21;
HEADER;
FILE_DESCRIPTION (( 'STEP AP214' ),
    '1' );
FILE_NAME ('big_L.STEP',
    '2026-09-26T18:49:44',
    ( '' ),
    ( '' ),
    'SwSTEP 2.0',
    'SolidWorks 2025',
    '' );
FILE_SCHEMA (( 'AUTOMOTIVE_DESIGN' ));
ENDSEC;

DATA;
#1 = CARTESIAN_POINT ( 'NONE',  ( 3.503956483293963586, 0.1500000000000000500, 2.215564961666666388 ) ) ;
#2 = CONICAL_SURFACE ( 'NONE', #1969, 0.1097500000000001114, 0.7853981633974469467 ) ;
#3 = DIRECTION ( 'NONE',  ( 0.000000000000000000, 0.000000000000000000, 1.000000000000000000 ) ) ;
#4 = ORIENTED_EDGE ( 'NONE', *, *, #1071, .T. ) ;
#5 = PLANE ( 'NONE',  #1361 ) ;
#6 = DIRECTION ( 'NONE',  ( -0.000000000000000000, 1.000000000000000000, -0.000000000000000000 ) ) ;
#7 = ORIENTED_EDGE ( 'NONE', *, *, #2501, .T. ) ;
#8 = DIRECTION ( 'NONE',  ( 0.7071067811865473507, 0.7071067811865476838, 0.000000000000000000 ) ) ;
#9 = CYLINDRICAL_SURFACE ( 'NONE', #1282, 0.08474999999999968670 ) ;
#10 = EDGE_CURVE ( 'NONE', #1518, #2491, #2215, .T. ) ;
#11 = EDGE_LOOP ( 'NONE', ( #1424, #2066, #1915, #988 ) ) ;
#12 = ORIENTED_EDGE ( 'NONE', *, *, #2577, .F. ) ;
#13 = LINE ( 'NONE', #1022, #380 ) ;
#14 = VECTOR ( 'NONE', #1862, 39.37007874015748854 ) ;
#15 = PLANE ( 'NONE',  #82 ) ;
#16 = DIRECTION ( 'NONE',  ( 1.000000000000000000, 0.000000000000000000, -0.000000000000000000 ) ) ;
#17 = ADVANCED_FACE ( 'NONE', ( #42 ), #1478, .F. ) ;
#18 = ORIENTED_EDGE ( 'NONE', *, *, #346, .T. ) ;
#19 = DIRECTION ( 'NONE',  ( -0.5773502691896300609, -1.922962686383556914E-16, 0.8164965809277230369 ) ) ;
#20 = DIRECTION ( 'NONE',  ( 0.7071067811865473507, 0.7071067811865476838, 3.944304526105058151E-31 ) ) ;
#21 = AXIS2_PLACEMENT_3D ( 'NONE', #2530, #715, #1537 ) ;
#22 = ORIENTED_EDGE ( 'NONE', *, *, #1342, .F. ) ;
#23 = VECTOR ( 'NONE', #1327, 39.37007874015748143 ) ;
#24 = CARTESIAN_POINT ( 'NONE',  ( 3.337289810065616980, 0.9999999966666665019, -2.480314961666667095 ) ) ;
#25 = ORIENTED_EDGE ( 'NONE', *, *, #1168, .F. ) ;
#26 = CARTESIAN_POINT ( 'NONE',  ( 3.670623143398950017, 0.4999999966666666684, 2.480314961666667095 ) ) ;
#27 = CARTESIAN_POINT ( 'NONE',  ( -3.137289810065616802, 0.3333333333333324267, 2.557336967392659144 ) ) ;
#28 = FACE_OUTER_BOUND ( 'NONE', #1084, .T. ) ;
#29 = FACE_OUTER_BOUND ( 'NONE', #2488, .T. ) ;
#30 = ORIENTED_EDGE ( 'NONE', *, *, #1394, .T. ) ;
#31 = LINE ( 'NONE', #1865, #674 ) ;
#32 = CARTESIAN_POINT ( 'NONE',  ( 3.503956476732283498, 0.4583333333333331483, -2.455314961666661411 ) ) ;
#33 = EDGE_CURVE ( 'NONE', #2389, #1564, #2041, .T. ) ;
#34 = EDGE_CURVE ( 'NONE', #263, #1925, #1832, .T. ) ;
#35 = AXIS2_PLACEMENT_3D ( 'NONE', #1004, #1816, #583 ) ;
#36 = ORIENTED_EDGE ( 'NONE', *, *, #910, .T. ) ;
#37 = DIRECTION ( 'NONE',  ( -0.4999999999999985012, -0.5000000000000003331, 0.7071067811865483499 ) ) ;
#38 = DIRECTION ( 'NONE',  ( 1.000000000000000000, 0.000000000000000000, 0.000000000000000000 ) ) ;
#39 = EDGE_CURVE ( 'NONE', #922, #1921, #1693, .T. ) ;
#40 = VECTOR ( 'NONE', #1082, 39.37007874015748854 ) ;
#41 = VERTEX_POINT ( 'NONE', #200 ) ;
#42 = FACE_OUTER_BOUND ( 'NONE', #1776, .T. ) ;
#43 = CARTESIAN_POINT ( 'NONE',  ( 3.337289810065616980, 0.4166666616666661049, 2.480314961666667095 ) ) ;
#44 = DIRECTION ( 'NONE',  ( 1.000000000000000000, 0.000000000000000000, -1.639108796198560889E-15 ) ) ;
#45 = ORIENTED_EDGE ( 'NONE', *, *, #301, .F. ) ;
#46 = LINE ( 'NONE', #1891, #1199 ) ;
#47 = ORIENTED_EDGE ( 'NONE', *, *, #521, .T. ) ;
#48 = AXIS2_PLACEMENT_3D ( 'NONE', #1092, #74, #16 ) ;
#49 = CARTESIAN_POINT ( 'NONE',  ( 3.503956476732283498, 0.9999999966666665019, -1.646981628333333614 ) ) ;
#50 = ORIENTED_EDGE ( 'NONE', *, *, #1811, .T. ) ;
#51 = FACE_OUTER_BOUND ( 'NONE', #855, .T. ) ;
#52 = LINE ( 'NONE', #24, #1445 ) ;
#53 = ORIENTED_EDGE ( 'NONE', *, *, #2513, .F. ) ;
#54 = ORIENTED_EDGE ( 'NONE', *, *, #1659, .F. ) ;
#55 = FACE_OUTER_BOUND ( 'NONE', #1664, .T. ) ;
#56 = LINE ( 'NONE', #873, #14 ) ;
#57 = ORIENTED_EDGE ( 'NONE', *, *, #104, .F. ) ;
#58 = VECTOR ( 'NONE', #1296, 39.37007874015748143 ) ;
#59 = DIRECTION ( 'NONE',  ( -1.000000000000000000, -0.000000000000000000, -0.000000000000000000 ) ) ;
#60 = ORIENTED_EDGE ( 'NONE', *, *, #1378, .T. ) ;
#61 = CARTESIAN_POINT ( 'NONE',  ( 3.503956476732283498, 0.7083333299999999833, -2.305314961666661944 ) ) ;
#62 = ORIENTED_EDGE ( 'NONE', *, *, #768, .T. ) ;
#63 = LINE ( 'NONE', #526, #979 ) ;
#64 = CARTESIAN_POINT ( 'NONE',  ( -3.312289810065616180, 0.3333333333333333148, 2.521981628333334058 ) ) ;
#65 = PRODUCT_DEFINITION_CONTEXT ( 'detailed design', #377, 'design' ) ;
#66 = ORIENTED_EDGE ( 'NONE', *, *, #1102, .F. ) ;
#67 = CARTESIAN_POINT ( 'NONE',  ( 3.337289810065617424, 0.4166666616666661049, 2.813648294999999688 ) ) ;
#68 = LINE ( 'NONE', #356, #2205 ) ;
#69 = EDGE_CURVE ( 'NONE', #2418, #1150, #2146, .T. ) ;
#70 = EDGE_CURVE ( 'NONE', #2491, #1474, #2084, .T. ) ;
#71 = DIRECTION ( 'NONE',  ( 0.000000000000000000, 0.000000000000000000, -1.000000000000000000 ) ) ;
#72 = EDGE_LOOP ( 'NONE', ( #1355, #2224, #2526, #1470 ) ) ;
#73 = ADVANCED_FACE ( 'NONE', ( #2055 ), #1073, .T. ) ;
#74 = DIRECTION ( 'NONE',  ( 0.000000000000000000, 0.000000000000000000, 1.000000000000000000 ) ) ;
#75 = ORIENTED_EDGE ( 'NONE', *, *, #2501, .F. ) ;
#76 = CARTESIAN_POINT ( 'NONE',  ( 3.503956476732283942, 0.2083333333333333426, -2.455314961666661411 ) ) ;
#77 = ORIENTED_EDGE ( 'NONE', *, *, #716, .F. ) ;
#78 = DIRECTION ( 'NONE',  ( -0.8164965809277175968, 7.050863183406320098E-15, 0.5773502691896374994 ) ) ;
#79 = DIRECTION ( 'NONE',  ( -0.8164965809277271447, -0.5773502691896242878, -3.333135323064850851E-15 ) ) ;
#80 = AXIS2_PLACEMENT_3D ( 'NONE', #482, #1677, #1508 ) ;
#81 = ORIENTED_EDGE ( 'NONE', *, *, #517, .F. ) ;
#82 = AXIS2_PLACEMENT_3D ( 'NONE', #2425, #603, #1420 ) ;
#83 = CARTESIAN_POINT ( 'NONE',  ( 3.343601137672947754, 0.3333333333333332593, -2.480314961666667095 ) ) ;
#84 = AXIS2_PLACEMENT_3D ( 'NONE', #1631, #2430, #376 ) ;
#85 = DIRECTION ( 'NONE',  ( 0.5000000000000092149, 0.5000000000000121014, 0.7071067811865324737 ) ) ;
#86 = AXIS2_PLACEMENT_3D ( 'NONE', #1705, #1690, #2108 ) ;
#87 = PLANE ( 'NONE',  #1308 ) ;
#88 = EDGE_LOOP ( 'NONE', ( #50, #2402, #2499, #802 ) ) ;
#89 = LINE ( 'NONE', #1526, #2130 ) ;
#90 = ORIENTED_EDGE ( 'NONE', *, *, #1916, .T. ) ;
#91 = ADVANCED_FACE ( 'NONE', ( #1045 ), #2492, .T. ) ;
#92 = LINE ( 'NONE', #1779, #2447 ) ;
#93 = AXIS2_PLACEMENT_3D ( 'NONE', #1433, #830, #1651 ) ;
#94 = ORIENTED_EDGE ( 'NONE', *, *, #2481, .F. ) ;
#95 = LINE ( 'NONE', #481, #420 ) ;
#96 = CARTESIAN_POINT ( 'NONE',  ( 3.628956476732283054, 0.3333333333333333148, -2.280314961666660700 ) ) ;
#97 = VECTOR ( 'NONE', #2238, 39.37007874015748143 ) ;
#98 = VERTEX_POINT ( 'NONE', #1264 ) ;
#99 = CARTESIAN_POINT ( 'NONE',  ( -3.337289810065616980, 0.1729779942740047316, 2.646981628333334058 ) ) ;
#100 = LINE ( 'NONE', #1667, #135 ) ;
#101 = CARTESIAN_POINT ( 'NONE',  ( 3.337289810065616980, 0.9999999966666665019, -2.230314963333333012 ) ) ;
#102 = VECTOR ( 'NONE', #286, 39.37007874015748143 ) ;
#103 = DIRECTION ( 'NONE',  ( 0.000000000000000000, 0.000000000000000000, -1.000000000000000000 ) ) ;
#104 = EDGE_CURVE ( 'NONE', #1554, #983, #2067, .T. ) ;
#105 = VERTEX_POINT ( 'NONE', #1681 ) ;
#106 = CARTESIAN_POINT ( 'NONE',  ( 2.566073712843396137, -0.3545494355555560695, 1.709098864444454691 ) ) ;
#107 = CARTESIAN_POINT ( 'NONE',  ( 3.670623143398950017, 0.9999999966666665019, -1.961942258254593341 ) ) ;
#108 = VERTEX_POINT ( 'NONE', #67 ) ;
#109 = FACE_OUTER_BOUND ( 'NONE', #1358, .T. ) ;
#110 = DIRECTION ( 'NONE',  ( 0.7071067811865475727, -0.000000000000000000, 0.7071067811865475727 ) ) ;
#111 = PRODUCT_CONTEXT ( 'NONE', #1156, 'mechanical' ) ;
#112 = FACE_OUTER_BOUND ( 'NONE', #421, .T. ) ;
#113 = VECTOR ( 'NONE', #1517, 39.37007874015748143 ) ;
#114 = LINE ( 'NONE', #2584, #490 ) ;
#115 = EDGE_LOOP ( 'NONE', ( #158, #1242, #1800, #2325, #2088 ) ) ;
#116 = DIRECTION ( 'NONE',  ( -5.736838681044327783E-15, 0.8164965809277305864, 0.5773502691896192918 ) ) ;
#117 = EDGE_CURVE ( 'NONE', #1274, #1975, #121, .T. ) ;
#118 = CARTESIAN_POINT ( 'NONE',  ( -2.848956476732283694, 0.000000000000000000, 2.646981634895013702 ) ) ;
#119 = AXIS2_PLACEMENT_3D ( 'NONE', #130, #934, #363 ) ;
#120 = EDGE_LOOP ( 'NONE', ( #761, #2529, #2040, #1909 ) ) ;
#121 = LINE ( 'NONE', #2123, #621 ) ;
#122 = VECTOR ( 'NONE', #824, 39.37007874015748143 ) ;
#123 = EDGE_CURVE ( 'NONE', #641, #1589, #1732, .T. ) ;
#124 = LINE ( 'NONE', #2555, #511 ) ;
#125 = CIRCLE ( 'NONE', #799, 0.08474999999999968670 ) ;
#126 = VECTOR ( 'NONE', #1290, 39.37007874015748143 ) ;
#127 = LINE ( 'NONE', #2582, #2225 ) ;
#128 = PLANE ( 'NONE',  #316 ) ;
#129 = ORIENTED_EDGE ( 'NONE', *, *, #896, .F. ) ;
#130 = CARTESIAN_POINT ( 'NONE',  ( -2.693956476732282557, 0.1499999999999999944, 2.480314961666667095 ) ) ;
#131 = LINE ( 'NONE', #1763, #2631 ) ;
#132 = PRODUCT_RELATED_PRODUCT_CATEGORY ( 'part', '', ( #571 ) ) ;
#133 = ORIENTED_EDGE ( 'NONE', *, *, #925, .T. ) ;
#134 = DIRECTION ( 'NONE',  ( 1.000000000000000000, 0.000000000000000000, 0.000000000000000000 ) ) ;
#135 = VECTOR ( 'NONE', #440, 39.37007874015748854 ) ;
#136 = CARTESIAN_POINT ( 'NONE',  ( 1.873822574562471699, 1.873822574562467924, -2.280314961666667806 ) ) ;
#137 = VECTOR ( 'NONE', #300, 39.37007874015748143 ) ;
#138 = ORIENTED_EDGE ( 'NONE', *, *, #925, .F. ) ;
#139 = DIRECTION ( 'NONE',  ( 1.000000000000000000, 0.000000000000000000, 0.000000000000000000 ) ) ;
#140 = PLANE ( 'NONE',  #1350 ) ;
#141 = ORIENTED_EDGE ( 'NONE', *, *, #498, .T. ) ;
#142 = CARTESIAN_POINT ( 'NONE',  ( 3.628956476732283942, 0.02499999999999986955, 2.646981628333333170 ) ) ;
#143 = LINE ( 'NONE', #510, #1403 ) ;
#144 = CIRCLE ( 'NONE', #2604, 0.08474999999999968670 ) ;
#145 = ORIENTED_EDGE ( 'NONE', *, *, #104, .T. ) ;
#146 = CARTESIAN_POINT ( 'NONE',  ( 3.503956483293963586, 0.1500000000000000500, 2.325314961666666402 ) ) ;
#147 = EDGE_LOOP ( 'NONE', ( #2196, #553, #1838, #2479 ) ) ;
#148 = EDGE_CURVE ( 'NONE', #1454, #948, #2139, .T. ) ;
#149 = VECTOR ( 'NONE', #1180, 39.37007874015748854 ) ;
#150 = FACE_OUTER_BOUND ( 'NONE', #1229, .T. ) ;
#151 = ADVANCED_FACE ( 'NONE', ( #2317, #1100 ), #1742, .F. ) ;
#152 = LINE ( 'NONE', #341, #1642 ) ;
#153 = ORIENTED_EDGE ( 'NONE', *, *, #1018, .F. ) ;
#154 = CARTESIAN_POINT ( 'NONE',  ( 3.646634146261947151, 0.000000000000000000, 2.664659297862996379 ) ) ;
#155 = DIRECTION ( 'NONE',  ( 0.000000000000000000, 1.000000000000000000, 0.000000000000000000 ) ) ;
#156 = ORIENTED_EDGE ( 'NONE', *, *, #852, .T. ) ;
#157 = CARTESIAN_POINT ( 'NONE',  ( 3.628956476732283054, 0.3333333333333331483, -2.455314961666661411 ) ) ;
#158 = ORIENTED_EDGE ( 'NONE', *, *, #164, .T. ) ;
#159 = VECTOR ( 'NONE', #2531, 39.37007874015748143 ) ;
#160 = VECTOR ( 'NONE', #1024, 39.37007874015748854 ) ;
#161 = DIRECTION ( 'NONE',  ( -0.7071067811865491270, -0.7071067811865459074, -3.944304526105058151E-31 ) ) ;
#162 = VECTOR ( 'NONE', #2198, 39.37007874015748143 ) ;
#163 = LINE ( 'NONE', #2235, #2266 ) ;
#164 = EDGE_CURVE ( 'NONE', #765, #861, #1529, .T. ) ;
#165 = VECTOR ( 'NONE', #353, 39.37007874015748143 ) ;
#166 = VERTEX_POINT ( 'NONE', #689 ) ;
#167 = LINE ( 'NONE', #984, #2248 ) ;
#168 = DIRECTION ( 'NONE',  ( -1.000000000000000000, 0.000000000000000000, 0.000000000000000000 ) ) ;
#169 = ORIENTED_EDGE ( 'NONE', *, *, #1565, .T. ) ;
#170 = DIRECTION ( 'NONE',  ( 0.000000000000000000, 0.000000000000000000, 1.000000000000000000 ) ) ;
#171 = EDGE_CURVE ( 'NONE', #2200, #1656, #2152, .T. ) ;
#172 = AXIS2_PLACEMENT_3D ( 'NONE', #2068, #2276, #2085 ) ;
#173 = ORIENTED_EDGE ( 'NONE', *, *, #1703, .T. ) ;
#174 = CARTESIAN_POINT ( 'NONE',  ( -3.818627334004913720, 0.3333333333333434734, 1.593780200484013143 ) ) ;
#175 = CARTESIAN_POINT ( 'NONE',  ( 3.670623143398950017, 0.4999999966666666684, 2.730314960000000735 ) ) ;
#176 = VERTEX_POINT ( 'NONE', #83 ) ;
#177 = CYLINDRICAL_SURFACE ( 'NONE', #2355, 0.1550000000000003875 ) ;
#178 = ORIENTED_EDGE ( 'NONE', *, *, #409, .T. ) ;
#179 = CARTESIAN_POINT ( 'NONE',  ( -2.570828227957777212, 0.3333333333333335369, 1.935528637293789656 ) ) ;
#180 = LINE ( 'NONE', #2209, #1235 ) ;
#181 = EDGE_CURVE ( 'NONE', #217, #2229, #1138, .T. ) ;
#182 = ORIENTED_EDGE ( 'NONE', *, *, #2602, .T. ) ;
#183 = DIRECTION ( 'NONE',  ( 0.000000000000000000, 0.000000000000000000, 1.000000000000000000 ) ) ;
#184 = EDGE_CURVE ( 'NONE', #1828, #275, #883, .T. ) ;
#185 = VERTEX_POINT ( 'NONE', #1951 ) ;
#186 = EDGE_LOOP ( 'NONE', ( #260, #2473, #1323, #850 ) ) ;
#187 = CARTESIAN_POINT ( 'NONE',  ( 0.000000000000000000, 0.9999999966666665019, 0.000000000000000000 ) ) ;
#188 = DIRECTION ( 'NONE',  ( 0.000000000000000000, 0.7071067811865476838, -0.7071067811865473507 ) ) ;
#189 = FACE_OUTER_BOUND ( 'NONE', #2576, .T. ) ;
#190 = ORIENTED_EDGE ( 'NONE', *, *, #2477, .F. ) ;
#191 = CARTESIAN_POINT ( 'NONE',  ( 4.441839240621165530, -0.3545494355555593446, 1.709098864444451804 ) ) ;
#192 = DIRECTION ( 'NONE',  ( 0.7071067811865474617, 0.000000000000000000, 0.7071067811865474617 ) ) ;
#193 = EDGE_LOOP ( 'NONE', ( #2323, #535 ) ) ;
#194 = EDGE_CURVE ( 'NONE', #1368, #1824, #1494, .T. ) ;
#195 = DIRECTION ( 'NONE',  ( -1.000000000000000000, -0.000000000000000000, -0.000000000000000000 ) ) ;
#196 = DIRECTION ( 'NONE',  ( -0.7071067811865462405, -0.7071067811865487940, -1.159024944894517212E-15 ) ) ;
#197 = VECTOR ( 'NONE', #2254, 39.37007874015748143 ) ;
#198 = ORIENTED_EDGE ( 'NONE', *, *, #872, .T. ) ;
#199 = EDGE_CURVE ( 'NONE', #2234, #705, #268, .T. ) ;
#200 = CARTESIAN_POINT ( 'NONE',  ( 3.503956483293963586, 0.2500000000000000000, 2.480314961666667095 ) ) ;
#201 = FACE_OUTER_BOUND ( 'NONE', #623, .T. ) ;
#202 = CARTESIAN_POINT ( 'NONE',  ( -3.137289810065616802, -1.112001817029663053, 1.112001817029663719 ) ) ;
#203 = AXIS2_PLACEMENT_3D ( 'NONE', #1042, #1275, #1676 ) ;
#204 = CARTESIAN_POINT ( 'NONE',  ( 3.378956476732283498, 0.8333333300000006494, -2.280314961666661588 ) ) ;
#205 = ADVANCED_FACE ( 'NONE', ( #1293 ), #514, .F. ) ;
#206 = ORIENTED_EDGE ( 'NONE', *, *, #549, .T. ) ;
#207 = CARTESIAN_POINT ( 'NONE',  ( -3.162289810065615825, 0.2083333333333333981, 2.646981628333334058 ) ) ;
#208 = CARTESIAN_POINT ( 'NONE',  ( -3.087289811732282008, 0.4999999966666666684, 0.000000000000000000 ) ) ;
#209 = VERTEX_POINT ( 'NONE', #99 ) ;
#210 = DIRECTION ( 'NONE',  ( 1.639108796198558326E-15, -0.000000000000000000, -1.000000000000000000 ) ) ;
#211 = DIRECTION ( 'NONE',  ( 0.000000000000000000, 1.000000000000000000, 0.000000000000000000 ) ) ;
#212 = ORIENTED_EDGE ( 'NONE', *, *, #215, .T. ) ;
#213 = EDGE_LOOP ( 'NONE', ( #2605, #1133, #1371, #480 ) ) ;
#214 = LINE ( 'NONE', #573, #1793 ) ;
#215 = EDGE_CURVE ( 'NONE', #1283, #263, #1307, .T. ) ;
#216 = FACE_OUTER_BOUND ( 'NONE', #1902, .T. ) ;
#217 = VERTEX_POINT ( 'NONE', #912 ) ;
#218 = CARTESIAN_POINT ( 'NONE',  ( -3.003956476732283942, 0.4999999966666666684, 2.480314961666667095 ) ) ;
#219 = ORIENTED_EDGE ( 'NONE', *, *, #739, .F. ) ;
#220 = DIRECTION ( 'NONE',  ( -0.4999999999999940048, 0.4999999999999951705, 0.7071067811865552333 ) ) ;
#221 = DIRECTION ( 'NONE',  ( -1.000000000000000000, -0.000000000000000000, -0.000000000000000000 ) ) ;
#222 = EDGE_LOOP ( 'NONE', ( #1318, #1374, #1728, #7 ) ) ;
#223 = PLANE ( 'NONE',  #336 ) ;
#224 = DIRECTION ( 'NONE',  ( -0.4999999999999950040, 0.4999999999999962252, 0.7071067811865537900 ) ) ;
#225 = ORIENTED_EDGE ( 'NONE', *, *, #2228, .F. ) ;
#226 = DIRECTION ( 'NONE',  ( 0.7071067811865522357, 0.7071067811865429098, 0.000000000000000000 ) ) ;
#227 = PLANE ( 'NONE',  #2380 ) ;
#228 = EDGE_CURVE ( 'NONE', #445, #1713, #2305, .T. ) ;
#229 = LINE ( 'NONE', #1639, #2038 ) ;
#230 = FACE_OUTER_BOUND ( 'NONE', #1418, .T. ) ;
#231 = VERTEX_POINT ( 'NONE', #1522 ) ;
#232 = EDGE_CURVE ( 'NONE', #185, #2172, #499, .T. ) ;
#233 = PLANE ( 'NONE',  #579 ) ;
#234 = CARTESIAN_POINT ( 'NONE',  ( 3.628956476732283054, 0.3333333333333333148, -2.455314961666661411 ) ) ;
#235 = ORIENTED_EDGE ( 'NONE', *, *, #1836, .F. ) ;
#236 = LINE ( 'NONE', #435, #2624 ) ;
#237 = CARTESIAN_POINT ( 'NONE',  ( 3.628956476732283942, 0.1750000000000001554, 2.646981628333333170 ) ) ;
#238 = ORIENTED_EDGE ( 'NONE', *, *, #2562, .F. ) ;
#239 = CARTESIAN_POINT ( 'NONE',  ( 3.503956476732267067, 1.783304152871225901, -2.888657424799951912 ) ) ;
#240 = DIRECTION ( 'NONE',  ( 1.000000000000000000, 0.000000000000000000, 0.000000000000000000 ) ) ;
#241 = CARTESIAN_POINT ( 'NONE',  ( 3.337289810065616980, 0.4999999966666666684, 2.480314961666667095 ) ) ;
#242 = ORIENTED_EDGE ( 'NONE', *, *, #199, .F. ) ;
#243 = DIRECTION ( 'NONE',  ( 0.7071067811865474617, 0.000000000000000000, -0.7071067811865474617 ) ) ;
#244 = VECTOR ( 'NONE', #2353, 39.37007874015748854 ) ;
#245 = ORIENTED_EDGE ( 'NONE', *, *, #589, .F. ) ;
#246 = FACE_OUTER_BOUND ( 'NONE', #1945, .T. ) ;
#247 = FACE_OUTER_BOUND ( 'NONE', #2356, .T. ) ;
#248 = CONICAL_SURFACE ( 'NONE', #936, 0.1097500000000001114, 0.7853981633974469467 ) ;
#249 = ADVANCED_FACE ( 'NONE', ( #109 ), #310, .F. ) ;
#250 = VERTEX_POINT ( 'NONE', #2332 ) ;
#251 = DIRECTION ( 'NONE',  ( 1.639108796198558326E-15, -0.000000000000000000, -1.000000000000000000 ) ) ;
#252 = DIRECTION ( 'NONE',  ( 0.000000000000000000, 0.000000000000000000, -1.000000000000000000 ) ) ;
#253 = VECTOR ( 'NONE', #1386, 39.37007874015748143 ) ;
#254 = ORIENTED_EDGE ( 'NONE', *, *, #2408, .T. ) ;
#255 = VERTEX_POINT ( 'NONE', #1127 ) ;
#256 = LINE ( 'NONE', #857, #647 ) ;
#257 = DIRECTION ( 'NONE',  ( 1.000000000000000000, 0.000000000000000000, 0.000000000000000000 ) ) ;
#258 = ORIENTED_EDGE ( 'NONE', *, *, #318, .F. ) ;
#259 = CARTESIAN_POINT ( 'NONE',  ( 3.503956476732283942, 0.9229779909406712335, -2.280314961666661144 ) ) ;
#260 = ORIENTED_EDGE ( 'NONE', *, *, #1291, .T. ) ;
#261 = VECTOR ( 'NONE', #913, 39.37007874015748854 ) ;
#262 = CARTESIAN_POINT ( 'NONE',  ( -2.848956476732283694, 0.000000000000000000, 2.731731634895013361 ) ) ;
#263 = VERTEX_POINT ( 'NONE', #1939 ) ;
#264 = CARTESIAN_POINT ( 'NONE',  ( 1.290489242895802358, -1.290489242895805688, -2.280314961666661144 ) ) ;
#265 = ADVANCED_FACE ( 'NONE', ( #923 ), #575, .F. ) ;
#266 = PLANE ( 'NONE',  #1498 ) ;
#267 = ORIENTED_EDGE ( 'NONE', *, *, #695, .T. ) ;
#268 = LINE ( 'NONE', #2291, #1983 ) ;
#269 = ADVANCED_FACE ( 'NONE', ( #1593 ), #1002, .F. ) ;
#270 = CARTESIAN_POINT ( 'NONE',  ( 3.503956476732283942, 0.6729779909406660154, -2.480314961666667095 ) ) ;
#271 = LINE ( 'NONE', #1090, #614 ) ;
#272 = ORIENTED_EDGE ( 'NONE', *, *, #820, .T. ) ;
#273 = VECTOR ( 'NONE', #2087, 39.37007874015748854 ) ;
#274 = DIRECTION ( 'NONE',  ( -0.000000000000000000, -0.000000000000000000, 1.000000000000000000 ) ) ;
#275 = VERTEX_POINT ( 'NONE', #335 ) ;
#276 = DIRECTION ( 'NONE',  ( 1.000000000000000000, -0.000000000000000000, -0.000000000000000000 ) ) ;
#277 = ORIENTED_EDGE ( 'NONE', *, *, #709, .F. ) ;
#278 = CARTESIAN_POINT ( 'NONE',  ( 3.503956483293963586, 0.1249999999999995698, 2.240564961666666743 ) ) ;
#279 = DIRECTION ( 'NONE',  ( -1.000000000000000000, 0.000000000000000000, -0.000000000000000000 ) ) ;
#280 = AXIS2_PLACEMENT_3D ( 'NONE', #726, #1175, #2013 ) ;
#281 = MECHANICAL_DESIGN_GEOMETRIC_PRESENTATION_REPRESENTATION (  '', ( #2568 ), #749 ) ;
#282 = EDGE_LOOP ( 'NONE', ( #2377, #47, #2138, #1347 ) ) ;
#283 = CARTESIAN_POINT ( 'NONE',  ( 3.378956476732283942, 0.2000000000000000111, 2.646981628333333170 ) ) ;
#284 = LINE ( 'NONE', #646, #2593 ) ;
#285 = EDGE_CURVE ( 'NONE', #2422, #1414, #2391, .T. ) ;
#286 = DIRECTION ( 'NONE',  ( 0.000000000000000000, 0.000000000000000000, 1.000000000000000000 ) ) ;
#287 = ORIENTED_EDGE ( 'NONE', *, *, #1624, .F. ) ;
#288 = ORIENTED_EDGE ( 'NONE', *, *, #739, .T. ) ;
#289 = SURFACE_STYLE_FILL_AREA ( #2132 ) ;
#290 = ORIENTED_EDGE ( 'NONE', *, *, #2361, .T. ) ;
#291 = CARTESIAN_POINT ( 'NONE',  ( 3.337289810065616980, 0.2500000000000000000, -2.480314961666667095 ) ) ;
#292 = DIRECTION ( 'NONE',  ( 1.639108796198560889E-15, 0.000000000000000000, 1.000000000000000000 ) ) ;
#293 = VECTOR ( 'NONE', #1276, 39.37007874015748143 ) ;
#294 = VERTEX_POINT ( 'NONE', #1151 ) ;
#295 = VECTOR ( 'NONE', #1848, 39.37007874015748143 ) ;
#296 = DIRECTION ( 'NONE',  ( -3.333135323064848879E-15, -0.5773502691896242878, -0.8164965809277271447 ) ) ;
#297 = VECTOR ( 'NONE', #292, 39.37007874015748143 ) ;
#298 = DIRECTION ( 'NONE',  ( 0.000000000000000000, -0.7071067811865474617, -0.7071067811865474617 ) ) ;
#299 = CARTESIAN_POINT ( 'NONE',  ( 3.337289810065616980, 0.000000000000000000, 2.480314961666667095 ) ) ;
#300 = DIRECTION ( 'NONE',  ( 0.7071067811865487940, 0.7071067811865462405, 0.000000000000000000 ) ) ;
#301 = EDGE_CURVE ( 'NONE', #893, #1001, #326, .T. ) ;
#302 = CARTESIAN_POINT ( 'NONE',  ( 1.380133903836469944, -1.380133903836476383, -2.280314961666660700 ) ) ;
#303 = ADVANCED_FACE ( 'NONE', ( #1164, #1661 ), #2633, .T. ) ;
#304 = DIRECTION ( 'NONE',  ( 0.000000000000000000, -1.000000000000000000, 0.000000000000000000 ) ) ;
#305 = VECTOR ( 'NONE', #1310, 39.37007874015748854 ) ;
#306 = EDGE_LOOP ( 'NONE', ( #1641, #1421, #1525, #1532 ) ) ;
#307 = CARTESIAN_POINT ( 'NONE',  ( 3.628956476732283942, 0.8333333300000000943, -2.455314961666662743 ) ) ;
#308 = DIRECTION ( 'NONE',  ( 0.000000000000000000, -1.000000000000000000, 0.000000000000000000 ) ) ;
#309 = ORIENTED_EDGE ( 'NONE', *, *, #181, .T. ) ;
#310 = CYLINDRICAL_SURFACE ( 'NONE', #21, 0.1550000000000009426 ) ;
#311 = DIRECTION ( 'NONE',  ( -1.000000000000000000, 0.000000000000000000, 0.000000000000000000 ) ) ;
#312 =( NAMED_UNIT ( * ) PLANE_ANGLE_UNIT ( ) SI_UNIT ( $, .RADIAN. ) );
#313 = VECTOR ( 'NONE', #1217, 39.37007874015748143 ) ;
#314 = EDGE_CURVE ( 'NONE', #2229, #703, #1226, .T. ) ;
#315 = CARTESIAN_POINT ( 'NONE',  ( 3.503956476732267067, 1.449970821760094619, -3.006508554212042217 ) ) ;
#316 = AXIS2_PLACEMENT_3D ( 'NONE', #1343, #2145, #317 ) ;
#317 = DIRECTION ( 'NONE',  ( 0.7071067811865474617, 0.000000000000000000, 0.7071067811865474617 ) ) ;
#318 = EDGE_CURVE ( 'NONE', #2352, #105, #1815, .T. ) ;
#319 = ADVANCED_FACE ( 'NONE', ( #1246, #1415, #1213, #1429 ), #2212, .T. ) ;
#320 = ORIENTED_EDGE ( 'NONE', *, *, #501, .F. ) ;
#321 = FACE_OUTER_BOUND ( 'NONE', #546, .T. ) ;
#322 = DIRECTION ( 'NONE',  ( 0.000000000000000000, 0.000000000000000000, -1.000000000000000000 ) ) ;
#323 = ORIENTED_EDGE ( 'NONE', *, *, #1168, .T. ) ;
#324 = CARTESIAN_POINT ( 'NONE',  ( 3.278061301226415480, 0.4231203580858420299, 2.646981628333332281 ) ) ;
#325 = CARTESIAN_POINT ( 'NONE',  ( 1.963467235503150832, 1.963467235503139285, -2.280314961666667806 ) ) ;
#326 = CIRCLE ( 'NONE', #1812, 0.8333333333333339255 ) ;
#327 = CARTESIAN_POINT ( 'NONE',  ( 3.503956476732283498, 0.9583333300000002053, -2.305314961666661944 ) ) ;
#328 = AXIS2_PLACEMENT_3D ( 'NONE', #1809, #1825, #608 ) ;
#329 = LINE ( 'NONE', #2350, #533 ) ;
#330 = ORIENTED_EDGE ( 'NONE', *, *, #1442, .F. ) ;
#331 = DIRECTION ( 'NONE',  ( 0.7071067811865474617, 0.000000000000000000, 0.7071067811865474617 ) ) ;
#332 = CARTESIAN_POINT ( 'NONE',  ( 3.503956476732283498, 0.9999999966666665019, -1.646981628333333614 ) ) ;
#333 = EDGE_CURVE ( 'NONE', #1554, #1892, #236, .T. ) ;
#334 = ORIENTED_EDGE ( 'NONE', *, *, #348, .T. ) ;
#335 = CARTESIAN_POINT ( 'NONE',  ( 3.670623143398950017, 0.4166666616666661049, 2.813648295000000132 ) ) ;
#336 = AXIS2_PLACEMENT_3D ( 'NONE', #1856, #37, #642 ) ;
#337 = FACE_OUTER_BOUND ( 'NONE', #416, .T. ) ;
#338 = ADVANCED_FACE ( 'NONE', ( #2052 ), #1261, .F. ) ;
#339 = AXIS2_PLACEMENT_3D ( 'NONE', #495, #1476, #1908 ) ;
#340 = ORIENTED_EDGE ( 'NONE', *, *, #829, .T. ) ;
#341 = CARTESIAN_POINT ( 'NONE',  ( 3.628956476732283942, 0.8333333299999998722, -2.280314961666660700 ) ) ;
#342 = ORIENTED_EDGE ( 'NONE', *, *, #1210, .T. ) ;
#343 = LINE ( 'NONE', #946, #1059 ) ;
#344 = DIRECTION ( 'NONE',  ( 0.7071067811865474617, 0.000000000000000000, 0.7071067811865474617 ) ) ;
#345 = ORIENTED_EDGE ( 'NONE', *, *, #333, .T. ) ;
#346 = EDGE_CURVE ( 'NONE', #404, #209, #2614, .T. ) ;
#347 = DIRECTION ( 'NONE',  ( 0.000000000000000000, -0.7071067811865474617, 0.7071067811865474617 ) ) ;
#348 = EDGE_CURVE ( 'NONE', #2295, #2245, #2024, .T. ) ;
#349 = ORIENTED_EDGE ( 'NONE', *, *, #2467, .T. ) ;
#350 = PLANE ( 'NONE',  #622 ) ;
#351 = DIRECTION ( 'NONE',  ( 0.000000000000000000, -0.7071067811865476838, 0.7071067811865473507 ) ) ;
#352 = VERTEX_POINT ( 'NONE', #2448 ) ;
#353 = DIRECTION ( 'NONE',  ( 0.000000000000000000, -0.000000000000000000, 1.000000000000000000 ) ) ;
#354 = CARTESIAN_POINT ( 'NONE',  ( 3.503956483293963586, 0.1499999999999999944, 2.480314961666667095 ) ) ;
#355 = ORIENTED_EDGE ( 'NONE', *, *, #181, .F. ) ;
#356 = CARTESIAN_POINT ( 'NONE',  ( 3.337289810065616980, 0.2500000000000000000, 2.480314961666667095 ) ) ;
#357 = ORIENTED_EDGE ( 'NONE', *, *, #1962, .F. ) ;
#358 = ADVANCED_FACE ( 'NONE', ( #2079 ), #223, .F. ) ;
#359 = AXIS2_PLACEMENT_3D ( 'NONE', #2326, #1919, #2075 ) ;
#360 =( CONVERSION_BASED_UNIT ( 'INCH', #2383 ) LENGTH_UNIT ( ) NAMED_UNIT ( #449 ) );
#361 = FACE_OUTER_BOUND ( 'NONE', #1731, .T. ) ;
#362 = EDGE_LOOP ( 'NONE', ( #796, #2451, #2116, #1841 ) ) ;
#363 = DIRECTION ( 'NONE',  ( 3.278217463333431854E-15, 0.000000000000000000, -1.000000000000000000 ) ) ;
#364 = DIRECTION ( 'NONE',  ( -0.000000000000000000, 1.000000000000000000, -0.000000000000000000 ) ) ;
#365 = ORIENTED_EDGE ( 'NONE', *, *, #1703, .F. ) ;
#366 = FACE_OUTER_BOUND ( 'NONE', #1297, .T. ) ;
#367 = VERTEX_POINT ( 'NONE', #2272 ) ;
#368 = DIRECTION ( 'NONE',  ( -1.000000000000000000, -0.000000000000000000, 1.762482576557581329E-15 ) ) ;
#369 = VECTOR ( 'NONE', #1635, 39.37007874015748143 ) ;
#370 = EDGE_CURVE ( 'NONE', #2389, #1934, #1842, .T. ) ;
#371 = DIRECTION ( 'NONE',  ( 0.000000000000000000, 0.7071067811865474617, -0.7071067811865474617 ) ) ;
#372 = VECTOR ( 'NONE', #20, 39.37007874015748854 ) ;
#373 = FACE_OUTER_BOUND ( 'NONE', #2395, .T. ) ;
#374 = ORIENTED_EDGE ( 'NONE', *, *, #1539, .T. ) ;
#375 = DIRECTION ( 'NONE',  ( 1.000000000000000000, 0.000000000000000000, 0.000000000000000000 ) ) ;
#376 = DIRECTION ( 'NONE',  ( 0.7071067811865474617, 0.000000000000000000, -0.7071067811865474617 ) ) ;
#377 = APPLICATION_CONTEXT ( 'automotive_design' ) ;
#378 = ORIENTED_EDGE ( 'NONE', *, *, #1818, .F. ) ;
#379 = DIRECTION ( 'NONE',  ( 0.7071067811865487940, 0.7071067811865462405, 6.705317694378600346E-30 ) ) ;
#380 = VECTOR ( 'NONE', #2637, 39.37007874015748143 ) ;
#381 = ORIENTED_EDGE ( 'NONE', *, *, #1572, .T. ) ;
#382 = DIRECTION ( 'NONE',  ( 0.000000000000000000, -1.000000000000000000, 0.000000000000000000 ) ) ;
#383 = FACE_OUTER_BOUND ( 'NONE', #1068, .T. ) ;
#384 = VERTEX_POINT ( 'NONE', #1054 ) ;
#385 = DIRECTION ( 'NONE',  ( -1.639108731666715927E-15, 0.000000000000000000, -1.000000000000000000 ) ) ;
#386 = ORIENTED_EDGE ( 'NONE', *, *, #2639, .F. ) ;
#387 = FACE_OUTER_BOUND ( 'NONE', #2549, .T. ) ;
#388 = DIRECTION ( 'NONE',  ( -0.000000000000000000, 1.000000000000000000, -0.000000000000000000 ) ) ;
#389 = EDGE_CURVE ( 'NONE', #983, #1950, #2241, .T. ) ;
#390 = ORIENTED_EDGE ( 'NONE', *, *, #2477, .T. ) ;
#391 = DIRECTION ( 'NONE',  ( 0.7071067811865479058, -0.7071067811865471286, 3.090733186385377654E-15 ) ) ;
#392 = FACE_OUTER_BOUND ( 'NONE', #2478, .T. ) ;
#393 = VECTOR ( 'NONE', #818, 39.37007874015748143 ) ;
#394 = ORIENTED_EDGE ( 'NONE', *, *, #1814, .T. ) ;
#395 = ORIENTED_EDGE ( 'NONE', *, *, #389, .T. ) ;
#396 = FACE_OUTER_BOUND ( 'NONE', #1212, .T. ) ;
#397 = EDGE_CURVE ( 'NONE', #1191, #2399, #1829, .T. ) ;
#398 = LINE ( 'NONE', #2608, #160 ) ;
#399 = ORIENTED_EDGE ( 'NONE', *, *, #1979, .T. ) ;
#400 = DIRECTION ( 'NONE',  ( 0.000000000000000000, 0.000000000000000000, -1.000000000000000000 ) ) ;
#401 = VERTEX_POINT ( 'NONE', #838 ) ;
#402 = LINE ( 'NONE', #191, #1273 ) ;
#403 = CARTESIAN_POINT ( 'NONE',  ( 3.792467477928617381, 0.7051776678630008455, -2.480314961666667095 ) ) ;
#404 = VERTEX_POINT ( 'NONE', #1030 ) ;
#405 = DIRECTION ( 'NONE',  ( 0.000000000000000000, 0.000000000000000000, 1.000000000000000000 ) ) ;
#406 = CARTESIAN_POINT ( 'NONE',  ( 3.503956483293963586, 0.1499999999999999944, 2.325314961666666402 ) ) ;
#407 = EDGE_LOOP ( 'NONE', ( #1592, #1285, #198, #2406, #235, #1890 ) ) ;
#408 = ORIENTED_EDGE ( 'NONE', *, *, #2005, .F. ) ;
#409 = EDGE_CURVE ( 'NONE', #108, #705, #1016, .T. ) ;
#410 = FACE_OUTER_BOUND ( 'NONE', #1819, .T. ) ;
#411 = CARTESIAN_POINT ( 'NONE',  ( -3.162289810065615825, 0.3333333333333333148, 2.521981628333334058 ) ) ;
#412 = VECTOR ( 'NONE', #79, 39.37007874015748143 ) ;
#413 = EDGE_LOOP ( 'NONE', ( #1078, #2033, #2260, #2189 ) ) ;
#414 = CARTESIAN_POINT ( 'NONE',  ( 3.378956476732283942, 0.1750000000000001554, 2.646981628333333170 ) ) ;
#415 = VECTOR ( 'NONE', #2438, 39.37007874015748143 ) ;
#416 = EDGE_LOOP ( 'NONE', ( #792, #814, #2269, #1570 ) ) ;
#417 = AXIS2_PLACEMENT_3D ( 'NONE', #2324, #653, #1244 ) ;
#418 = LINE ( 'NONE', #624, #454 ) ;
#419 = CARTESIAN_POINT ( 'NONE',  ( 3.337289810065616980, 0.1499999999999999944, 2.170314961666666154 ) ) ;
#420 = VECTOR ( 'NONE', #494, 39.37007874015748143 ) ;
#421 = EDGE_LOOP ( 'NONE', ( #497, #2131, #2328, #1876 ) ) ;
#422 = CARTESIAN_POINT ( 'NONE',  ( 3.459134146261951148, 0.1281556638036658036, -2.480314961666667095 ) ) ;
#423 = FACE_OUTER_BOUND ( 'NONE', #902, .T. ) ;
#424 = EDGE_LOOP ( 'NONE', ( #1904, #2509, #957, #2207 ) ) ;
#425 = CARTESIAN_POINT ( 'NONE',  ( 3.503956483293963586, 0.1500000000000000500, 2.325314961666666402 ) ) ;
#426 = DIRECTION ( 'NONE',  ( -0.7071067811865473507, 0.7071067811865476838, -3.090733186385379626E-15 ) ) ;
#427 = VECTOR ( 'NONE', #1500, 39.37007874015748854 ) ;
#428 = EDGE_CURVE ( 'NONE', #367, #2601, #1615, .T. ) ;
#429 = DIRECTION ( 'NONE',  ( -0.5773502691896278405, 0.8164965809277245912, -4.494925279421565291E-15 ) ) ;
#430 = PLANE ( 'NONE',  #1512 ) ;
#431 = ORIENTED_EDGE ( 'NONE', *, *, #2277, .F. ) ;
#432 = CARTESIAN_POINT ( 'NONE',  ( -2.693956476732282557, 0.1499999999999999944, 2.480314961666667095 ) ) ;
#433 = LINE ( 'NONE', #2128, #97 ) ;
#434 = VERTEX_POINT ( 'NONE', #1634 ) ;
#435 = CARTESIAN_POINT ( 'NONE',  ( 2.213467233836480919, 2.213467233836472925, -2.280314961666666917 ) ) ;
#436 = LINE ( 'NONE', #1706, #1108 ) ;
#437 = ORIENTED_EDGE ( 'NONE', *, *, #2334, .T. ) ;
#438 = DIRECTION ( 'NONE',  ( 0.7071067811865473507, -0.7071067811865476838, 0.000000000000000000 ) ) ;
#439 = CIRCLE ( 'NONE', #2106, 0.3149606299212598381 ) ;
#440 = DIRECTION ( 'NONE',  ( 0.8164965809277228148, 0.5773502691896301720, -9.486615919492182883E-15 ) ) ;
#441 = LINE ( 'NONE', #1875, #102 ) ;
#442 = VERTEX_POINT ( 'NONE', #1458 ) ;
#443 = EDGE_CURVE ( 'NONE', #1707, #1622, #851, .T. ) ;
#444 = CARTESIAN_POINT ( 'NONE',  ( -3.337289810065616980, 0.4999999966666666684, 2.480314961666667095 ) ) ;
#445 = VERTEX_POINT ( 'NONE', #1113 ) ;
#446 = LINE ( 'NONE', #463, #113 ) ;
#447 = EDGE_CURVE ( 'NONE', #275, #108, #1729, .T. ) ;
#448 = ORIENTED_EDGE ( 'NONE', *, *, #937, .F. ) ;
#449 = DIMENSIONAL_EXPONENTS ( 1.000000000000000000, 0.000000000000000000, 0.000000000000000000, 0.000000000000000000, 0.000000000000000000, 0.000000000000000000, 0.000000000000000000 ) ;
#450 = DIRECTION ( 'NONE',  ( -1.000000000000000000, 0.000000000000000000, 0.000000000000000000 ) ) ;
#451 = PLANE ( 'NONE',  #2544 ) ;
#452 = ORIENTED_EDGE ( 'NONE', *, *, #2347, .F. ) ;
#453 = CARTESIAN_POINT ( 'NONE',  ( 3.628956476732283054, 0.3333333333333334259, -2.455314961666661411 ) ) ;
#454 = VECTOR ( 'NONE', #1643, 39.37007874015748143 ) ;
#455 = CARTESIAN_POINT ( 'NONE',  ( 3.382112140535949329, 0.2948223304703323500, -2.480314961666667095 ) ) ;
#456 = LINE ( 'NONE', #1497, #1129 ) ;
#457 = ORIENTED_EDGE ( 'NONE', *, *, #1561, .F. ) ;
#458 = CARTESIAN_POINT ( 'NONE',  ( 3.670623143398950017, 0.2500000000000000000, 2.813648295000000132 ) ) ;
#459 = EDGE_CURVE ( 'NONE', #2422, #512, #509, .T. ) ;
#460 = ADVANCED_FACE ( 'NONE', ( #1081, #1533, #697 ), #1345, .F. ) ;
#461 = AXIS2_PLACEMENT_3D ( 'NONE', #2474, #810, #1868 ) ;
#462 = ORIENTED_EDGE ( 'NONE', *, *, #1442, .T. ) ;
#463 = CARTESIAN_POINT ( 'NONE',  ( 3.503956476732283498, 0.9999999966666665019, -1.332020998412073665 ) ) ;
#464 = VECTOR ( 'NONE', #1976, 39.37007874015748143 ) ;
#465 = ORIENTED_EDGE ( 'NONE', *, *, #1466, .T. ) ;
#466 = DIRECTION ( 'NONE',  ( 0.7071067811865479058, -0.7071067811865471286, 0.000000000000000000 ) ) ;
#467 = LINE ( 'NONE', #1043, #126 ) ;
#468 = VECTOR ( 'NONE', #192, 39.37007874015748854 ) ;
#469 = EDGE_LOOP ( 'NONE', ( #772, #2177, #1044, #1849 ) ) ;
#470 = DIRECTION ( 'NONE',  ( 1.000000000000000000, -0.000000000000000000, -0.000000000000000000 ) ) ;
#471 = CARTESIAN_POINT ( 'NONE',  ( 2.165096766083301816, 0.3333333333333345916, -3.163643394475705861 ) ) ;
#472 = CARTESIAN_POINT ( 'NONE',  ( -3.337289810065616980, 0.2500000000000000000, 2.480314961666667095 ) ) ;
#473 = ORIENTED_EDGE ( 'NONE', *, *, #2639, .T. ) ;
#474 = FACE_OUTER_BOUND ( 'NONE', #611, .T. ) ;
#475 = VERTEX_POINT ( 'NONE', #278 ) ;
#476 = CONICAL_SURFACE ( 'NONE', #599, 0.1097500000000001114, 0.7853981633974469467 ) ;
#477 = CARTESIAN_POINT ( 'NONE',  ( 3.503956476732283498, 0.9999999966666665019, -2.480314961666667539 ) ) ;
#478 = ADVANCED_FACE ( 'NONE', ( #2515 ), #2329, .F. ) ;
#479 = AXIS2_PLACEMENT_3D ( 'NONE', #704, #2335, #520 ) ;
#480 = ORIENTED_EDGE ( 'NONE', *, *, #2411, .F. ) ;
#481 = CARTESIAN_POINT ( 'NONE',  ( 3.628956476732283942, 0.8333333299999998722, -2.455314961666662743 ) ) ;
#482 = CARTESIAN_POINT ( 'NONE',  ( -2.848956476732283694, 0.1249999999999995698, 2.646981634895013702 ) ) ;
#483 = ADVANCED_FACE ( 'NONE', ( #1923 ), #1907, .F. ) ;
#484 = EDGE_LOOP ( 'NONE', ( #560, #2455, #1791, #1761 ) ) ;
#485 = CARTESIAN_POINT ( 'NONE',  ( -2.848956476732283694, 0.1499999999999999944, 2.646981634895013702 ) ) ;
#486 = DIRECTION ( 'NONE',  ( 1.000000000000000000, 0.000000000000000000, 0.000000000000000000 ) ) ;
#487 = DIRECTION ( 'NONE',  ( -1.639108796198560889E-15, 0.000000000000000000, -1.000000000000000000 ) ) ;
#488 = EDGE_LOOP ( 'NONE', ( #1871, #1009, #272, #2579 ) ) ;
#489 = EDGE_CURVE ( 'NONE', #1713, #1783, #1519, .T. ) ;
#490 = VECTOR ( 'NONE', #1353, 39.37007874015748854 ) ;
#491 = ORIENTED_EDGE ( 'NONE', *, *, #2590, .F. ) ;
#492 = DIRECTION ( 'NONE',  ( -0.000000000000000000, 1.000000000000000000, -0.000000000000000000 ) ) ;
#493 = ORIENTED_EDGE ( 'NONE', *, *, #574, .F. ) ;
#494 = DIRECTION ( 'NONE',  ( 0.8164965809277332509, -1.249925746149325331E-15, -0.5773502691896155170 ) ) ;
#495 = CARTESIAN_POINT ( 'NONE',  ( 3.503956476732283498, 0.4583333333333331483, -2.455314961666661411 ) ) ;
#496 = VECTOR ( 'NONE', #2519, 39.37007874015748143 ) ;
#497 = ORIENTED_EDGE ( 'NONE', *, *, #1788, .T. ) ;
#498 = EDGE_CURVE ( 'NONE', #2362, #231, #95, .T. ) ;
#499 = LINE ( 'NONE', #1319, #2532 ) ;
#500 = CARTESIAN_POINT ( 'NONE',  ( 3.503956476732283942, 0.7436886690593278448, -2.280314961666660700 ) ) ;
#501 = EDGE_CURVE ( 'NONE', #1789, #1331, #1124, .T. ) ;
#502 = CARTESIAN_POINT ( 'NONE',  ( 3.420623145065617710, 0.4999999966666666684, 2.813648294999999688 ) ) ;
#503 = EDGE_LOOP ( 'NONE', ( #1312, #18, #1585, #2240 ) ) ;
#504 = CARTESIAN_POINT ( 'NONE',  ( -3.162289810065615825, 0.3333333333333333148, 2.771981628333333614 ) ) ;
#505 = ORIENTED_EDGE ( 'NONE', *, *, #2405, .T. ) ;
#506 = LINE ( 'NONE', #477, #23 ) ;
#507 = DIRECTION ( 'NONE',  ( -0.5000000000000029976, -0.5000000000000017764, 0.7071067811865441310 ) ) ;
#508 = ORIENTED_EDGE ( 'NONE', *, *, #1189, .T. ) ;
#509 = LINE ( 'NONE', #2489, #1955 ) ;
#510 = CARTESIAN_POINT ( 'NONE',  ( 3.361278807202620289, 0.000000000000000000, 2.629303958803669516 ) ) ;
#511 = VECTOR ( 'NONE', #1583, 39.37007874015748143 ) ;
#512 = VERTEX_POINT ( 'NONE', #1935 ) ;
#513 = VECTOR ( 'NONE', #1609, 39.37007874015748143 ) ;
#514 = PLANE ( 'NONE',  #833 ) ;
#515 = VECTOR ( 'NONE', #2022, 39.37007874015748143 ) ;
#516 = FACE_OUTER_BOUND ( 'NONE', #424, .T. ) ;
#517 = EDGE_CURVE ( 'NONE', #1518, #275, #63, .T. ) ;
#518 = EDGE_CURVE ( 'NONE', #2601, #367, #897, .T. ) ;
#519 = VECTOR ( 'NONE', #2386, 39.37007874015748143 ) ;
#520 = DIRECTION ( 'NONE',  ( 1.000000000000000000, 0.000000000000000000, 0.000000000000000000 ) ) ;
#521 = EDGE_CURVE ( 'NONE', #2229, #1200, #1738, .T. ) ;
#522 = CARTESIAN_POINT ( 'NONE',  ( 3.503956476732275060, 1.670919464132987198, 0.6564320339385620873 ) ) ;
#523 = FACE_OUTER_BOUND ( 'NONE', #282, .T. ) ;
#524 = AXIS2_PLACEMENT_3D ( 'NONE', #1911, #2101, #298 ) ;
#525 = ORIENTED_EDGE ( 'NONE', *, *, #709, .T. ) ;
#526 = CARTESIAN_POINT ( 'NONE',  ( 3.670623143398950017, 0.4166666616666661049, 2.813648295000000132 ) ) ;
#527 = CARTESIAN_POINT ( 'NONE',  ( 3.628956476732283942, 0.8333333299999998722, -2.280314961666660700 ) ) ;
#528 = VERTEX_POINT ( 'NONE', #2527 ) ;
#529 = DIRECTION ( 'NONE',  ( 0.000000000000000000, 0.000000000000000000, -1.000000000000000000 ) ) ;
#530 = DIRECTION ( 'NONE',  ( -0.000000000000000000, -0.000000000000000000, -1.000000000000000000 ) ) ;
#531 = EDGE_CURVE ( 'NONE', #783, #1981, #722, .T. ) ;
#532 = DIRECTION ( 'NONE',  ( 0.5000000000000098810, -0.5000000000000121014, 0.7071067811865321406 ) ) ;
#533 = VECTOR ( 'NONE', #1158, 39.37007874015748143 ) ;
#534 = DIRECTION ( 'NONE',  ( 0.000000000000000000, 0.000000000000000000, 1.000000000000000000 ) ) ;
#535 = ORIENTED_EDGE ( 'NONE', *, *, #2348, .F. ) ;
#536 = ADVANCED_FACE ( 'NONE', ( #1718 ), #1316, .F. ) ;
#537 = LINE ( 'NONE', #1784, #2191 ) ;
#538 = DIRECTION ( 'NONE',  ( 0.000000000000000000, 0.000000000000000000, -1.000000000000000000 ) ) ;
#539 = ORIENTED_EDGE ( 'NONE', *, *, #2382, .F. ) ;
#540 = CARTESIAN_POINT ( 'NONE',  ( 3.337289810065616980, 0.2500000000000000000, -2.480314961666667095 ) ) ;
#541 = DIRECTION ( 'NONE',  ( -1.000000000000000000, 0.000000000000000000, -2.185478394931407814E-15 ) ) ;
#542 = VECTOR ( 'NONE', #1040, 39.37007874015748143 ) ;
#543 = EDGE_CURVE ( 'NONE', #384, #1554, #2120, .T. ) ;
#544 = CARTESIAN_POINT ( 'NONE',  ( -2.848956476732283694, 0.000000000000000000, 2.646981634895013702 ) ) ;
#545 = ADVANCED_FACE ( 'NONE', ( #51 ), #864, .F. ) ;
#546 = EDGE_LOOP ( 'NONE', ( #94, #1064, #960, #206 ) ) ;
#547 = CARTESIAN_POINT ( 'NONE',  ( -3.087289811732282008, 0.4999999966666666684, 2.480314961666667095 ) ) ;
#548 = CARTESIAN_POINT ( 'NONE',  ( 3.337289810065616980, 0.2500000000000000000, 2.480314961666667095 ) ) ;
#549 = EDGE_CURVE ( 'NONE', #1921, #2559, #2133, .T. ) ;
#550 = ORIENTED_EDGE ( 'NONE', *, *, #1852, .F. ) ;
#551 = LINE ( 'NONE', #2333, #261 ) ;
#552 = VECTOR ( 'NONE', #1142, 39.37007874015748143 ) ;
#553 = ORIENTED_EDGE ( 'NONE', *, *, #318, .T. ) ;
#554 = EDGE_CURVE ( 'NONE', #584, #1646, #1590, .T. ) ;
#555 = LINE ( 'NONE', #1219, #2581 ) ;
#556 = CARTESIAN_POINT ( 'NONE',  ( -3.162289810065615825, 0.4583333333333332593, 2.646981628333334058 ) ) ;
#557 = ORIENTED_EDGE ( 'NONE', *, *, #1574, .F. ) ;
#558 = DIRECTION ( 'NONE',  ( 0.000000000000000000, 0.7071067811865476838, 0.7071067811865473507 ) ) ;
#559 = DIRECTION ( 'NONE',  ( -9.486615919492209704E-15, 0.5773502691896301720, 0.8164965809277228148 ) ) ;
#560 = ORIENTED_EDGE ( 'NONE', *, *, #928, .F. ) ;
#561 = DIRECTION ( 'NONE',  ( 0.000000000000000000, 1.000000000000000000, 0.000000000000000000 ) ) ;
#562 = ORIENTED_EDGE ( 'NONE', *, *, #2622, .T. ) ;
#563 = CARTESIAN_POINT ( 'NONE',  ( 3.503956476732283498, 0.9999999966666665019, -1.646981628333333614 ) ) ;
#564 = ORIENTED_EDGE ( 'NONE', *, *, #428, .T. ) ;
#565 = CARTESIAN_POINT ( 'NONE',  ( 3.670623143398950017, 0.9999999966666665019, -1.646981628333333614 ) ) ;
#566 = LINE ( 'NONE', #1028, #468 ) ;
#567 = ORIENTED_EDGE ( 'NONE', *, *, #1085, .F. ) ;
#568 = DIRECTION ( 'NONE',  ( 3.877974750873535770E-15, 0.8164965809277284770, -0.5773502691896222894 ) ) ;
#569 = DIRECTION ( 'NONE',  ( -0.000000000000000000, 1.000000000000000000, -0.000000000000000000 ) ) ;
#570 = EDGE_CURVE ( 'NONE', #681, #1506, #969, .T. ) ;
#571 = PRODUCT ( 'big_L', 'big_L', '', ( #111 ) ) ;
#572 = ORIENTED_EDGE ( 'NONE', *, *, #2622, .F. ) ;
#573 = CARTESIAN_POINT ( 'NONE',  ( 3.628956476732283942, 0.8333333299999998722, -2.305314961666661944 ) ) ;
#574 = EDGE_CURVE ( 'NONE', #2245, #209, #1184, .T. ) ;
#575 = CONICAL_SURFACE ( 'NONE', #280, 0.1097500000000001114, 0.7853981633974469467 ) ;
#576 = CARTESIAN_POINT ( 'NONE',  ( 3.503956483293963586, 0.1499999999999999944, 2.170314961666665710 ) ) ;
#577 = PLANE ( 'NONE',  #826 ) ;
#578 = ORIENTED_EDGE ( 'NONE', *, *, #370, .T. ) ;
#579 = AXIS2_PLACEMENT_3D ( 'NONE', #1426, #2197, #375 ) ;
#580 = DIRECTION ( 'NONE',  ( 0.000000000000000000, 0.000000000000000000, -1.000000000000000000 ) ) ;
#581 = DIRECTION ( 'NONE',  ( 0.000000000000000000, 0.000000000000000000, 1.000000000000000000 ) ) ;
#582 = ORIENTED_EDGE ( 'NONE', *, *, #910, .F. ) ;
#583 = DIRECTION ( 'NONE',  ( 0.7071067811865474617, 0.000000000000000000, 0.7071067811865474617 ) ) ;
#584 = VERTEX_POINT ( 'NONE', #1172 ) ;
#585 = DIRECTION ( 'NONE',  ( 0.000000000000000000, -0.000000000000000000, -1.000000000000000000 ) ) ;
#586 = ADVANCED_FACE ( 'NONE', ( #735 ), #1146, .T. ) ;
#587 = CIRCLE ( 'NONE', #1149, 0.1550000000000009426 ) ;
#588 = PLANE ( 'NONE',  #1329 ) ;
#589 = EDGE_CURVE ( 'NONE', #868, #250, #167, .T. ) ;
#590 = AXIS2_PLACEMENT_3D ( 'NONE', #96, #2160, #1317 ) ;
#591 = LINE ( 'NONE', #981, #1425 ) ;
#592 = EDGE_LOOP ( 'NONE', ( #141, #1502, #827, #725 ) ) ;
#593 = DIRECTION ( 'NONE',  ( -0.000000000000000000, -1.000000000000000000, -0.000000000000000000 ) ) ;
#594 = DIRECTION ( 'NONE',  ( 0.7071067811865491270, 0.7071067811865459074, 0.000000000000000000 ) ) ;
#595 = ORIENTED_EDGE ( 'NONE', *, *, #829, .F. ) ;
#596 = DIRECTION ( 'NONE',  ( -0.000000000000000000, -1.000000000000000000, -0.000000000000000000 ) ) ;
#597 = DIRECTION ( 'NONE',  ( -0.7071067811865487940, -0.7071067811865462405, -6.705317694378600346E-30 ) ) ;
#598 = ORIENTED_EDGE ( 'NONE', *, *, #1552, .T. ) ;
#599 = AXIS2_PLACEMENT_3D ( 'NONE', #2028, #991, #1606 ) ;
#600 = ORIENTED_EDGE ( 'NONE', *, *, #1324, .F. ) ;
#601 = CARTESIAN_POINT ( 'NONE',  ( -3.312289810065616180, 0.3333333333333333148, 2.521981628333334058 ) ) ;
#602 = EDGE_CURVE ( 'NONE', #352, #1183, #1745, .T. ) ;
#603 = DIRECTION ( 'NONE',  ( -0.4999999999999997224, -0.4999999999999968914, 0.7071067811865500152 ) ) ;
#604 = ORIENTED_EDGE ( 'NONE', *, *, #1321, .F. ) ;
#605 = CARTESIAN_POINT ( 'NONE',  ( 3.503956483293963586, 0.1499999999999999944, 2.170314961666665710 ) ) ;
#606 = ADVANCED_FACE ( 'NONE', ( #1982 ), #2184, .F. ) ;
#607 = ORIENTED_EDGE ( 'NONE', *, *, #1836, .T. ) ;
#608 = DIRECTION ( 'NONE',  ( 0.000000000000000000, 0.000000000000000000, -1.000000000000000000 ) ) ;
#609 = LINE ( 'NONE', #1412, #727 ) ;
#610 = ADVANCED_FACE ( 'NONE', ( #321 ), #1134, .F. ) ;
#611 = EDGE_LOOP ( 'NONE', ( #1885, #1268, #1145, #2036 ) ) ;
#612 = CARTESIAN_POINT ( 'NONE',  ( 3.628956476732283942, 0.2000000000000000111, 2.646981628333333170 ) ) ;
#613 = CARTESIAN_POINT ( 'NONE',  ( 3.337289810065616980, 0.1499999999999999944, 2.480314961666667095 ) ) ;
#614 = VECTOR ( 'NONE', #71, 39.37007874015748143 ) ;
#615 = ORIENTED_EDGE ( 'NONE', *, *, #1979, .F. ) ;
#616 = DIRECTION ( 'NONE',  ( 0.4999999999999967248, 0.4999999999999965028, 0.7071067811865523467 ) ) ;
#617 = PLANE ( 'NONE',  #93 ) ;
#618 = PLANE ( 'NONE',  #892 ) ;
#619 = ORIENTED_EDGE ( 'NONE', *, *, #447, .T. ) ;
#621 = VECTOR ( 'NONE', #296, 39.37007874015748143 ) ;
#620 = CARTESIAN_POINT ( 'NONE',  ( 3.298778807202615848, 0.2885110028630012979, -2.480314961666667095 ) ) ;
#622 = AXIS2_PLACEMENT_3D ( 'NONE', #966, #532, #161 ) ;
#623 = EDGE_LOOP ( 'NONE', ( #145, #2012, #90, #2299 ) ) ;
#624 = CARTESIAN_POINT ( 'NONE',  ( 3.670623143398950017, 0.9999999966666665019, -2.480314961666667095 ) ) ;
#625 = EDGE_CURVE ( 'NONE', #1824, #2090, #343, .T. ) ;
#626 = ORIENTED_EDGE ( 'NONE', *, *, #1423, .F. ) ;
#627 = CARTESIAN_POINT ( 'NONE',  ( 3.503956476732283498, 0.9583333300000002053, -2.280314961666660700 ) ) ;
#628 = FACE_OUTER_BOUND ( 'NONE', #88, .T. ) ;
#629 = ADVANCED_FACE ( 'NONE', ( #766 ), #1973, .F. ) ;
#630 = EDGE_LOOP ( 'NONE', ( #1256, #1238, #1080, #1906 ) ) ;
#631 = VERTEX_POINT ( 'NONE', #2159 ) ;
#632 = CARTESIAN_POINT ( 'NONE',  ( -3.087289811732282008, 0.4999999966666666684, 2.813648295000000132 ) ) ;
#633 = CARTESIAN_POINT ( 'NONE',  ( 3.503956476732283942, 0.9936886690593342841, -2.480314961666667095 ) ) ;
#634 = VECTOR ( 'NONE', #2578, 39.37007874015748854 ) ;
#635 = FACE_OUTER_BOUND ( 'NONE', #306, .T. ) ;
#636 = CIRCLE ( 'NONE', #1786, 0.3149606299212598381 ) ;
#637 = EDGE_LOOP ( 'NONE', ( #238, #964, #355, #75 ) ) ;
#638 = AXIS2_PLACEMENT_3D ( 'NONE', #746, #1148, #2169 ) ;
#639 = PLANE ( 'NONE',  #1489 ) ;
#640 = PLANE ( 'NONE',  #417 ) ;
#641 = VERTEX_POINT ( 'NONE', #1762 ) ;
#642 = DIRECTION ( 'NONE',  ( -0.7071067811865487940, 0.7071067811865462405, 0.000000000000000000 ) ) ;
#643 = CARTESIAN_POINT ( 'NONE',  ( 3.378956476732283942, 0.02499999999999986955, 2.646981628333333170 ) ) ;
#644 = VERTEX_POINT ( 'NONE', #547 ) ;
#645 = ORIENTED_EDGE ( 'NONE', *, *, #2143, .T. ) ;
#646 = CARTESIAN_POINT ( 'NONE',  ( 1.540489241229132888, -1.540489241229138662, -2.280314961666661144 ) ) ;
#647 = VECTOR ( 'NONE', #1722, 39.37007874015748143 ) ;
#648 = EDGE_CURVE ( 'NONE', #2373, #1283, #777, .T. ) ;
#649 = DIRECTION ( 'NONE',  ( 1.639108796198560889E-15, 0.000000000000000000, 1.000000000000000000 ) ) ;
#650 = CARTESIAN_POINT ( 'NONE',  ( 0.000000000000000000, 0.4999999966666666684, 0.000000000000000000 ) ) ;
#651 = ORIENTED_EDGE ( 'NONE', *, *, #489, .F. ) ;
#652 = DIRECTION ( 'NONE',  ( 1.000000000000000000, -0.000000000000000000, 0.000000000000000000 ) ) ;
#653 = DIRECTION ( 'NONE',  ( 0.000000000000000000, -1.000000000000000000, 0.000000000000000000 ) ) ;
#654 = EDGE_LOOP ( 'NONE', ( #340, #1963, #493, #1292 ) ) ;
#655 = CARTESIAN_POINT ( 'NONE',  ( -2.848956476732283694, 0.1499999999999999944, 2.646981634895013702 ) ) ;
#656 = CARTESIAN_POINT ( 'NONE',  ( 3.670623143398950017, 0.2500000000000000000, 2.813648295000000132 ) ) ;
#657 = VECTOR ( 'NONE', #1650, 39.37007874015748143 ) ;
#658 = ORIENTED_EDGE ( 'NONE', *, *, #2513, .T. ) ;
#659 = ORIENTED_EDGE ( 'NONE', *, *, #164, .F. ) ;
#660 = VECTOR ( 'NONE', #2019, 39.37007874015748854 ) ;
#661 = DIRECTION ( 'NONE',  ( 0.7071067811865473507, -0.7071067811865476838, 3.090733186385379232E-15 ) ) ;
#662 = EDGE_CURVE ( 'NONE', #1764, #384, #1566, .T. ) ;
#663 = CARTESIAN_POINT ( 'NONE',  ( 3.503956476732283498, 0.9999999966666665019, -1.961942258254593341 ) ) ;
#664 = ORIENTED_EDGE ( 'NONE', *, *, #2246, .T. ) ;
#665 = CARTESIAN_POINT ( 'NONE',  ( -2.693956476732282557, 0.2500000000000000000, 2.480314961666667095 ) ) ;
#666 = ORIENTED_EDGE ( 'NONE', *, *, #1266, .T. ) ;
#667 = CARTESIAN_POINT ( 'NONE',  ( 3.503956476732283498, 0.2500000000000000000, -0.8136482949999999104 ) ) ;
#668 = VECTOR ( 'NONE', #673, 39.37007874015748143 ) ;
#669 = ORIENTED_EDGE ( 'NONE', *, *, #1309, .T. ) ;
#670 = DIRECTION ( 'NONE',  ( 0.7071067811865473507, -0.7071067811865476838, 0.000000000000000000 ) ) ;
#671 = CARTESIAN_POINT ( 'NONE',  ( 3.503956476732283942, 0.02499999999999986955, 2.771981628333333170 ) ) ;
#672 = ORIENTED_EDGE ( 'NONE', *, *, #742, .F. ) ;
#673 = DIRECTION ( 'NONE',  ( -0.000000000000000000, -1.000000000000000000, -0.000000000000000000 ) ) ;
#674 = VECTOR ( 'NONE', #821, 39.37007874015748143 ) ;
#675 = PLANE ( 'NONE',  #1632 ) ;
#676 = EDGE_CURVE ( 'NONE', #1620, #2399, #537, .T. ) ;
#677 = FACE_OUTER_BOUND ( 'NONE', #1938, .T. ) ;
#678 = ORIENTED_EDGE ( 'NONE', *, *, #1147, .T. ) ;
#679 = CARTESIAN_POINT ( 'NONE',  ( 0.000000000000000000, 0.4999999966666666684, 0.000000000000000000 ) ) ;
#680 = AXIS2_PLACEMENT_3D ( 'NONE', #1491, #1332, #2136 ) ;
#681 = VERTEX_POINT ( 'NONE', #1797 ) ;
#682 = EDGE_CURVE ( 'NONE', #1274, #703, #1375, .T. ) ;
#683 = FACE_OUTER_BOUND ( 'NONE', #846, .T. ) ;
#684 = ORIENTED_EDGE ( 'NONE', *, *, #1132, .F. ) ;
#685 = CARTESIAN_POINT ( 'NONE',  ( -2.848956476732283694, 0.1249999999999995698, 2.646981634895013702 ) ) ;
#686 = CARTESIAN_POINT ( 'NONE',  ( -3.312289810065616180, 0.2083333333333333981, 2.646981628333334058 ) ) ;
#687 = UNCERTAINTY_MEASURE_WITH_UNIT (LENGTH_MEASURE( 1.000000000000000082E-05 ), #1734, 'distance_accuracy_value', 'NONE');
#688 = ORIENTED_EDGE ( 'NONE', *, *, #602, .T. ) ;
#689 = CARTESIAN_POINT ( 'NONE',  ( 3.503956476732283498, 0.7083333299999999833, -2.305314961666661944 ) ) ;
#690 = CARTESIAN_POINT ( 'NONE',  ( 3.503956476732283498, 0.9999999966666663909, -0.8136482950000002434 ) ) ;
#691 = CARTESIAN_POINT ( 'NONE',  ( 3.503956476732283942, 0.1750000000000001554, 2.521981628333333614 ) ) ;
#692 = ORIENTED_EDGE ( 'NONE', *, *, #2602, .F. ) ;
#693 = ORIENTED_EDGE ( 'NONE', *, *, #123, .T. ) ;
#694 = FILL_AREA_STYLE_COLOUR ( '', #963 ) ;
#695 = EDGE_CURVE ( 'NONE', #2414, #1091, #1774, .T. ) ;
#696 = ORIENTED_EDGE ( 'NONE', *, *, #1339, .T. ) ;
#697 = FACE_OUTER_BOUND ( 'NONE', #1288, .T. ) ;
#698 = PLANE ( 'NONE',  #1503 ) ;
#699 = EDGE_LOOP ( 'NONE', ( #1107, #1633, #1396, #1610 ) ) ;
#700 = DIRECTION ( 'NONE',  ( 3.278217463333431854E-15, -0.000000000000000000, -1.000000000000000000 ) ) ;
#701 = PLANE ( 'NONE',  #733 ) ;
#702 = LINE ( 'NONE', #1524, #955 ) ;
#703 = VERTEX_POINT ( 'NONE', #2560 ) ;
#704 = CARTESIAN_POINT ( 'NONE',  ( 0.000000000000000000, 0.000000000000000000, 0.000000000000000000 ) ) ;
#705 = VERTEX_POINT ( 'NONE', #745 ) ;
#706 = SURFACE_STYLE_USAGE ( .BOTH. , #2525 ) ;
#707 = EDGE_LOOP ( 'NONE', ( #330, #2219, #744, #2627 ) ) ;
#708 = DIRECTION ( 'NONE',  ( -1.000000000000000000, 0.000000000000000000, 0.000000000000000000 ) ) ;
#709 = EDGE_CURVE ( 'NONE', #108, #1493, #1366, .T. ) ;
#710 = ADVANCED_FACE ( 'NONE', ( #958 ), #2611, .F. ) ;
#711 = FACE_OUTER_BOUND ( 'NONE', #779, .T. ) ;
#712 = VECTOR ( 'NONE', #1057, 39.37007874015748854 ) ;
#713 = VECTOR ( 'NONE', #2512, 39.37007874015748143 ) ;
#714 = VERTEX_POINT ( 'NONE', #1839 ) ;
#715 = DIRECTION ( 'NONE',  ( -0.000000000000000000, 1.000000000000000000, -0.000000000000000000 ) ) ;
#716 = EDGE_CURVE ( 'NONE', #352, #893, #418, .T. ) ;
#717 = DIRECTION ( 'NONE',  ( 1.000000000000000000, -0.000000000000000000, -0.000000000000000000 ) ) ;
#718 = DIRECTION ( 'NONE',  ( 3.278217463333431854E-15, -0.000000000000000000, -1.000000000000000000 ) ) ;
#719 = ADVANCED_FACE ( 'NONE', ( #2220 ), #5, .F. ) ;
#720 = DIRECTION ( 'NONE',  ( -0.000000000000000000, -0.000000000000000000, 1.000000000000000000 ) ) ;
#721 = ORIENTED_EDGE ( 'NONE', *, *, #549, .F. ) ;
#722 = LINE ( 'NONE', #1881, #1334 ) ;
#723 = FACE_BOUND ( 'NONE', #1521, .T. ) ;
#724 = AXIS2_PLACEMENT_3D ( 'NONE', #2188, #989, #1247 ) ;
#725 = ORIENTED_EDGE ( 'NONE', *, *, #2162, .F. ) ;
#726 = CARTESIAN_POINT ( 'NONE',  ( -2.848956476732283694, 0.1500000000000000500, 2.646981634895013702 ) ) ;
#727 = VECTOR ( 'NONE', #1614, 39.37007874015748854 ) ;
#728 = CARTESIAN_POINT ( 'NONE',  ( 3.503956476732283498, 0.9999999966666665019, -1.961942258254593341 ) ) ;
#729 = EDGE_CURVE ( 'NONE', #2620, #442, #1197, .T. ) ;
#730 = CARTESIAN_POINT ( 'NONE',  ( 3.670623143398950017, 0.9999999966666665019, -2.146981628333333614 ) ) ;
#731 = CARTESIAN_POINT ( 'NONE',  ( -3.337289810065616980, 0.4936886723926618981, 2.646981628333334058 ) ) ;
#732 = EDGE_CURVE ( 'NONE', #1076, #1368, #31, .T. ) ;
#733 = AXIS2_PLACEMENT_3D ( 'NONE', #690, #1101, #486 ) ;
#734 = EDGE_LOOP ( 'NONE', ( #2459, #2020, #1062, #1796 ) ) ;
#735 = FACE_OUTER_BOUND ( 'NONE', #469, .T. ) ;
#736 = CARTESIAN_POINT ( 'NONE',  ( 3.337289810065616980, 0.4166666616666661049, 2.480314961666667095 ) ) ;
#737 = ORIENTED_EDGE ( 'NONE', *, *, #1715, .T. ) ;
#738 = DIRECTION ( 'NONE',  ( -0.7071067811865487940, 0.7071067811865462405, -3.090733186385379232E-15 ) ) ;
#739 = EDGE_CURVE ( 'NONE', #854, #1518, #402, .T. ) ;
#740 = DIRECTION ( 'NONE',  ( 0.000000000000000000, 0.000000000000000000, -1.000000000000000000 ) ) ;
#741 = VECTOR ( 'NONE', #534, 39.37007874015748143 ) ;
#742 = EDGE_CURVE ( 'NONE', #1112, #1589, #2441, .T. ) ;
#743 = DIRECTION ( 'NONE',  ( 0.000000000000000000, 0.000000000000000000, -1.000000000000000000 ) ) ;
#744 = ORIENTED_EDGE ( 'NONE', *, *, #965, .T. ) ;
#745 = CARTESIAN_POINT ( 'NONE',  ( 3.337289810065617424, 0.2500000000000000000, 2.813648295000000132 ) ) ;
#746 = CARTESIAN_POINT ( 'NONE',  ( -3.137289810065616802, 0.4583333333333332593, 2.646981628333334058 ) ) ;
#747 = ORIENTED_EDGE ( 'NONE', *, *, #2590, .T. ) ;
#748 = DIRECTION ( 'NONE',  ( 1.000000000000000000, 0.000000000000000000, 0.000000000000000000 ) ) ;
#749 =( GEOMETRIC_REPRESENTATION_CONTEXT ( 3 ) GLOBAL_UNCERTAINTY_ASSIGNED_CONTEXT ( ( #1083 ) ) GLOBAL_UNIT_ASSIGNED_CONTEXT ( ( #360, #1991, #929 ) ) REPRESENTATION_CONTEXT ( 'NONE', 'WORKASPACE' ) );
#750 = ORIENTED_EDGE ( 'NONE', *, *, #2361, .F. ) ;
#751 = DIRECTION ( 'NONE',  ( 1.000000000000000000, 0.000000000000000000, 0.000000000000000000 ) ) ;
#752 = CARTESIAN_POINT ( 'NONE',  ( 1.873822574562471477, 1.873822574562467702, -2.280314961666667806 ) ) ;
#753 = EDGE_LOOP ( 'NONE', ( #1582, #1858, #1096, #1855 ) ) ;
#754 = DIRECTION ( 'NONE',  ( 1.000000000000000000, 0.000000000000000000, 0.000000000000000000 ) ) ;
#755 = CARTESIAN_POINT ( 'NONE',  ( 3.378956476732283054, 0.3333333333333333148, -2.305314961666661944 ) ) ;
#756 = ORIENTED_EDGE ( 'NONE', *, *, #1179, .T. ) ;
#757 = AXIS2_PLACEMENT_3D ( 'NONE', #1227, #196, #1017 ) ;
#758 = CARTESIAN_POINT ( 'NONE',  ( -3.137289810065616802, 1.445335150362995646, 1.445335150362995646 ) ) ;
#759 = AXIS2_PLACEMENT_3D ( 'NONE', #202, #1204, #1654 ) ;
#760 = VECTOR ( 'NONE', #344, 39.37007874015748854 ) ;
#761 = ORIENTED_EDGE ( 'NONE', *, *, #602, .F. ) ;
#762 = AXIS2_PLACEMENT_3D ( 'NONE', #1750, #1946, #1385 ) ;
#763 = LINE ( 'NONE', #2144, #1712 ) ;
#764 = PLANE ( 'NONE',  #2003 ) ;
#765 = VERTEX_POINT ( 'NONE', #1853 ) ;
#766 = FACE_OUTER_BOUND ( 'NONE', #2427, .T. ) ;
#767 = CARTESIAN_POINT ( 'NONE',  ( -2.848956476732283694, 0.1499999999999999944, 2.562231634895014043 ) ) ;
#768 = EDGE_CURVE ( 'NONE', #2620, #2295, #790, .T. ) ;
#769 = VECTOR ( 'NONE', #2231, 39.37007874015748143 ) ;
#770 = VERTEX_POINT ( 'NONE', #1657 ) ;
#771 = LINE ( 'NONE', #1603, #1665 ) ;
#772 = ORIENTED_EDGE ( 'NONE', *, *, #2277, .T. ) ;
#773 = CARTESIAN_POINT ( 'NONE',  ( 3.378956476732283498, 0.8333333300000006494, -2.305314961666662388 ) ) ;
#774 = CARTESIAN_POINT ( 'NONE',  ( 3.503956476732283498, 0.2083333333333333426, -2.280314961666660700 ) ) ;
#775 = ORIENTED_EDGE ( 'NONE', *, *, #1103, .T. ) ;
#776 = AXIS2_PLACEMENT_3D ( 'NONE', #1944, #2535, #917 ) ;
#777 = LINE ( 'NONE', #2598, #2080 ) ;
#778 = LINE ( 'NONE', #767, #515 ) ;
#779 = EDGE_LOOP ( 'NONE', ( #1381, #173, #2613, #1041 ) ) ;
#780 = EDGE_CURVE ( 'NONE', #255, #2620, #2009, .T. ) ;
#781 = DIRECTION ( 'NONE',  ( 0.000000000000000000, 0.000000000000000000, 1.000000000000000000 ) ) ;
#782 = ADVANCED_FACE ( 'NONE', ( #835 ), #1027, .F. ) ;
#783 = VERTEX_POINT ( 'NONE', #848 ) ;
#784 = DIRECTION ( 'NONE',  ( -1.000000000000000000, 0.000000000000000000, 1.639108731666715927E-15 ) ) ;
#785 = CARTESIAN_POINT ( 'NONE',  ( -3.337289810065616980, 0.4999999966666666684, 2.813648295000000132 ) ) ;
#786 = CARTESIAN_POINT ( 'NONE',  ( 3.503956476732283942, 0.4936886723926683929, -2.480314961666667095 ) ) ;
#787 = ADVANCED_FACE ( 'NONE', ( #2629 ), #639, .T. ) ;
#788 = ORIENTED_EDGE ( 'NONE', *, *, #973, .F. ) ;
#789 = VECTOR ( 'NONE', #2175, 39.37007874015748143 ) ;
#790 = LINE ( 'NONE', #207, #2161 ) ;
#791 = LINE ( 'NONE', #1985, #1787 ) ;
#792 = ORIENTED_EDGE ( 'NONE', *, *, #2263, .F. ) ;
#793 = CARTESIAN_POINT ( 'NONE',  ( 3.337289810065617424, 0.4999999966666666684, 2.813648294999999688 ) ) ;
#794 = DIRECTION ( 'NONE',  ( -0.8164965809277228148, 0.5773502691896301720, 9.486615919492182883E-15 ) ) ;
#795 = AXIS2_PLACEMENT_3D ( 'NONE', #291, #2286, #1097 ) ;
#796 = ORIENTED_EDGE ( 'NONE', *, *, #194, .T. ) ;
#797 = EDGE_LOOP ( 'NONE', ( #1099, #1749, #775, #2026 ) ) ;
#798 = PLANE ( 'NONE',  #1295 ) ;
#799 = AXIS2_PLACEMENT_3D ( 'NONE', #1843, #569, #183 ) ;
#800 = ADVANCED_FACE ( 'NONE', ( #2456 ), #1455, .F. ) ;
#801 = LINE ( 'NONE', #576, #976 ) ;
#802 = ORIENTED_EDGE ( 'NONE', *, *, #1788, .F. ) ;
#803 = AXIS2_PLACEMENT_3D ( 'NONE', #527, #1346, #594 ) ;
#804 = ADVANCED_FACE ( 'NONE', ( #2429 ), #1223, .F. ) ;
#805 = LINE ( 'NONE', #1240, #660 ) ;
#806 = ORIENTED_EDGE ( 'NONE', *, *, #70, .F. ) ;
#807 = CARTESIAN_POINT ( 'NONE',  ( 1.290489242895802136, -1.290489242895805244, -2.280314961666661144 ) ) ;
#808 = PLANE ( 'NONE',  #84 ) ;
#809 = EDGE_LOOP ( 'NONE', ( #54, #1725, #25, #2632 ) ) ;
#810 = DIRECTION ( 'NONE',  ( -0.000000000000000000, 1.000000000000000000, -0.000000000000000000 ) ) ;
#811 = PLANE ( 'NONE',  #757 ) ;
#812 = ORIENTED_EDGE ( 'NONE', *, *, #459, .F. ) ;
#813 = VECTOR ( 'NONE', #1804, 39.37007874015748854 ) ;
#814 = ORIENTED_EDGE ( 'NONE', *, *, #1252, .T. ) ;
#815 = CARTESIAN_POINT ( 'NONE',  ( 3.503956483293963586, 0.2500000000000000000, 2.170314961666665710 ) ) ;
#816 = ADVANCED_FACE ( 'NONE', ( #387 ), #233, .F. ) ;
#817 = DIRECTION ( 'NONE',  ( 1.000000000000000000, 0.000000000000000000, 0.000000000000000000 ) ) ;
#818 = DIRECTION ( 'NONE',  ( -0.7071067811865473507, -0.7071067811865476838, -3.944304526105059027E-31 ) ) ;
#819 = ORIENTED_EDGE ( 'NONE', *, *, #2388, .F. ) ;
#820 = EDGE_CURVE ( 'NONE', #904, #434, #1613, .T. ) ;
#821 = DIRECTION ( 'NONE',  ( -0.7071067811865483499, -0.7071067811865466846, 0.000000000000000000 ) ) ;
#822 = LINE ( 'NONE', #1644, #1190 ) ;
#823 = ORIENTED_EDGE ( 'NONE', *, *, #951, .T. ) ;
#824 = DIRECTION ( 'NONE',  ( -1.000000000000000000, -0.000000000000000000, -0.000000000000000000 ) ) ;
#825 = DIRECTION ( 'NONE',  ( 0.000000000000000000, 1.000000000000000000, 0.000000000000000000 ) ) ;
#826 = AXIS2_PLACEMENT_3D ( 'NONE', #605, #385, #1182 ) ;
#827 = ORIENTED_EDGE ( 'NONE', *, *, #625, .T. ) ;
#828 = CARTESIAN_POINT ( 'NONE',  ( 3.503956476732283498, 0.2083333333333333148, -2.305314961666661500 ) ) ;
#829 = EDGE_CURVE ( 'NONE', #1925, #2373, #1411, .T. ) ;
#830 = DIRECTION ( 'NONE',  ( 0.4999999999999924505, -0.4999999999999947264, 0.7071067811865566766 ) ) ;
#831 = LINE ( 'NONE', #411, #2369 ) ;
#833 = AXIS2_PLACEMENT_3D ( 'NONE', #1117, #1899, #2100 ) ;
#832 = DIRECTION ( 'NONE',  ( -0.7071067811865454633, 0.7071067811865494601, 0.000000000000000000 ) ) ;
#834 = ORIENTED_EDGE ( 'NONE', *, *, #397, .T. ) ;
#835 = FACE_OUTER_BOUND ( 'NONE', #1918, .T. ) ;
#836 = LINE ( 'NONE', #419, #2293 ) ;
#837 = ORIENTED_EDGE ( 'NONE', *, *, #2476, .F. ) ;
#838 = CARTESIAN_POINT ( 'NONE',  ( 3.337289810065616980, 0.2500000000000000000, -2.146981628333333614 ) ) ;
#839 = LINE ( 'NONE', #2575, #297 ) ;
#840 = ORIENTED_EDGE ( 'NONE', *, *, #1847, .F. ) ;
#841 = ORIENTED_EDGE ( 'NONE', *, *, #34, .T. ) ;
#842 = FACE_OUTER_BOUND ( 'NONE', #1720, .T. ) ;
#843 = CARTESIAN_POINT ( 'NONE',  ( 3.670623143398950017, 0.9999999966666663909, -0.8136482950000002434 ) ) ;
#844 = CIRCLE ( 'NONE', #1401, 0.1550000000000003875 ) ;
#845 = LINE ( 'NONE', #444, #1587 ) ;
#846 = EDGE_LOOP ( 'NONE', ( #1851, #2587, #267, #349 ) ) ;
#847 = AXIS2_PLACEMENT_3D ( 'NONE', #332, #1578, #1367 ) ;
#848 = CARTESIAN_POINT ( 'NONE',  ( 3.628956476732283054, 0.3333333333333333148, -2.305314961666661500 ) ) ;
#849 = LINE ( 'NONE', #2076, #1581 ) ;
#850 = ORIENTED_EDGE ( 'NONE', *, *, #39, .F. ) ;
#851 = LINE ( 'NONE', #2258, #1496 ) ;
#852 = EDGE_CURVE ( 'NONE', #1789, #1602, #1735, .T. ) ;
#853 = CARTESIAN_POINT ( 'NONE',  ( -2.848956476732283694, 0.2500000000000000000, 2.646981634895013702 ) ) ;
#854 = VERTEX_POINT ( 'NONE', #1716 ) ;
#855 = EDGE_LOOP ( 'NONE', ( #2340, #2536, #2110, #2004 ) ) ;
#856 = EDGE_CURVE ( 'NONE', #401, #250, #916, .T. ) ;
#857 = CARTESIAN_POINT ( 'NONE',  ( 3.670623143398950017, 0.9999999966666663909, -0.8136482950000002434 ) ) ;
#858 = AXIS2_PLACEMENT_3D ( 'NONE', #650, #2485, #2454 ) ;
#859 = EDGE_LOOP ( 'NONE', ( #2094, #2434, #1673, #882, #36, #1438, #1515, #2257, #819 ) ) ;
#860 = PLANE ( 'NONE',  #858 ) ;
#861 = VERTEX_POINT ( 'NONE', #877 ) ;
#862 = LINE ( 'NONE', #302, #1861 ) ;
#863 = ORIENTED_EDGE ( 'NONE', *, *, #2462, .F. ) ;
#864 = PLANE ( 'NONE',  #86 ) ;
#865 = DIRECTION ( 'NONE',  ( -0.000000000000000000, -0.000000000000000000, 1.000000000000000000 ) ) ;
#866 = ADVANCED_FACE ( 'NONE', ( #246 ), #1702, .F. ) ;
#867 = EDGE_CURVE ( 'NONE', #98, #528, #446, .T. ) ;
#868 = VERTEX_POINT ( 'NONE', #667 ) ;
#869 = ORIENTED_EDGE ( 'NONE', *, *, #1018, .T. ) ;
#870 = VECTOR ( 'NONE', #720, 39.37007874015748143 ) ;
#871 = CARTESIAN_POINT ( 'NONE',  ( 3.587289808398950619, 0.4999999966666666684, 2.730314960000000735 ) ) ;
#872 = EDGE_CURVE ( 'NONE', #1506, #2234, #1688, .T. ) ;
#873 = CARTESIAN_POINT ( 'NONE',  ( -3.312289810065616180, 0.4583333333333332593, 2.646981628333334058 ) ) ;
#874 = ORIENTED_EDGE ( 'NONE', *, *, #1152, .F. ) ;
#875 = LINE ( 'NONE', #1672, #1927 ) ;
#876 = ORIENTED_EDGE ( 'NONE', *, *, #1106, .T. ) ;
#877 = CARTESIAN_POINT ( 'NONE',  ( -2.848956476732283694, 0.1499999999999999944, 2.801981634895014395 ) ) ;
#878 = VECTOR ( 'NONE', #1510, 39.37007874015748854 ) ;
#879 = ORIENTED_EDGE ( 'NONE', *, *, #2388, .T. ) ;
#880 = DIRECTION ( 'NONE',  ( 0.4999999999999935607, 0.4999999999999941158, 0.7071067811865562325 ) ) ;
#881 = DIRECTION ( 'NONE',  ( 0.000000000000000000, 0.000000000000000000, 1.000000000000000000 ) ) ;
#882 = ORIENTED_EDGE ( 'NONE', *, *, #1103, .F. ) ;
#883 = LINE ( 'NONE', #1708, #878 ) ;
#884 = DIRECTION ( 'NONE',  ( 0.000000000000000000, 0.7071067811865429098, -0.7071067811865522357 ) ) ;
#885 = CARTESIAN_POINT ( 'NONE',  ( 3.337289810065616980, 0.000000000000000000, -2.480314961666667095 ) ) ;
#886 = VERTEX_POINT ( 'NONE', #76 ) ;
#887 = VECTOR ( 'NONE', #2432, 39.37007874015748854 ) ;
#888 = ORIENTED_EDGE ( 'NONE', *, *, #1339, .F. ) ;
#889 = CARTESIAN_POINT ( 'NONE',  ( 3.503956476732291048, 1.330444607172510674, -1.511862470689092852 ) ) ;
#890 = EDGE_CURVE ( 'NONE', #1126, #166, #1471, .T. ) ;
#891 = ADVANCED_FACE ( 'NONE', ( #683 ), #1504, .F. ) ;
#892 = AXIS2_PLACEMENT_3D ( 'NONE', #1436, #2057, #1835 ) ;
#893 = VERTEX_POINT ( 'NONE', #2105 ) ;
#894 = CARTESIAN_POINT ( 'NONE',  ( -2.848956476732283694, 0.1500000000000000500, 2.646981634895013702 ) ) ;
#895 = LINE ( 'NONE', #1459, #293 ) ;
#896 = EDGE_CURVE ( 'NONE', #1646, #1975, #1094, .T. ) ;
#897 = CIRCLE ( 'NONE', #1584, 0.1097500000000001114 ) ;
#898 = ORIENTED_EDGE ( 'NONE', *, *, #2424, .T. ) ;
#899 = DIRECTION ( 'NONE',  ( 0.7071067811865454633, -0.7071067811865494601, 0.000000000000000000 ) ) ;
#900 = CARTESIAN_POINT ( 'NONE',  ( 3.503956476732283498, 0.2000000000000000111, 2.557336967392660476 ) ) ;
#901 = CARTESIAN_POINT ( 'NONE',  ( -3.087289811732282008, 0.4999999966666666684, 2.480314961666667095 ) ) ;
#902 = EDGE_LOOP ( 'NONE', ( #1015, #2147, #2167, #918, #1987, #688, #1714, #806 ) ) ;
#903 = ADVANCED_FACE ( 'NONE', ( #1528 ), #1313, .F. ) ;
#904 = VERTEX_POINT ( 'NONE', #2118 ) ;
#905 = CARTESIAN_POINT ( 'NONE',  ( 3.503956476732283498, 0.7083333299999999833, -2.280314961666660700 ) ) ;
#906 = ADVANCED_FACE ( 'NONE', ( #1930 ), #1726, .F. ) ;
#907 = EDGE_LOOP ( 'NONE', ( #491, #669, #1072, #342 ) ) ;
#908 = DIRECTION ( 'NONE',  ( -0.000000000000000000, 1.000000000000000000, -0.000000000000000000 ) ) ;
#909 = CARTESIAN_POINT ( 'NONE',  ( 3.503956476732283942, 0.4583333333333332593, -2.455314961666661411 ) ) ;
#910 = EDGE_CURVE ( 'NONE', #1622, #2265, #1287, .T. ) ;
#911 = ORIENTED_EDGE ( 'NONE', *, *, #33, .T. ) ;
#912 = CARTESIAN_POINT ( 'NONE',  ( 3.593601137672956192, 0.2000000000000000111, 2.646981628333333170 ) ) ;
#913 = DIRECTION ( 'NONE',  ( -0.8164965809277188180, -1.217876368042909147E-14, 0.5773502691896357231 ) ) ;
#914 = AXIS2_PLACEMENT_3D ( 'NONE', #2134, #304, #103 ) ;
#915 = LENGTH_MEASURE_WITH_UNIT ( LENGTH_MEASURE( 0.02539999999999999897 ), #1053 );
#916 = LINE ( 'NONE', #1487, #1821 ) ;
#917 = DIRECTION ( 'NONE',  ( -0.7071067811865474617, 0.000000000000000000, -0.7071067811865474617 ) ) ;
#918 = ORIENTED_EDGE ( 'NONE', *, *, #1990, .T. ) ;
#919 = CARTESIAN_POINT ( 'NONE',  ( 3.337289810065617424, 0.4166666616666661049, 2.813648295000000132 ) ) ;
#920 = PLANE ( 'NONE',  #803 ) ;
#921 = EDGE_CURVE ( 'NONE', #1892, #1764, #862, .T. ) ;
#922 = VERTEX_POINT ( 'NONE', #262 ) ;
#923 = FACE_OUTER_BOUND ( 'NONE', #2511, .T. ) ;
#924 = CARTESIAN_POINT ( 'NONE',  ( -3.137289810065616802, 1.534979811303670783, 1.534979811303671449 ) ) ;
#925 = EDGE_CURVE ( 'NONE', #714, #893, #506, .T. ) ;
#926 = VECTOR ( 'NONE', #2270, 39.37007874015748854 ) ;
#927 = APPLICATION_PROTOCOL_DEFINITION ( 'draft international standard', 'automotive_design', 1998, #377 ) ;
#928 = EDGE_CURVE ( 'NONE', #1564, #1675, #1905, .T. ) ;
#929 =( NAMED_UNIT ( * ) SI_UNIT ( $, .STERADIAN. ) SOLID_ANGLE_UNIT ( ) );
#930 = AXIS2_PLACEMENT_3D ( 'NONE', #2363, #1161, #2374 ) ;
#931 = CARTESIAN_POINT ( 'NONE',  ( -3.137289810065616802, 0.2436886723926582066, 2.646981628333333170 ) ) ;
#932 = MANIFOLD_SOLID_BREP ( '#18 (0.1695) Diameter Hole1', #2351 ) ;
#933 = ORIENTED_EDGE ( 'NONE', *, *, #939, .T. ) ;
#934 = DIRECTION ( 'NONE',  ( 1.000000000000000000, 0.000000000000000000, 3.278217463333431854E-15 ) ) ;
#935 = CARTESIAN_POINT ( 'NONE',  ( 3.628956476732284386, 0.8333333299999998722, -2.455314961666662743 ) ) ;
#936 = AXIS2_PLACEMENT_3D ( 'NONE', #949, #1765, #2565 ) ;
#937 = EDGE_CURVE ( 'NONE', #1950, #1076, #92, .T. ) ;
#938 = ORIENTED_EDGE ( 'NONE', *, *, #1023, .F. ) ;
#939 = EDGE_CURVE ( 'NONE', #352, #1311, #127, .T. ) ;
#940 = DIRECTION ( 'NONE',  ( 1.000000000000000000, -0.000000000000000000, 0.000000000000000000 ) ) ;
#941 = VECTOR ( 'NONE', #1974, 39.37007874015748143 ) ;
#942 = CARTESIAN_POINT ( 'NONE',  ( -2.848956476732283694, 0.1249999999999995698, 2.731731634895013361 ) ) ;
#943 = CYLINDRICAL_SURFACE ( 'NONE', #2437, 0.08474999999999968670 ) ;
#944 = VECTOR ( 'NONE', #1007, 39.37007874015748143 ) ;
#945 = ORIENTED_EDGE ( 'NONE', *, *, #2092, .T. ) ;
#946 = CARTESIAN_POINT ( 'NONE',  ( 3.503956476732282610, 0.7916666633333334646, -2.396389396567784491 ) ) ;
#947 = PLANE ( 'NONE',  #638 ) ;
#948 = VERTEX_POINT ( 'NONE', #2557 ) ;
#949 = CARTESIAN_POINT ( 'NONE',  ( -2.848956476732283694, 0.1500000000000000500, 2.646981634895013702 ) ) ;
#950 = ADVANCED_FACE ( 'NONE', ( #150 ), #350, .F. ) ;
#951 = EDGE_CURVE ( 'NONE', #1921, #367, #1970, .T. ) ;
#952 = ORIENTED_EDGE ( 'NONE', *, *, #409, .F. ) ;
#953 = EDGE_CURVE ( 'NONE', #770, #971, #1586, .T. ) ;
#954 = DIRECTION ( 'NONE',  ( 2.185478394931407814E-15, -2.185478394931406236E-15, -1.000000000000000000 ) ) ;
#955 = VECTOR ( 'NONE', #2114, 39.37007874015748854 ) ;
#956 = DIRECTION ( 'NONE',  ( 0.000000000000000000, -1.000000000000000000, 0.000000000000000000 ) ) ;
#957 = ORIENTED_EDGE ( 'NONE', *, *, #314, .T. ) ;
#958 = FACE_OUTER_BOUND ( 'NONE', #1576, .T. ) ;
#959 = LINE ( 'NONE', #1333, #2086 ) ;
#960 = ORIENTED_EDGE ( 'NONE', *, *, #39, .T. ) ;
#961 = LINE ( 'NONE', #540, #159 ) ;
#962 = AXIS2_PLACEMENT_3D ( 'NONE', #1886, #226, #2027 ) ;
#963 = COLOUR_RGB ( '',0.7921568627450980005, 0.8196078431372548767, 0.9333333333333333481 ) ;
#964 = ORIENTED_EDGE ( 'NONE', *, *, #521, .F. ) ;
#965 = EDGE_CURVE ( 'NONE', #783, #512, #2570, .T. ) ;
#966 = CARTESIAN_POINT ( 'NONE',  ( 1.380133903836469944, -1.380133903836476383, -2.280314961666660700 ) ) ;
#967 = CARTESIAN_POINT ( 'NONE',  ( 0.000000000000000000, 0.2500000000000000000, 0.000000000000000000 ) ) ;
#968 = ORIENTED_EDGE ( 'NONE', *, *, #662, .T. ) ;
#969 = LINE ( 'NONE', #1600, #165 ) ;
#970 = DIRECTION ( 'NONE',  ( 0.000000000000000000, 0.000000000000000000, 1.000000000000000000 ) ) ;
#971 = VERTEX_POINT ( 'NONE', #1362 ) ;
#972 = CARTESIAN_POINT ( 'NONE',  ( 3.503956476732283498, 0.4583333333333332038, -2.455314961666661411 ) ) ;
#973 = EDGE_CURVE ( 'NONE', #1431, #1112, #763, .T. ) ;
#974 = VECTOR ( 'NONE', #530, 39.37007874015748143 ) ;
#975 = CARTESIAN_POINT ( 'NONE',  ( 3.503956483293963586, 0.1499999999999999944, 2.325314961666666402 ) ) ;
#976 = VECTOR ( 'NONE', #1407, 39.37007874015748143 ) ;
#977 = VECTOR ( 'NONE', #1857, 39.37007874015748143 ) ;
#978 = VERTEX_POINT ( 'NONE', #1792 ) ;
#979 = VECTOR ( 'NONE', #2313, 39.37007874015748143 ) ;
#980 = CARTESIAN_POINT ( 'NONE',  ( 3.628956476732283054, 0.3333333333333333148, -2.280314961666660700 ) ) ;
#981 = CARTESIAN_POINT ( 'NONE',  ( -3.337289810065616980, 0.2885110028629976342, 2.852159297862997711 ) ) ;
#982 = ADVANCED_FACE ( 'NONE', ( #1352 ), #2359, .F. ) ;
#983 = VERTEX_POINT ( 'NONE', #327 ) ;
#984 = CARTESIAN_POINT ( 'NONE',  ( 3.503956476732283498, 0.2500000000000000000, -0.8136482950000002434 ) ) ;
#985 = DIRECTION ( 'NONE',  ( 0.7071067811865567876, 0.7071067811865382469, 0.000000000000000000 ) ) ;
#986 = VECTOR ( 'NONE', #2480, 39.37007874015748854 ) ;
#987 = EDGE_CURVE ( 'NONE', #445, #904, #1130, .T. ) ;
#988 = ORIENTED_EDGE ( 'NONE', *, *, #1513, .T. ) ;
#989 = DIRECTION ( 'NONE',  ( -1.000000000000000000, 0.000000000000000000, 0.000000000000000000 ) ) ;
#990 = ORIENTED_EDGE ( 'NONE', *, *, #1152, .T. ) ;
#991 = DIRECTION ( 'NONE',  ( -0.000000000000000000, 1.000000000000000000, -0.000000000000000000 ) ) ;
#992 = CARTESIAN_POINT ( 'NONE',  ( 3.337289810065616980, 0.9999999966666665019, -2.146981628333333614 ) ) ;
#993 = AXIS2_PLACEMENT_3D ( 'NONE', #425, #2435, #1250 ) ;
#994 = ORIENTED_EDGE ( 'NONE', *, *, #1954, .F. ) ;
#995 = DIRECTION ( 'NONE',  ( -0.000000000000000000, -1.000000000000000000, -0.000000000000000000 ) ) ;
#996 = EDGE_LOOP ( 'NONE', ( #288, #2309, #1595, #2619 ) ) ;
#997 = VECTOR ( 'NONE', #2047, 39.37007874015748143 ) ;
#998 = DIRECTION ( 'NONE',  ( 0.7071067811865473507, -0.5000000000000001110, 0.5000000000000001110 ) ) ;
#999 = EDGE_CURVE ( 'NONE', #98, #1989, #636, .T. ) ;
#1000 = CARTESIAN_POINT ( 'NONE',  ( -2.848956476732283694, 0.1499999999999999944, 2.801981634895014395 ) ) ;
#1001 = VERTEX_POINT ( 'NONE', #1942 ) ;
#1002 = PLANE ( 'NONE',  #1481 ) ;
#1003 = ADVANCED_FACE ( 'NONE', ( #112 ), #1746, .T. ) ;
#1004 = CARTESIAN_POINT ( 'NONE',  ( 3.378956476732283942, 0.2000000000000000111, 2.646981628333333170 ) ) ;
#1005 = ORIENTED_EDGE ( 'NONE', *, *, #729, .F. ) ;
#1006 = ORIENTED_EDGE ( 'NONE', *, *, #2228, .T. ) ;
#1007 = DIRECTION ( 'NONE',  ( -0.7071067811865382469, 0.7071067811865567876, 0.000000000000000000 ) ) ;
#1008 = LINE ( 'NONE', #175, #1110 ) ;
#1009 = ORIENTED_EDGE ( 'NONE', *, *, #1964, .T. ) ;
#1010 = CARTESIAN_POINT ( 'NONE',  ( 3.503956483293963586, 0.1499999999999999944, 2.325314961666666402 ) ) ;
#1011 = ORIENTED_EDGE ( 'NONE', *, *, #2246, .F. ) ;
#1012 = AXIS2_PLACEMENT_3D ( 'NONE', #2237, #998, #2021 ) ;
#1013 = CARTESIAN_POINT ( 'NONE',  ( 3.337289810065616980, 0.2500000000000000000, 2.480314961666667095 ) ) ;
#1014 = FACE_OUTER_BOUND ( 'NONE', #809, .T. ) ;
#1015 = ORIENTED_EDGE ( 'NONE', *, *, #10, .F. ) ;
#1016 = LINE ( 'NONE', #793, #1228 ) ;
#1017 = DIRECTION ( 'NONE',  ( 0.7071067811865487940, -0.7071067811865462405, 0.000000000000000000 ) ) ;
#1018 = EDGE_CURVE ( 'NONE', #2421, #528, #2461, .T. ) ;
#1019 = VECTOR ( 'NONE', #596, 39.37007874015748143 ) ;
#1020 = ORIENTED_EDGE ( 'NONE', *, *, #1887, .T. ) ;
#1021 = ORIENTED_EDGE ( 'NONE', *, *, #171, .F. ) ;
#1022 = CARTESIAN_POINT ( 'NONE',  ( 3.503956476732283942, 0.2000000000000000111, 2.521981628333333614 ) ) ;
#1023 = EDGE_CURVE ( 'NONE', #1828, #854, #555, .T. ) ;
#1024 = DIRECTION ( 'NONE',  ( -0.000000000000000000, -0.7071067811865474617, 0.7071067811865474617 ) ) ;
#1025 = CARTESIAN_POINT ( 'NONE',  ( 3.670623143398950017, 0.2500000000000000000, -0.8136482950000002434 ) ) ;
#1026 = VERTEX_POINT ( 'NONE', #2217 ) ;
#1027 = PLANE ( 'NONE',  #1012 ) ;
#1028 = CARTESIAN_POINT ( 'NONE',  ( 0.4733097546698117331, 0.2000000000000000111, -0.4733097546698117331 ) ) ;
#1029 = ORIENTED_EDGE ( 'NONE', *, *, #1447, .F. ) ;
#1030 = CARTESIAN_POINT ( 'NONE',  ( -3.337289810065616980, 0.3333333333333332593, 2.807336967392662253 ) ) ;
#1031 = CARTESIAN_POINT ( 'NONE',  ( -2.848956476732283694, 0.1499999999999999944, 2.646981634895013702 ) ) ;
#1032 = EDGE_LOOP ( 'NONE', ( #1704, #2368, #381, #2104 ) ) ;
#1033 = EDGE_LOOP ( 'NONE', ( #2122, #863, #1486, #1457 ) ) ;
#1034 = CARTESIAN_POINT ( 'NONE',  ( -3.162289810065615825, 0.4583333333333332593, 2.646981628333334058 ) ) ;
#1035 = VECTOR ( 'NONE', #1472, 39.37007874015748854 ) ;
#1036 = PLANE ( 'NONE',  #2242 ) ;
#1037 = ADVANCED_FACE ( 'NONE', ( #2233 ), #588, .F. ) ;
#1038 = CARTESIAN_POINT ( 'NONE',  ( -3.003956476732283942, 0.1499999999999999944, 2.480314961666667539 ) ) ;
#1039 = ORIENTED_EDGE ( 'NONE', *, *, #1215, .T. ) ;
#1040 = DIRECTION ( 'NONE',  ( -0.000000000000000000, 1.000000000000000000, -0.000000000000000000 ) ) ;
#1041 = ORIENTED_EDGE ( 'NONE', *, *, #2162, .T. ) ;
#1042 = CARTESIAN_POINT ( 'NONE',  ( 0.000000000000000000, 0.000000000000000000, 0.000000000000000000 ) ) ;
#1043 = CARTESIAN_POINT ( 'NONE',  ( -3.137289810065616802, 0.3333333333333333148, 2.521981628333334058 ) ) ;
#1044 = ORIENTED_EDGE ( 'NONE', *, *, #117, .F. ) ;
#1045 = FACE_OUTER_BOUND ( 'NONE', #222, .T. ) ;
#1046 = PLANE ( 'NONE',  #1120 ) ;
#1047 = CARTESIAN_POINT ( 'NONE',  ( 3.503956476732283498, 0.4583333333333332593, -2.280314961666660700 ) ) ;
#1049 = VECTOR ( 'NONE', #899, 39.37007874015748854 ) ;
#1048 = DIRECTION ( 'NONE',  ( 0.7071067811865474617, 0.000000000000000000, -0.7071067811865474617 ) ) ;
#1050 = EDGE_CURVE ( 'NONE', #185, #1872, #801, .T. ) ;
#1051 = VERTEX_POINT ( 'NONE', #2204 ) ;
#1052 = CARTESIAN_POINT ( 'NONE',  ( 1.630133902169811799, -1.630133902169811355, -2.280314961666660700 ) ) ;
#1053 =( LENGTH_UNIT ( ) NAMED_UNIT ( * ) SI_UNIT ( $, .METRE. ) );
#1054 = CARTESIAN_POINT ( 'NONE',  ( 3.414311815791612581, 0.8333333300000000943, -2.280314961666661144 ) ) ;
#1055 = CARTESIAN_POINT ( 'NONE',  ( -3.003956476732284386, 0.2500000000000000000, 2.646981634895013702 ) ) ;
#1056 = EDGE_LOOP ( 'NONE', ( #604, #2279, #448, #1701 ) ) ;
#1057 = DIRECTION ( 'NONE',  ( -1.605673843130280236E-14, 0.8164965809277262565, -0.5773502691896252870 ) ) ;
#1058 = CARTESIAN_POINT ( 'NONE',  ( 1.963467235503150832, 1.963467235503139063, -2.280314961666667806 ) ) ;
#1059 = VECTOR ( 'NONE', #116, 39.37007874015748143 ) ;
#1060 = CARTESIAN_POINT ( 'NONE',  ( 3.503956476732283498, 0.2916666666666664631, -2.396389396567783159 ) ) ;
#1061 = AXIS2_PLACEMENT_3D ( 'NONE', #853, #1070, #1883 ) ;
#1062 = ORIENTED_EDGE ( 'NONE', *, *, #1406, .T. ) ;
#1063 = DIRECTION ( 'NONE',  ( 0.000000000000000000, -0.000000000000000000, 1.000000000000000000 ) ) ;
#1064 = ORIENTED_EDGE ( 'NONE', *, *, #2348, .T. ) ;
#1065 = VECTOR ( 'NONE', #1198, 39.37007874015748143 ) ;
#1066 = DIRECTION ( 'NONE',  ( 0.7071067811865454633, -0.7071067811865494601, 3.090733186385378049E-15 ) ) ;
#1067 = ADVANCED_FACE ( 'NONE', ( #216 ), #1036, .F. ) ;
#1068 = EDGE_LOOP ( 'NONE', ( #4, #874, #2236, #1021 ) ) ;
#1069 = DIRECTION ( 'NONE',  ( 0.7071067811865474617, 0.000000000000000000, -0.7071067811865474617 ) ) ;
#1070 = DIRECTION ( 'NONE',  ( 0.000000000000000000, 1.000000000000000000, 0.000000000000000000 ) ) ;
#1071 = EDGE_CURVE ( 'NONE', #2200, #1679, #229, .T. ) ;
#1072 = ORIENTED_EDGE ( 'NONE', *, *, #729, .T. ) ;
#1073 = PLANE ( 'NONE',  #962 ) ;
#1074 = PLANE ( 'NONE',  #524 ) ;
#1075 = VECTOR ( 'NONE', #748, 39.37007874015748143 ) ;
#1076 = VERTEX_POINT ( 'NONE', #633 ) ;
#1077 = CARTESIAN_POINT ( 'NONE',  ( 3.670623143398950017, 0.4166666616666661049, 2.480314961666667095 ) ) ;
#1078 = ORIENTED_EDGE ( 'NONE', *, *, #1943, .T. ) ;
#1079 = DIRECTION ( 'NONE',  ( 0.7071067811865454633, -0.7071067811865494601, 0.000000000000000000 ) ) ;
#1080 = ORIENTED_EDGE ( 'NONE', *, *, #1324, .T. ) ;
#1081 = FACE_BOUND ( 'NONE', #362, .T. ) ;
#1082 = DIRECTION ( 'NONE',  ( -0.7071067811865474617, 0.000000000000000000, 0.7071067811865474617 ) ) ;
#1083 = UNCERTAINTY_MEASURE_WITH_UNIT (LENGTH_MEASURE( 1.000000000000000082E-05 ), #360, 'distance_accuracy_value', 'NONE');
#1084 = EDGE_LOOP ( 'NONE', ( #2502, #1547, #395, #898 ) ) ;
#1085 = EDGE_CURVE ( 'NONE', #971, #2422, #2623, .T. ) ;
#1086 = DIRECTION ( 'NONE',  ( 0.5773502691896273964, -0.8164965809277248132, 6.409875621278530475E-15 ) ) ;
#1087 = VECTOR ( 'NONE', #1611, 39.37007874015748143 ) ;
#1088 = DIRECTION ( 'NONE',  ( 0.7071067811865487940, -0.7071067811865462405, 0.000000000000000000 ) ) ;
#1089 = ADVANCED_FACE ( 'NONE', ( #383 ), #1253, .F. ) ;
#1090 = CARTESIAN_POINT ( 'NONE',  ( -3.087289811732282008, 0.4999999966666666684, 2.480314961666667095 ) ) ;
#1091 = VERTEX_POINT ( 'NONE', #2595 ) ;
#1092 = CARTESIAN_POINT ( 'NONE',  ( -3.337289810065616980, 0.2500000000000000000, 2.480314961666667095 ) ) ;
#1093 = ORIENTED_EDGE ( 'NONE', *, *, #676, .T. ) ;
#1094 = LINE ( 'NONE', #1879, #1984 ) ;
#1095 = VECTOR ( 'NONE', #2547, 39.37007874015748143 ) ;
#1096 = ORIENTED_EDGE ( 'NONE', *, *, #1627, .F. ) ;
#1097 = DIRECTION ( 'NONE',  ( 1.000000000000000000, 0.000000000000000000, -0.000000000000000000 ) ) ;
#1098 = DIRECTION ( 'NONE',  ( 1.000000000000000000, 0.000000000000000000, 0.000000000000000000 ) ) ;
#1099 = ORIENTED_EDGE ( 'NONE', *, *, #2573, .T. ) ;
#1100 = FACE_OUTER_BOUND ( 'NONE', #1249, .T. ) ;
#1101 = DIRECTION ( 'NONE',  ( -0.000000000000000000, 0.000000000000000000, 1.000000000000000000 ) ) ;
#1102 = EDGE_CURVE ( 'NONE', #1493, #1828, #1008, .T. ) ;
#1103 = EDGE_CURVE ( 'NONE', #1622, #401, #2192, .T. ) ;
#1104 = DIRECTION ( 'NONE',  ( -3.429283457384030102E-15, 0.8164965809277273667, 0.5773502691896238437 ) ) ;
#1105 = ORIENTED_EDGE ( 'NONE', *, *, #346, .F. ) ;
#1106 = EDGE_CURVE ( 'NONE', #2295, #1051, #2018, .T. ) ;
#1107 = ORIENTED_EDGE ( 'NONE', *, *, #780, .T. ) ;
#1108 = VECTOR ( 'NONE', #38, 39.37007874015748143 ) ;
#1109 = DIRECTION ( 'NONE',  ( 0.000000000000000000, 0.000000000000000000, 1.000000000000000000 ) ) ;
#1110 = VECTOR ( 'NONE', #817, 39.37007874015748143 ) ;
#1111 = VECTOR ( 'NONE', #2221, 39.37007874015748143 ) ;
#1112 = VERTEX_POINT ( 'NONE', #1193 ) ;
#1113 = CARTESIAN_POINT ( 'NONE',  ( 3.503956476732283942, 0.2000000000000000111, 2.736626289274005863 ) ) ;
#1114 = CARTESIAN_POINT ( 'NONE',  ( 3.503956483293963586, 0.000000000000000000, 2.410064961666666061 ) ) ;
#1115 = VECTOR ( 'NONE', #1289, 39.37007874015748854 ) ;
#1116 = ORIENTED_EDGE ( 'NONE', *, *, #1715, .F. ) ;
#1117 = CARTESIAN_POINT ( 'NONE',  ( -3.137289810065616802, 0.3333333333333333148, 2.521981628333334058 ) ) ;
#1118 = CARTESIAN_POINT ( 'NONE',  ( -3.003956476732284386, 0.1499999999999999944, 2.646981634895013702 ) ) ;
#1119 = CARTESIAN_POINT ( 'NONE',  ( 3.503956476732283498, 0.7083333299999999833, -2.280314961666660700 ) ) ;
#1120 = AXIS2_PLACEMENT_3D ( 'NONE', #187, #382, #585 ) ;
#1121 = DIRECTION ( 'NONE',  ( -0.000000000000000000, -1.000000000000000000, -0.000000000000000000 ) ) ;
#1122 = CARTESIAN_POINT ( 'NONE',  ( 3.503956476732283942, 0.1750000000000001832, 2.771981628333333170 ) ) ;
#1123 = ORIENTED_EDGE ( 'NONE', *, *, #1916, .F. ) ;
#1124 = LINE ( 'NONE', #106, #2042 ) ;
#1125 = LINE ( 'NONE', #548, #941 ) ;
#1126 = VERTEX_POINT ( 'NONE', #773 ) ;
#1127 = CARTESIAN_POINT ( 'NONE',  ( -3.137289810065616802, 0.3333333333333333148, 2.736626289274008528 ) ) ;
#1128 = DIRECTION ( 'NONE',  ( 0.000000000000000000, 0.000000000000000000, 1.000000000000000000 ) ) ;
#1129 = VECTOR ( 'NONE', #1482, 39.37007874015748143 ) ;
#1130 = LINE ( 'NONE', #522, #552 ) ;
#1131 = CARTESIAN_POINT ( 'NONE',  ( 3.670623143398950017, 0.9999999966666665019, -1.646981628333333614 ) ) ;
#1132 = EDGE_CURVE ( 'NONE', #868, #1474, #2397, .T. ) ;
#1133 = ORIENTED_EDGE ( 'NONE', *, *, #768, .F. ) ;
#1134 = CYLINDRICAL_SURFACE ( 'NONE', #930, 0.08474999999999968670 ) ;
#1135 = CARTESIAN_POINT ( 'NONE',  ( 3.503956476732283498, 0.2083333333333334814, -2.455314961666661411 ) ) ;
#1136 = ADVANCED_FACE ( 'NONE', ( #1625 ), #618, .F. ) ;
#1137 = ORIENTED_EDGE ( 'NONE', *, *, #1964, .F. ) ;
#1138 = LINE ( 'NONE', #324, #2185 ) ;
#1139 = LINE ( 'NONE', #325, #464 ) ;
#1140 = ADVANCED_FACE ( 'NONE', ( #1806 ), #15, .F. ) ;
#1141 = VECTOR ( 'NONE', #331, 39.37007874015748854 ) ;
#1142 = DIRECTION ( 'NONE',  ( 3.333135323064848879E-15, -0.5773502691896242878, 0.8164965809277271447 ) ) ;
#1143 = CARTESIAN_POINT ( 'NONE',  ( 3.343601137672949974, 0.8333333300000007604, -2.480314961666667095 ) ) ;
#1144 = AXIS2_PLACEMENT_3D ( 'NONE', #2226, #450, #405 ) ;
#1145 = ORIENTED_EDGE ( 'NONE', *, *, #1181, .T. ) ;
#1146 = PLANE ( 'NONE',  #762 ) ;
#1147 = EDGE_CURVE ( 'NONE', #714, #1707, #398, .T. ) ;
#1148 = DIRECTION ( 'NONE',  ( -0.000000000000000000, 0.7071067811865473507, 0.7071067811865476838 ) ) ;
#1149 = AXIS2_PLACEMENT_3D ( 'NONE', #1031, #825, #170 ) ;
#1150 = VERTEX_POINT ( 'NONE', #1 ) ;
#1151 = CARTESIAN_POINT ( 'NONE',  ( 3.503956483293963586, 0.000000000000000000, 2.240564961666666743 ) ) ;
#1152 = EDGE_CURVE ( 'NONE', #1051, #1679, #831, .T. ) ;
#1153 = VECTOR ( 'NONE', #1456, 39.37007874015748143 ) ;
#1154 = CARTESIAN_POINT ( 'NONE',  ( 3.378956476732283498, 0.3333333333333333148, -2.455314961666661411 ) ) ;
#1155 = ORIENTED_EDGE ( 'NONE', *, *, #1380, .T. ) ;
#1156 = APPLICATION_CONTEXT ( 'automotive_design' ) ;
#1157 = DIRECTION ( 'NONE',  ( 3.172888432532904628E-15, 0.8164965809277314746, -0.5773502691896178485 ) ) ;
#1158 = DIRECTION ( 'NONE',  ( -0.7071067811865479058, 0.7071067811865471286, -3.090733186385377260E-15 ) ) ;
#1159 = VECTOR ( 'NONE', #426, 39.37007874015748854 ) ;
#1160 = EDGE_LOOP ( 'NONE', ( #309, #22, #1325, #837 ) ) ;
#1161 = DIRECTION ( 'NONE',  ( -0.000000000000000000, 1.000000000000000000, -0.000000000000000000 ) ) ;
#1162 = DIRECTION ( 'NONE',  ( -1.639108796198560889E-15, 0.000000000000000000, -1.000000000000000000 ) ) ;
#1163 = ORIENTED_EDGE ( 'NONE', *, *, #2444, .T. ) ;
#1164 = FACE_BOUND ( 'NONE', #1344, .T. ) ;
#1165 = CARTESIAN_POINT ( 'NONE',  ( 3.337289810065616980, 0.4999999966666666684, 2.563648296666666493 ) ) ;
#1166 = EDGE_CURVE ( 'NONE', #1698, #1717, #1451, .T. ) ;
#1167 = ORIENTED_EDGE ( 'NONE', *, *, #1990, .F. ) ;
#1168 = EDGE_CURVE ( 'NONE', #644, #681, #2264, .T. ) ;
#1169 = VECTOR ( 'NONE', #257, 39.37007874015748143 ) ;
#1170 = DIRECTION ( 'NONE',  ( 0.000000000000000000, 0.000000000000000000, -1.000000000000000000 ) ) ;
#1171 = ORIENTED_EDGE ( 'NONE', *, *, #1210, .F. ) ;
#1172 = CARTESIAN_POINT ( 'NONE',  ( 3.503956476732283498, 0.000000000000000000, 2.807336967392660032 ) ) ;
#1173 = DIRECTION ( 'NONE',  ( 0.7071067811865476838, -0.7071067811865473507, 1.159024944894520170E-15 ) ) ;
#1174 = VERTEX_POINT ( 'NONE', #1697 ) ;
#1175 = DIRECTION ( 'NONE',  ( -0.000000000000000000, 1.000000000000000000, -0.000000000000000000 ) ) ;
#1176 = CARTESIAN_POINT ( 'NONE',  ( 3.503956476732283942, 0.2000000000000000111, 2.771981628333333170 ) ) ;
#1177 = VERTEX_POINT ( 'NONE', #2521 ) ;
#1178 = EDGE_CURVE ( 'NONE', #512, #886, #702, .T. ) ;
#1179 = EDGE_CURVE ( 'NONE', #1311, #1174, #2126, .T. ) ;
#1180 = DIRECTION ( 'NONE',  ( -1.333254129225928034E-14, 0.8164965809277181519, -0.5773502691896368333 ) ) ;
#1181 = EDGE_CURVE ( 'NONE', #1331, #1493, #1322, .T. ) ;
#1182 = DIRECTION ( 'NONE',  ( -1.000000000000000000, 0.000000000000000000, 1.639108731666715927E-15 ) ) ;
#1183 = VERTEX_POINT ( 'NONE', #843 ) ;
#1184 = LINE ( 'NONE', #2400, #519 ) ;
#1185 = DIRECTION ( 'NONE',  ( 0.000000000000000000, -0.000000000000000000, 1.000000000000000000 ) ) ;
#1186 = ORIENTED_EDGE ( 'NONE', *, *, #742, .T. ) ;
#1187 = VECTOR ( 'NONE', #794, 39.37007874015748854 ) ;
#1188 = PLANE ( 'NONE',  #2458 ) ;
#1189 = EDGE_CURVE ( 'NONE', #1989, #2421, #1684, .T. ) ;
#1190 = VECTOR ( 'NONE', #559, 39.37007874015748854 ) ;
#1191 = VERTEX_POINT ( 'NONE', #299 ) ;
#1192 = CARTESIAN_POINT ( 'NONE',  ( 2.213467233836480919, 2.213467233836472925, -2.280314961666666917 ) ) ;
#1193 = CARTESIAN_POINT ( 'NONE',  ( -2.693956476732282557, 0.1499999999999999944, 2.480314961666667095 ) ) ;
#1194 = ORIENTED_EDGE ( 'NONE', *, *, #232, .T. ) ;
#1195 = DIRECTION ( 'NONE',  ( 2.185478394931401503E-15, -2.185478394931410969E-15, -1.000000000000000000 ) ) ;
#1196 = ORIENTED_EDGE ( 'NONE', *, *, #987, .T. ) ;
#1197 = LINE ( 'NONE', #2049, #197 ) ;
#1198 = DIRECTION ( 'NONE',  ( -0.7071067811865473507, 0.7071067811865476838, 0.000000000000000000 ) ) ;
#1199 = VECTOR ( 'NONE', #2498, 39.37007874015748143 ) ;
#1200 = VERTEX_POINT ( 'NONE', #691 ) ;
#1201 = LINE ( 'NONE', #2014, #1993 ) ;
#1202 = ORIENTED_EDGE ( 'NONE', *, *, #10, .T. ) ;
#1203 = CARTESIAN_POINT ( 'NONE',  ( 3.503956476732283942, 0.2436886723926613707, -2.280314961666660700 ) ) ;
#1204 = DIRECTION ( 'NONE',  ( 0.7071067811865475727, 0.4999999999999999445, -0.5000000000000002220 ) ) ;
#1205 = LINE ( 'NONE', #204, #1087 ) ;
#1206 = ORIENTED_EDGE ( 'NONE', *, *, #1399, .T. ) ;
#1207 = AXIS2_PLACEMENT_3D ( 'NONE', #241, #44, #487 ) ;
#1208 = CARTESIAN_POINT ( 'NONE',  ( -3.312289810065616180, 0.3333333333333333148, 2.521981628333334058 ) ) ;
#1209 = CARTESIAN_POINT ( 'NONE',  ( 3.503956483293963586, 0.1499999999999999944, 2.240564961666666743 ) ) ;
#1210 = EDGE_CURVE ( 'NONE', #442, #263, #56, .T. ) ;
#1211 = ADVANCED_FACE ( 'NONE', ( #28 ), #2494, .F. ) ;
#1212 = EDGE_LOOP ( 'NONE', ( #2495, #1767, #1629, #2183 ) ) ;
#1213 = FACE_BOUND ( 'NONE', #1299, .T. ) ;
#1214 = PLANE ( 'NONE',  #1540 ) ;
#1215 = EDGE_CURVE ( 'NONE', #1872, #2070, #441, .T. ) ;
#1216 = ORIENTED_EDGE ( 'NONE', *, *, #215, .F. ) ;
#1217 = DIRECTION ( 'NONE',  ( 0.7071067811865487940, -0.7071067811865462405, 3.090733186385379232E-15 ) ) ;
#1218 = DIRECTION ( 'NONE',  ( 0.5000000000000019984, 0.5000000000000056621, 0.7071067811865421326 ) ) ;
#1219 = CARTESIAN_POINT ( 'NONE',  ( 3.587289808398950619, 0.4999999966666666684, 2.480314961666667095 ) ) ;
#1220 = ORIENTED_EDGE ( 'NONE', *, *, #1929, .T. ) ;
#1221 = CARTESIAN_POINT ( 'NONE',  ( -2.693956476732283001, 0.1499999999999999944, 2.646981634895013702 ) ) ;
#1222 = ORIENTED_EDGE ( 'NONE', *, *, #2573, .F. ) ;
#1223 = CYLINDRICAL_SURFACE ( 'NONE', #328, 0.3149606299212598381 ) ;
#1224 = LINE ( 'NONE', #1840, #253 ) ;
#1225 = ORIENTED_EDGE ( 'NONE', *, *, #518, .F. ) ;
#1226 = LINE ( 'NONE', #612, #1019 ) ;
#1227 = CARTESIAN_POINT ( 'NONE',  ( 3.503956476732283498, 0.2083333333333333426, -2.280314961666660700 ) ) ;
#1228 = VECTOR ( 'NONE', #1441, 39.37007874015748143 ) ;
#1229 = EDGE_LOOP ( 'NONE', ( #1599, #2063, #1123, #365 ) ) ;
#1230 = AXIS2_PLACEMENT_3D ( 'NONE', #1869, #1098, #2109 ) ;
#1231 = EDGE_CURVE ( 'NONE', #2352, #886, #1913, .T. ) ;
#1232 = ORIENTED_EDGE ( 'NONE', *, *, #1050, .F. ) ;
#1233 = DIRECTION ( 'NONE',  ( -0.7071067811865474617, 0.000000000000000000, -0.7071067811865474617 ) ) ;
#1234 = VECTOR ( 'NONE', #1889, 39.37007874015748143 ) ;
#1235 = VECTOR ( 'NONE', #1601, 39.37007874015748854 ) ;
#1236 = ADVANCED_FACE ( 'NONE', ( #677 ), #87, .T. ) ;
#1237 = DIRECTION ( 'NONE',  ( 0.000000000000000000, 0.7071067811865476838, 0.7071067811865473507 ) ) ;
#1238 = ORIENTED_EDGE ( 'NONE', *, *, #867, .T. ) ;
#1239 = AXIS2_PLACEMENT_3D ( 'NONE', #1545, #2095, #2341 ) ;
#1240 = CARTESIAN_POINT ( 'NONE',  ( -3.312289810065616180, 0.3333333333333333148, 2.521981628333334058 ) ) ;
#1241 = ADVANCED_FACE ( 'NONE', ( #2482 ), #1514, .F. ) ;
#1242 = ORIENTED_EDGE ( 'NONE', *, *, #2058, .T. ) ;
#1243 = DIRECTION ( 'NONE',  ( 0.5000000000000056621, -0.5000000000000054401, 0.7071067811865398012 ) ) ;
#1244 = DIRECTION ( 'NONE',  ( 0.000000000000000000, -0.000000000000000000, -1.000000000000000000 ) ) ;
#1245 = ORIENTED_EDGE ( 'NONE', *, *, #2569, .F. ) ;
#1246 = FACE_BOUND ( 'NONE', #2385, .T. ) ;
#1247 = DIRECTION ( 'NONE',  ( 0.000000000000000000, 0.000000000000000000, 1.000000000000000000 ) ) ;
#1248 = AXIS2_PLACEMENT_3D ( 'NONE', #1058, #85, #661 ) ;
#1249 = EDGE_LOOP ( 'NONE', ( #1155, #1490, #888, #1093 ) ) ;
#1250 = DIRECTION ( 'NONE',  ( 0.000000000000000000, 0.000000000000000000, 1.000000000000000000 ) ) ;
#1251 = LINE ( 'NONE', #174, #769 ) ;
#1252 = EDGE_CURVE ( 'NONE', #2559, #2601, #456, .T. ) ;
#1253 = PLANE ( 'NONE',  #759 ) ;
#1254 = EDGE_CURVE ( 'NONE', #209, #2373, #2278, .T. ) ;
#1255 = CARTESIAN_POINT ( 'NONE',  ( 3.503956476732283942, 0.02499999999999986955, 2.771981628333333170 ) ) ;
#1256 = ORIENTED_EDGE ( 'NONE', *, *, #999, .F. ) ;
#1257 = CARTESIAN_POINT ( 'NONE',  ( -3.137289810065616802, 0.000000000000000000, 0.000000000000000000 ) ) ;
#1258 = DIRECTION ( 'NONE',  ( -0.000000000000000000, 1.000000000000000000, -0.000000000000000000 ) ) ;
#1259 = VECTOR ( 'NONE', #1980, 39.37007874015748854 ) ;
#1260 = ORIENTED_EDGE ( 'NONE', *, *, #648, .F. ) ;
#1261 = PLANE ( 'NONE',  #1144 ) ;
#1262 = CYLINDRICAL_SURFACE ( 'NONE', #1230, 0.8333333333333339255 ) ;
#1263 = ORIENTED_EDGE ( 'NONE', *, *, #2496, .F. ) ;
#1264 = CARTESIAN_POINT ( 'NONE',  ( 3.503956476732283498, 0.9999999966666665019, -1.332020998412073665 ) ) ;
#1265 = CARTESIAN_POINT ( 'NONE',  ( 3.337289810065616980, 0.1499999999999999944, 2.170314961666666154 ) ) ;
#1266 = EDGE_CURVE ( 'NONE', #1602, #1589, #2294, .T. ) ;
#1267 = CARTESIAN_POINT ( 'NONE',  ( 3.503956476732283942, 0.02499999999999986955, 2.521981628333333614 ) ) ;
#1268 = ORIENTED_EDGE ( 'NONE', *, *, #1953, .T. ) ;
#1269 = LINE ( 'NONE', #1655, #2253 ) ;
#1270 = ORIENTED_EDGE ( 'NONE', *, *, #1683, .F. ) ;
#1271 = EDGE_CURVE ( 'NONE', #1717, #644, #271, .T. ) ;
#1272 = DIRECTION ( 'NONE',  ( 1.000000000000000000, 0.000000000000000000, 0.000000000000000000 ) ) ;
#1273 = VECTOR ( 'NONE', #1674, 39.37007874015748854 ) ;
#1274 = VERTEX_POINT ( 'NONE', #2548 ) ;
#1275 = DIRECTION ( 'NONE',  ( 0.000000000000000000, -1.000000000000000000, 0.000000000000000000 ) ) ;
#1276 = DIRECTION ( 'NONE',  ( 8.659560562354921765E-17, 0.7071067811865484609, -0.7071067811865465735 ) ) ;
#1277 = ORIENTED_EDGE ( 'NONE', *, *, #2058, .F. ) ;
#1278 = CARTESIAN_POINT ( 'NONE',  ( -2.848956476732283694, 0.1499999999999999944, 2.731731634895013361 ) ) ;
#1279 = LINE ( 'NONE', #2292, #2554 ) ;
#1280 = AXIS2_PLACEMENT_3D ( 'NONE', #655, #1647, #2460 ) ;
#1281 = CARTESIAN_POINT ( 'NONE',  ( -3.337289810065616980, 0.1281556638036691897, 2.691803958803669072 ) ) ;
#1282 = AXIS2_PLACEMENT_3D ( 'NONE', #406, #2592, #781 ) ;
#1283 = VERTEX_POINT ( 'NONE', #731 ) ;
#1284 = PLANE ( 'NONE',  #2097 ) ;
#1285 = ORIENTED_EDGE ( 'NONE', *, *, #570, .T. ) ;
#1286 = VECTOR ( 'NONE', #2528, 39.37007874015748143 ) ;
#1287 = LINE ( 'NONE', #101, #2322 ) ;
#1288 = EDGE_LOOP ( 'NONE', ( #756, #357, #53, #77, #933 ) ) ;
#1289 = DIRECTION ( 'NONE',  ( -0.7071067811865474617, 0.000000000000000000, -0.7071067811865474617 ) ) ;
#1290 = DIRECTION ( 'NONE',  ( -1.000000000000000000, -0.000000000000000000, -0.000000000000000000 ) ) ;
#1291 = EDGE_CURVE ( 'NONE', #922, #2566, #144, .T. ) ;
#1292 = ORIENTED_EDGE ( 'NONE', *, *, #1466, .F. ) ;
#1293 = FACE_OUTER_BOUND ( 'NONE', #1306, .T. ) ;
#1294 = DIRECTION ( 'NONE',  ( -0.8164965809277233699, 6.409875621278526333E-16, -0.5773502691896296168 ) ) ;
#1295 = AXIS2_PLACEMENT_3D ( 'NONE', #1192, #1218, #2396 ) ;
#1296 = DIRECTION ( 'NONE',  ( -1.000000000000000000, -0.000000000000000000, -0.000000000000000000 ) ) ;
#1297 = EDGE_LOOP ( 'NONE', ( #473, #258, #1972, #2163 ) ) ;
#1298 = CARTESIAN_POINT ( 'NONE',  ( 3.503956476732283942, 0.02499999999999986608, 2.521981628333333614 ) ) ;
#1299 = EDGE_LOOP ( 'NONE', ( #1626, #1978, #254, #505 ) ) ;
#1300 = DIRECTION ( 'NONE',  ( -0.7071067811865495711, -0.7071067811865455743, -1.159024944894522931E-15 ) ) ;
#1301 = ORIENTED_EDGE ( 'NONE', *, *, #1932, .F. ) ;
#1302 = DIRECTION ( 'NONE',  ( 0.5773502691896275074, 0.5773502691896286176, 0.5773502691896209571 ) ) ;
#1303 = EDGE_CURVE ( 'NONE', #631, #2362, #152, .T. ) ;
#1304 = ADVANCED_FACE ( 'NONE', ( #2558 ), #1363, .F. ) ;
#1305 = CARTESIAN_POINT ( 'NONE',  ( -3.137289810065616802, 0.4229779942740076737, 2.646981628333334502 ) ) ;
#1306 = EDGE_LOOP ( 'NONE', ( #1400, #990, #747, #841 ) ) ;
#1307 = LINE ( 'NONE', #2542, #2320 ) ;
#1308 = AXIS2_PLACEMENT_3D ( 'NONE', #1267, #2307, #2069 ) ;
#1309 = EDGE_CURVE ( 'NONE', #1679, #2620, #2173, .T. ) ;
#1310 = DIRECTION ( 'NONE',  ( -0.8164965809277262565, 1.788355298336719235E-14, -0.5773502691896252870 ) ) ;
#1311 = VERTEX_POINT ( 'NONE', #1931 ) ;
#1312 = ORIENTED_EDGE ( 'NONE', *, *, #1447, .T. ) ;
#1313 = CYLINDRICAL_SURFACE ( 'NONE', #1653, 0.3149606299212598381 ) ;
#1314 = VECTOR ( 'NONE', #1382, 39.37007874015748143 ) ;
#1315 = VERTEX_POINT ( 'NONE', #2166 ) ;
#1316 = PLANE ( 'NONE',  #1239 ) ;
#1317 = DIRECTION ( 'NONE',  ( -0.7071067811865473507, 0.7071067811865476838, 0.000000000000000000 ) ) ;
#1318 = ORIENTED_EDGE ( 'NONE', *, *, #2476, .T. ) ;
#1319 = CARTESIAN_POINT ( 'NONE',  ( 3.503956483293963586, 0.1499999999999999944, 2.170314961666665710 ) ) ;
#1320 = DIRECTION ( 'NONE',  ( 0.8164965809277276998, -1.538370149106851448E-15, 0.5773502691896233996 ) ) ;
#1321 = EDGE_CURVE ( 'NONE', #1368, #1177, #114, .T. ) ;
#1322 = LINE ( 'NONE', #502, #2017 ) ;
#1323 = ORIENTED_EDGE ( 'NONE', *, *, #2263, .T. ) ;
#1324 = EDGE_CURVE ( 'NONE', #528, #2421, #439, .T. ) ;
#1325 = ORIENTED_EDGE ( 'NONE', *, *, #987, .F. ) ;
#1326 = VECTOR ( 'NONE', #2357, 39.37007874015748143 ) ;
#1327 = DIRECTION ( 'NONE',  ( -0.000000000000000000, -0.000000000000000000, -1.000000000000000000 ) ) ;
#1328 = DIRECTION ( 'NONE',  ( -0.7071067811865487940, 0.7071067811865462405, -3.090733186385379232E-15 ) ) ;
#1329 = AXIS2_PLACEMENT_3D ( 'NONE', #1597, #2045, #2453 ) ;
#1330 = AXIS2_PLACEMENT_3D ( 'NONE', #1567, #308, #538 ) ;
#1331 = VERTEX_POINT ( 'NONE', #1531 ) ;
#1332 = DIRECTION ( 'NONE',  ( 0.4999999999999980016, 0.7071067811865503483, 0.4999999999999980016 ) ) ;
#1333 = CARTESIAN_POINT ( 'NONE',  ( -3.137289810065616802, -1.201646477970337523, 1.201646477970337523 ) ) ;
#1334 = VECTOR ( 'NONE', #78, 39.37007874015748854 ) ;
#1335 = ORIENTED_EDGE ( 'NONE', *, *, #184, .T. ) ;
#1336 = DIRECTION ( 'NONE',  ( -0.7071067811865474617, 0.000000000000000000, -0.7071067811865474617 ) ) ;
#1337 = CARTESIAN_POINT ( 'NONE',  ( 3.593601137672955748, 0.8333333299999994281, -2.280314961666660700 ) ) ;
#1338 = DIRECTION ( 'NONE',  ( 1.000000000000000000, 0.000000000000000000, 0.000000000000000000 ) ) ;
#1339 = EDGE_CURVE ( 'NONE', #1620, #1698, #1747, .T. ) ;
#1340 = VECTOR ( 'NONE', #368, 39.37007874015748143 ) ;
#1341 = CARTESIAN_POINT ( 'NONE',  ( 3.503956476732283498, 0.9999999966666665019, -1.646981628333333614 ) ) ;
#1342 = EDGE_CURVE ( 'NONE', #904, #2229, #2371, .T. ) ;
#1343 = CARTESIAN_POINT ( 'NONE',  ( 3.378956476732283942, 0.02499999999999986955, 2.646981628333333170 ) ) ;
#1344 = EDGE_LOOP ( 'NONE', ( #1803, #1225 ) ) ;
#1345 = PLANE ( 'NONE',  #795 ) ;
#1346 = DIRECTION ( 'NONE',  ( 0.7071067811865459074, -0.7071067811865491270, 1.159024944894517212E-15 ) ) ;
#1347 = ORIENTED_EDGE ( 'NONE', *, *, #682, .T. ) ;
#1348 = DIRECTION ( 'NONE',  ( 0.000000000000000000, 0.000000000000000000, 1.000000000000000000 ) ) ;
#1349 = CARTESIAN_POINT ( 'NONE',  ( 3.670623143398950017, 0.000000000000000000, 2.813648295000000132 ) ) ;
#1350 = AXIS2_PLACEMENT_3D ( 'NONE', #752, #507, #1328 ) ;
#1351 = ADVANCED_FACE ( 'NONE', ( #523 ), #1373, .F. ) ;
#1352 = FACE_OUTER_BOUND ( 'NONE', #797, .T. ) ;
#1353 = DIRECTION ( 'NONE',  ( 0.8164965809277289210, -6.057332462108253361E-15, 0.5773502691896212902 ) ) ;
#1354 = EDGE_CURVE ( 'NONE', #631, #983, #329, .T. ) ;
#1355 = ORIENTED_EDGE ( 'NONE', *, *, #1799, .F. ) ;
#1356 = DIRECTION ( 'NONE',  ( -0.000000000000000000, -1.000000000000000000, -0.000000000000000000 ) ) ;
#1357 = FACE_OUTER_BOUND ( 'NONE', #2331, .T. ) ;
#1358 = EDGE_LOOP ( 'NONE', ( #190, #659, #607, #664 ) ) ;
#1359 = CARTESIAN_POINT ( 'NONE',  ( 3.503956476732283498, 0.9999999966666663909, -0.8136482950000002434 ) ) ;
#1360 = ADVANCED_FACE ( 'NONE', ( #1553 ), #1573, .T. ) ;
#1361 = AXIS2_PLACEMENT_3D ( 'NONE', #807, #220, #2034 ) ;
#1362 = CARTESIAN_POINT ( 'NONE',  ( 3.503956476732283498, 0.4583333333333332593, -2.305314961666661944 ) ) ;
#1363 = PLANE ( 'NONE',  #1766 ) ;
#1364 = VECTOR ( 'NONE', #210, 39.37007874015748143 ) ;
#1365 = ORIENTED_EDGE ( 'NONE', *, *, #285, .T. ) ;
#1366 = LINE ( 'NONE', #2168, #2616 ) ;
#1367 = DIRECTION ( 'NONE',  ( 0.000000000000000000, 0.000000000000000000, -1.000000000000000000 ) ) ;
#1368 = VERTEX_POINT ( 'NONE', #1143 ) ;
#1369 = CARTESIAN_POINT ( 'NONE',  ( 3.503956483293963586, 0.2500000000000000000, 2.325314961666666402 ) ) ;
#1370 = ADVANCED_FACE ( 'NONE', ( #2327 ), #140, .F. ) ;
#1371 = ORIENTED_EDGE ( 'NONE', *, *, #780, .F. ) ;
#1372 =( LENGTH_UNIT ( ) NAMED_UNIT ( * ) SI_UNIT ( $, .METRE. ) );
#1373 = PLANE ( 'NONE',  #776 ) ;
#1374 = ORIENTED_EDGE ( 'NONE', *, *, #228, .T. ) ;
#1375 = LINE ( 'NONE', #142, #1141 ) ;
#1376 = CARTESIAN_POINT ( 'NONE',  ( 3.503956483293963586, 0.1499999999999999944, 2.480314961666667095 ) ) ;
#1377 = EDGE_LOOP ( 'NONE', ( #153, #600 ) ) ;
#1378 = EDGE_CURVE ( 'NONE', #2414, #294, #2563, .T. ) ;
#1379 = DIRECTION ( 'NONE',  ( 0.7071067811865474617, 0.000000000000000000, -0.7071067811865474617 ) ) ;
#1380 = EDGE_CURVE ( 'NONE', #2399, #1864, #1736, .T. ) ;
#1381 = ORIENTED_EDGE ( 'NONE', *, *, #2606, .F. ) ;
#1382 = DIRECTION ( 'NONE',  ( 1.639108796198558326E-15, -0.000000000000000000, -1.000000000000000000 ) ) ;
#1383 = DIRECTION ( 'NONE',  ( -0.000000000000000000, 1.000000000000000000, -0.000000000000000000 ) ) ;
#1384 = ORIENTED_EDGE ( 'NONE', *, *, #999, .T. ) ;
#1385 = DIRECTION ( 'NONE',  ( -0.7071067811865474617, 0.000000000000000000, 0.7071067811865474617 ) ) ;
#1386 = DIRECTION ( 'NONE',  ( -0.000000000000000000, -1.000000000000000000, -0.000000000000000000 ) ) ;
#1387 = ORIENTED_EDGE ( 'NONE', *, *, #70, .T. ) ;
#1388 = FACE_BOUND ( 'NONE', #1377, .T. ) ;
#1389 = ADVANCED_FACE ( 'NONE', ( #2339 ), #128, .T. ) ;
#1390 = VERTEX_POINT ( 'NONE', #931 ) ;
#1391 = PLANE ( 'NONE',  #2302 ) ;
#1392 = ADVANCED_FACE ( 'NONE', ( #1760 ), #943, .F. ) ;
#1393 = DIRECTION ( 'NONE',  ( 1.639108796198558326E-15, -0.000000000000000000, -1.000000000000000000 ) ) ;
#1394 = EDGE_CURVE ( 'NONE', #681, #1417, #2625, .T. ) ;
#1395 = DIRECTION ( 'NONE',  ( 1.000000000000000000, 0.000000000000000000, 0.000000000000000000 ) ) ;
#1396 = ORIENTED_EDGE ( 'NONE', *, *, #1071, .F. ) ;
#1397 = DIRECTION ( 'NONE',  ( -0.000000000000000000, 1.000000000000000000, -0.000000000000000000 ) ) ;
#1398 = DIRECTION ( 'NONE',  ( 0.7071067811865473507, 0.7071067811865476838, 0.000000000000000000 ) ) ;
#1399 = EDGE_CURVE ( 'NONE', #1989, #98, #1937, .T. ) ;
#1400 = ORIENTED_EDGE ( 'NONE', *, *, #2334, .F. ) ;
#1401 = AXIS2_PLACEMENT_3D ( 'NONE', #1369, #561, #1952 ) ;
#1402 = FACE_OUTER_BOUND ( 'NONE', #488, .T. ) ;
#1403 = VECTOR ( 'NONE', #1546, 39.37007874015748854 ) ;
#1404 = ORIENTED_EDGE ( 'NONE', *, *, #1166, .T. ) ;
#1405 = FACE_OUTER_BOUND ( 'NONE', #2119, .T. ) ;
#1406 = EDGE_CURVE ( 'NONE', #1126, #1177, #1205, .T. ) ;
#1407 = DIRECTION ( 'NONE',  ( -1.000000000000000000, 0.000000000000000000, 1.639108731666715927E-15 ) ) ;
#1408 = CARTESIAN_POINT ( 'NONE',  ( -3.137289810065616802, 0.3333333333333333148, 2.521981628333334058 ) ) ;
#1409 = ORIENTED_EDGE ( 'NONE', *, *, #695, .F. ) ;
#1410 = ADVANCED_FACE ( 'NONE', ( #2006 ), #2596, .F. ) ;
#1411 = LINE ( 'NONE', #1208, #926 ) ;
#1412 = CARTESIAN_POINT ( 'NONE',  ( 3.503956476732283498, 0.9583333300000000943, -2.455314961666662743 ) ) ;
#1413 = VECTOR ( 'NONE', #2493, 39.37007874015748143 ) ;
#1414 = VERTEX_POINT ( 'NONE', #786 ) ;
#1415 = FACE_BOUND ( 'NONE', #193, .T. ) ;
#1416 = FACE_OUTER_BOUND ( 'NONE', #1994, .T. ) ;
#1417 = VERTEX_POINT ( 'NONE', #1038 ) ;
#1418 = EDGE_LOOP ( 'NONE', ( #30, #1483, #1186, #2031, #1557, #2158, #1202, #1020, #1245, #692, #879, #834, #1444, #2297, #323 ) ) ;
#1419 = DIRECTION ( 'NONE',  ( 0.7071067811865487940, 0.4999999999999991118, -0.4999999999999993894 ) ) ;
#1420 = DIRECTION ( 'NONE',  ( -0.7071067811865454633, 0.7071067811865494601, 0.000000000000000000 ) ) ;
#1421 = ORIENTED_EDGE ( 'NONE', *, *, #2314, .F. ) ;
#1422 = LINE ( 'NONE', #2218, #393 ) ;
#1423 = EDGE_CURVE ( 'NONE', #584, #434, #163, .T. ) ;
#1424 = ORIENTED_EDGE ( 'NONE', *, *, #1739, .F. ) ;
#1425 = VECTOR ( 'NONE', #1628, 39.37007874015748143 ) ;
#1426 = CARTESIAN_POINT ( 'NONE',  ( 0.000000000000000000, 0.9999999966666665019, -2.230314963333333012 ) ) ;
#1427 = CARTESIAN_POINT ( 'NONE',  ( -2.848956476732283694, 0.2500000000000000000, 2.646981634895013702 ) ) ;
#1428 = EDGE_LOOP ( 'NONE', ( #626, #2524, #431, #2289 ) ) ;
#1429 = FACE_OUTER_BOUND ( 'NONE', #1808, .T. ) ;
#1430 = CARTESIAN_POINT ( 'NONE',  ( 3.545623143398951793, 0.08392556509887834360, 2.646981628333334502 ) ) ;
#1431 = VERTEX_POINT ( 'NONE', #1221 ) ;
#1432 = ORIENTED_EDGE ( 'NONE', *, *, #856, .F. ) ;
#1433 = CARTESIAN_POINT ( 'NONE',  ( 3.628956476732283942, 0.8333333299999997612, -2.455314961666662743 ) ) ;
#1434 = VECTOR ( 'NONE', #700, 39.37007874015748143 ) ;
#1435 = AXIS2_PLACEMENT_3D ( 'NONE', #2310, #492, #1109 ) ;
#1436 = CARTESIAN_POINT ( 'NONE',  ( 3.503956476732283498, 0.9583333300000002053, -2.280314961666660700 ) ) ;
#1437 = LINE ( 'NONE', #620, #997 ) ;
#1438 = ORIENTED_EDGE ( 'NONE', *, *, #2232, .F. ) ;
#1439 = DIRECTION ( 'NONE',  ( 0.000000000000000000, -0.7071067811865474617, -0.7071067811865474617 ) ) ;
#1440 = ORIENTED_EDGE ( 'NONE', *, *, #2545, .T. ) ;
#1441 = DIRECTION ( 'NONE',  ( -0.000000000000000000, -1.000000000000000000, -0.000000000000000000 ) ) ;
#1442 = EDGE_CURVE ( 'NONE', #1564, #886, #2439, .T. ) ;
#1443 = DIRECTION ( 'NONE',  ( -0.5000000000000018874, 0.5000000000000036637, 0.7071067811865437980 ) ) ;
#1444 = ORIENTED_EDGE ( 'NONE', *, *, #676, .F. ) ;
#1445 = VECTOR ( 'NONE', #881, 39.37007874015748143 ) ;
#1446 = CARTESIAN_POINT ( 'NONE',  ( -3.312289810065616180, 0.3333333333333333148, 2.521981628333334058 ) ) ;
#1447 = EDGE_CURVE ( 'NONE', #1283, #404, #591, .T. ) ;
#1448 = LINE ( 'NONE', #632, #944 ) ;
#1449 = VECTOR ( 'NONE', #1393, 39.37007874015748143 ) ;
#1450 = VECTOR ( 'NONE', #1162, 39.37007874015748143 ) ;
#1451 = LINE ( 'NONE', #785, #513 ) ;
#1452 = VECTOR ( 'NONE', #1069, 39.37007874015748854 ) ;
#1453 = CARTESIAN_POINT ( 'NONE',  ( -3.003956476732283942, 0.4166666616666661049, 2.813648295000000132 ) ) ;
#1454 = VERTEX_POINT ( 'NONE', #414 ) ;
#1455 = PLANE ( 'NONE',  #1607 ) ;
#1456 = DIRECTION ( 'NONE',  ( 1.639108796198558326E-15, -0.000000000000000000, -1.000000000000000000 ) ) ;
#1457 = ORIENTED_EDGE ( 'NONE', *, *, #2424, .F. ) ;
#1458 = CARTESIAN_POINT ( 'NONE',  ( -3.312289810065616180, 0.3333333333333333148, 2.771981628333333614 ) ) ;
#1459 = CARTESIAN_POINT ( 'NONE',  ( 3.503956483293963586, 0.1500000000000000500, 2.215564961666666388 ) ) ;
#1460 = VECTOR ( 'NONE', #1294, 39.37007874015748143 ) ;
#1461 = ADVANCED_FACE ( 'NONE', ( #1850 ), #2032, .F. ) ;
#1462 = ADVANCED_FACE ( 'NONE', ( #361 ), #577, .F. ) ;
#1463 = EDGE_LOOP ( 'NONE', ( #2135, #994 ) ) ;
#1464 = DIRECTION ( 'NONE',  ( -0.000000000000000000, -0.000000000000000000, -1.000000000000000000 ) ) ;
#1465 = FACE_OUTER_BOUND ( 'NONE', #753, .T. ) ;
#1466 = EDGE_CURVE ( 'NONE', #1925, #2245, #805, .T. ) ;
#1467 = DIRECTION ( 'NONE',  ( -0.7071067811865479058, 0.7071067811865471286, 0.000000000000000000 ) ) ;
#1468 = CARTESIAN_POINT ( 'NONE',  ( 3.337289810065616980, 0.9166666616666671041, -2.146981628333333614 ) ) ;
#1469 = AXIS2_PLACEMENT_3D ( 'NONE', #453, #616, #438 ) ;
#1470 = ORIENTED_EDGE ( 'NONE', *, *, #2638, .F. ) ;
#1471 = LINE ( 'NONE', #61, #1530 ) ;
#1472 = DIRECTION ( 'NONE',  ( 0.8164965809277289210, 2.019110820702750068E-15, -0.5773502691896215122 ) ) ;
#1473 = AXIS2_PLACEMENT_3D ( 'NONE', #1971, #2571, #2360 ) ;
#1474 = VERTEX_POINT ( 'NONE', #1025 ) ;
#1475 = CARTESIAN_POINT ( 'NONE',  ( -3.137289810065616802, 0.2083333333333333981, 2.646981628333334058 ) ) ;
#1476 = DIRECTION ( 'NONE',  ( -0.4999999999999975575, 0.4999999999999993894, 0.7071067811865496822 ) ) ;
#1477 = ORIENTED_EDGE ( 'NONE', *, *, #2349, .F. ) ;
#1478 = PLANE ( 'NONE',  #1469 ) ;
#1479 = LINE ( 'NONE', #455, #2140 ) ;
#1480 = EDGE_CURVE ( 'NONE', #1414, #176, #1437, .T. ) ;
#1481 = AXIS2_PLACEMENT_3D ( 'NONE', #2553, #1558, #2164 ) ;
#1482 = DIRECTION ( 'NONE',  ( 8.659560562354921765E-17, 0.7071067811865484609, -0.7071067811865465735 ) ) ;
#1483 = ORIENTED_EDGE ( 'NONE', *, *, #1756, .F. ) ;
#1484 = ADVANCED_FACE ( 'NONE', ( #189 ), #177, .F. ) ;
#1485 = LINE ( 'NONE', #1298, #2471 ) ;
#1486 = ORIENTED_EDGE ( 'NONE', *, *, #498, .F. ) ;
#1487 = CARTESIAN_POINT ( 'NONE',  ( 3.670623143398950017, 0.2500000000000000000, -2.146981628333333614 ) ) ;
#1488 = EDGE_CURVE ( 'NONE', #1981, #1675, #1422, .T. ) ;
#1489 = AXIS2_PLACEMENT_3D ( 'NONE', #1257, #2472, #2061 ) ;
#1490 = ORIENTED_EDGE ( 'NONE', *, *, #2545, .F. ) ;
#1491 = CARTESIAN_POINT ( 'NONE',  ( 3.120291383003144681, 0.2000000000000000111, 3.120291383003144681 ) ) ;
#1492 = CARTESIAN_POINT ( 'NONE',  ( 3.337289810065616980, 0.000000000000000000, 2.480314961666667095 ) ) ;
#1493 = VERTEX_POINT ( 'NONE', #1837 ) ;
#1494 = LINE ( 'NONE', #1721, #1049 ) ;
#1495 = LINE ( 'NONE', #1511, #1884 ) ;
#1496 = VECTOR ( 'NONE', #2419, 39.37007874015748143 ) ;
#1497 = CARTESIAN_POINT ( 'NONE',  ( -2.848956476732283694, 0.1500000000000000500, 2.537231634895013688 ) ) ;
#1498 = AXIS2_PLACEMENT_3D ( 'NONE', #656, #252, #279 ) ;
#1499 = ORIENTED_EDGE ( 'NONE', *, *, #921, .T. ) ;
#1500 = DIRECTION ( 'NONE',  ( 0.000000000000000000, 0.7071067811865474617, 0.7071067811865474617 ) ) ;
#1501 = ADVANCED_FACE ( 'NONE', ( #1992 ), #2, .F. ) ;
#1502 = ORIENTED_EDGE ( 'NONE', *, *, #2337, .F. ) ;
#1503 = AXIS2_PLACEMENT_3D ( 'NONE', #2315, #224, #2287 ) ;
#1504 = CYLINDRICAL_SURFACE ( 'NONE', #1435, 0.08474999999999968670 ) ;
#1505 = ADVANCED_FACE ( 'NONE', ( #373 ), #764, .T. ) ;
#1506 = VERTEX_POINT ( 'NONE', #1453 ) ;
#1507 = DIRECTION ( 'NONE',  ( -0.000000000000000000, 1.000000000000000000, -0.000000000000000000 ) ) ;
#1508 = DIRECTION ( 'NONE',  ( 0.000000000000000000, 0.000000000000000000, 1.000000000000000000 ) ) ;
#1509 = EDGE_LOOP ( 'NONE', ( #1741, #1263, #1011, #557, #1535, #452, #666 ) ) ;
#1510 = DIRECTION ( 'NONE',  ( 0.5773502691896231775, -0.5773502691896307271, 0.5773502691896231775 ) ) ;
#1511 = CARTESIAN_POINT ( 'NONE',  ( -3.818627334004918605, -0.7198680945159899869, 2.646981628333338943 ) ) ;
#1512 = AXIS2_PLACEMENT_3D ( 'NONE', #1255, #2059, #1048 ) ;
#1513 = EDGE_CURVE ( 'NONE', #948, #1274, #1485, .T. ) ;
#1514 = PLANE ( 'NONE',  #1207 ) ;
#1515 = ORIENTED_EDGE ( 'NONE', *, *, #1962, .T. ) ;
#1516 = EDGE_LOOP ( 'NONE', ( #1544, #1612, #2564, #550 ) ) ;
#1517 = DIRECTION ( 'NONE',  ( 1.000000000000000000, 0.000000000000000000, 0.000000000000000000 ) ) ;
#1518 = VERTEX_POINT ( 'NONE', #1077 ) ;
#1519 = LINE ( 'NONE', #2503, #1452 ) ;
#1520 = PLANE ( 'NONE',  #339 ) ;
#1521 = EDGE_LOOP ( 'NONE', ( #1206, #1384 ) ) ;
#1522 = CARTESIAN_POINT ( 'NONE',  ( 3.664311815791618354, 0.8333333299999998722, -2.480314961666667095 ) ) ;
#1523 = FACE_OUTER_BOUND ( 'NONE', #2060, .T. ) ;
#1524 = CARTESIAN_POINT ( 'NONE',  ( 3.628956476732283054, 0.3333333333333331483, -2.455314961666661411 ) ) ;
#1525 = ORIENTED_EDGE ( 'NONE', *, *, #2077, .F. ) ;
#1526 = CARTESIAN_POINT ( 'NONE',  ( 3.378956476732283942, 0.02499999999999986955, 2.646981628333333170 ) ) ;
#1527 = ORIENTED_EDGE ( 'NONE', *, *, #1406, .F. ) ;
#1528 = FACE_OUTER_BOUND ( 'NONE', #630, .T. ) ;
#1529 = CIRCLE ( 'NONE', #1696, 0.1550000000000009426 ) ;
#1530 = VECTOR ( 'NONE', #1066, 39.37007874015748854 ) ;
#1531 = CARTESIAN_POINT ( 'NONE',  ( 3.420623145065616821, 0.4999999966666666684, 2.563648296666666493 ) ) ;
#1532 = ORIENTED_EDGE ( 'NONE', *, *, #554, .F. ) ;
#1533 = FACE_BOUND ( 'NONE', #147, .T. ) ;
#1534 = FACE_OUTER_BOUND ( 'NONE', #907, .T. ) ;
#1535 = ORIENTED_EDGE ( 'NONE', *, *, #199, .T. ) ;
#1536 = ADVANCED_FACE ( 'NONE', ( #29 ), #1284, .T. ) ;
#1537 = DIRECTION ( 'NONE',  ( 0.000000000000000000, 0.000000000000000000, 1.000000000000000000 ) ) ;
#1538 = LINE ( 'NONE', #1755, #634 ) ;
#1539 = EDGE_CURVE ( 'NONE', #2090, #1177, #2296, .T. ) ;
#1540 = AXIS2_PLACEMENT_3D ( 'NONE', #975, #211, #1830 ) ;
#1541 = CARTESIAN_POINT ( 'NONE',  ( -2.848956476732283694, 0.1500000000000000500, 2.756731634895013716 ) ) ;
#1542 = DIRECTION ( 'NONE',  ( 0.000000000000000000, -0.000000000000000000, -1.000000000000000000 ) ) ;
#1543 = VECTOR ( 'NONE', #364, 39.37007874015748143 ) ;
#1544 = ORIENTED_EDGE ( 'NONE', *, *, #1799, .T. ) ;
#1545 = CARTESIAN_POINT ( 'NONE',  ( 3.378956476732283942, 0.2000000000000000111, 2.646981628333333170 ) ) ;
#1546 = DIRECTION ( 'NONE',  ( -0.7071067811865474617, 0.000000000000000000, 0.7071067811865474617 ) ) ;
#1547 = ORIENTED_EDGE ( 'NONE', *, *, #1354, .T. ) ;
#1548 = CARTESIAN_POINT ( 'NONE',  ( -3.337289810065616980, 0.2500000000000000000, 2.813648295000000132 ) ) ;
#1549 = LINE ( 'NONE', #2346, #974 ) ;
#1550 = EDGE_CURVE ( 'NONE', #644, #1620, #845, .T. ) ;
#1551 = VECTOR ( 'NONE', #2607, 39.37007874015748143 ) ;
#1552 = EDGE_CURVE ( 'NONE', #2245, #442, #1877, .T. ) ;
#1553 = FACE_OUTER_BOUND ( 'NONE', #1778, .T. ) ;
#1554 = VERTEX_POINT ( 'NONE', #259 ) ;
#1555 = DIRECTION ( 'NONE',  ( 0.000000000000000000, 0.000000000000000000, -1.000000000000000000 ) ) ;
#1556 = DIRECTION ( 'NONE',  ( -0.7071067811865487940, 0.7071067811865462405, 0.000000000000000000 ) ) ;
#1557 = ORIENTED_EDGE ( 'NONE', *, *, #852, .F. ) ;
#1558 = DIRECTION ( 'NONE',  ( 0.7071067811865435759, 0.5000000000000027756, 0.5000000000000029976 ) ) ;
#1559 = LINE ( 'NONE', #1359, #1912 ) ;
#1560 = AXIS2_PLACEMENT_3D ( 'NONE', #563, #1395, #400 ) ;
#1561 = EDGE_CURVE ( 'NONE', #275, #2187, #2268, .T. ) ;
#1562 = CARTESIAN_POINT ( 'NONE',  ( 5.092853002107914600E-15, -5.420674761347621847E-15, -2.280314961666667806 ) ) ;
#1563 = DIRECTION ( 'NONE',  ( 0.000000000000000000, -1.000000000000000000, 0.000000000000000000 ) ) ;
#1564 = VERTEX_POINT ( 'NONE', #1686 ) ;
#1565 = EDGE_CURVE ( 'NONE', #401, #1878, #875, .T. ) ;
#1566 = LINE ( 'NONE', #2550, #244 ) ;
#1567 = CARTESIAN_POINT ( 'NONE',  ( 3.503956483293963586, 0.000000000000000000, 2.325314961666666402 ) ) ;
#1568 = ORIENTED_EDGE ( 'NONE', *, *, #589, .T. ) ;
#1569 = LINE ( 'NONE', #758, #2580 ) ;
#1570 = ORIENTED_EDGE ( 'NONE', *, *, #951, .F. ) ;
#1571 = DIRECTION ( 'NONE',  ( 0.000000000000000000, 0.000000000000000000, -1.000000000000000000 ) ) ;
#1572 = EDGE_CURVE ( 'NONE', #1091, #2418, #46, .T. ) ;
#1573 = PLANE ( 'NONE',  #1473 ) ;
#1574 = EDGE_CURVE ( 'NONE', #2234, #2214, #1269, .T. ) ;
#1575 = CIRCLE ( 'NONE', #80, 0.08474999999999968670 ) ;
#1576 = EDGE_LOOP ( 'NONE', ( #2174, #2202, #1685, #2446 ) ) ;
#1577 = DIRECTION ( 'NONE',  ( 0.000000000000000000, 0.000000000000000000, 1.000000000000000000 ) ) ;
#1578 = DIRECTION ( 'NONE',  ( 1.000000000000000000, 0.000000000000000000, 0.000000000000000000 ) ) ;
#1579 = AXIS2_PLACEMENT_3D ( 'NONE', #730, #2155, #2338 ) ;
#1580 = ADVANCED_FACE ( 'NONE', ( #474 ), #860, .T. ) ;
#1581 = VECTOR ( 'NONE', #221, 39.37007874015748143 ) ;
#1582 = ORIENTED_EDGE ( 'NONE', *, *, #1771, .T. ) ;
#1583 = DIRECTION ( 'NONE',  ( -3.278217463333442504E-15, -0.000000000000000000, 1.000000000000000000 ) ) ;
#1584 = AXIS2_PLACEMENT_3D ( 'NONE', #894, #908, #2148 ) ;
#1585 = ORIENTED_EDGE ( 'NONE', *, *, #1254, .T. ) ;
#1586 = LINE ( 'NONE', #315, #149 ) ;
#1587 = VECTOR ( 'NONE', #59, 39.37007874015748143 ) ;
#1588 = CARTESIAN_POINT ( 'NONE',  ( -2.848956476732283694, 0.1499999999999999944, 2.646981634895013702 ) ) ;
#1589 = VERTEX_POINT ( 'NONE', #665 ) ;
#1590 = LINE ( 'NONE', #154, #2586 ) ;
#1591 = CARTESIAN_POINT ( 'NONE',  ( 3.628956476732283054, 0.3333333333333333148, -2.280314961666660700 ) ) ;
#1592 = ORIENTED_EDGE ( 'NONE', *, *, #1394, .F. ) ;
#1593 = FACE_OUTER_BOUND ( 'NONE', #699, .T. ) ;
#1594 = PLANE ( 'NONE',  #2413 ) ;
#1595 = ORIENTED_EDGE ( 'NONE', *, *, #501, .T. ) ;
#1596 = AXIS2_PLACEMENT_3D ( 'NONE', #1711, #1670, #1467 ) ;
#1597 = CARTESIAN_POINT ( 'NONE',  ( 0.4733097546698115665, 0.2000000000000000111, -0.4733097546698115665 ) ) ;
#1598 = DIRECTION ( 'NONE',  ( -0.000000000000000000, 1.000000000000000000, -0.000000000000000000 ) ) ;
#1599 = ORIENTED_EDGE ( 'NONE', *, *, #2111, .T. ) ;
#1600 = CARTESIAN_POINT ( 'NONE',  ( -3.003956476732283942, 0.4166666616666661049, 2.813648295000000132 ) ) ;
#1601 = DIRECTION ( 'NONE',  ( -0.7071067811865474617, 0.000000000000000000, 0.7071067811865474617 ) ) ;
#1602 = VERTEX_POINT ( 'NONE', #1903 ) ;
#1603 = CARTESIAN_POINT ( 'NONE',  ( 3.503956476732300818, 1.663777938283605096, -1.629713600101181825 ) ) ;
#1604 = ADVANCED_FACE ( 'NONE', ( #230 ), #2281, .F. ) ;
#1605 = ORIENTED_EDGE ( 'NONE', *, *, #574, .T. ) ;
#1606 = DIRECTION ( 'NONE',  ( 0.000000000000000000, 0.000000000000000000, 1.000000000000000000 ) ) ;
#1607 = AXIS2_PLACEMENT_3D ( 'NONE', #1013, #652, #1630 ) ;
#1608 = ADVANCED_FACE ( 'NONE', ( #635 ), #430, .T. ) ;
#1609 = DIRECTION ( 'NONE',  ( 1.000000000000000000, 0.000000000000000000, 0.000000000000000000 ) ) ;
#1610 = ORIENTED_EDGE ( 'NONE', *, *, #1943, .F. ) ;
#1611 = DIRECTION ( 'NONE',  ( 1.639108796198558326E-15, -0.000000000000000000, -1.000000000000000000 ) ) ;
#1612 = ORIENTED_EDGE ( 'NONE', *, *, #2358, .F. ) ;
#1613 = LINE ( 'NONE', #2415, #2071 ) ;
#1614 = DIRECTION ( 'NONE',  ( 0.7071067811865483499, 0.7071067811865466846, -9.860761315262645378E-32 ) ) ;
#1615 = CIRCLE ( 'NONE', #461, 0.1097500000000001114 ) ;
#1616 = ORIENTED_EDGE ( 'NONE', *, *, #2638, .T. ) ;
#1617 = CARTESIAN_POINT ( 'NONE',  ( -3.337289810065616980, 0.2948223304703355141, 2.768825964529664674 ) ) ;
#1618 = VECTOR ( 'NONE', #311, 39.37007874015748143 ) ;
#1619 = DIRECTION ( 'NONE',  ( 1.499910895379163181E-14, 0.8164965809277184849, 0.5773502691896362782 ) ) ;
#1620 = VERTEX_POINT ( 'NONE', #1863 ) ;
#1621 = AXIS2_PLACEMENT_3D ( 'NONE', #1427, #155, #581 ) ;
#1622 = VERTEX_POINT ( 'NONE', #1468 ) ;
#1623 = CARTESIAN_POINT ( 'NONE',  ( 3.378956476732283942, 0.1750000000000001554, 2.646981628333333170 ) ) ;
#1624 = EDGE_CURVE ( 'NONE', #1200, #1454, #2001, .T. ) ;
#1625 = FACE_OUTER_BOUND ( 'NONE', #734, .T. ) ;
#1626 = ORIENTED_EDGE ( 'NONE', *, *, #554, .T. ) ;
#1627 = EDGE_CURVE ( 'NONE', #1051, #1656, #1251, .T. ) ;
#1628 = DIRECTION ( 'NONE',  ( 0.000000000000000000, -0.7071067811865476838, 0.7071067811865473507 ) ) ;
#1629 = ORIENTED_EDGE ( 'NONE', *, *, #1954, .T. ) ;
#1630 = DIRECTION ( 'NONE',  ( 0.000000000000000000, 0.000000000000000000, -1.000000000000000000 ) ) ;
#1631 = CARTESIAN_POINT ( 'NONE',  ( 3.030646722062471987, 0.2000000000000000111, 3.030646722062471987 ) ) ;
#1632 = AXIS2_PLACEMENT_3D ( 'NONE', #1928, #884, #240 ) ;
#1633 = ORIENTED_EDGE ( 'NONE', *, *, #1309, .F. ) ;
#1634 = CARTESIAN_POINT ( 'NONE',  ( 3.503956476732283942, 0.02499999999999986955, 2.771981628333333170 ) ) ;
#1635 = DIRECTION ( 'NONE',  ( -0.7071067811865491270, -0.7071067811865459074, 0.000000000000000000 ) ) ;
#1636 = ORIENTED_EDGE ( 'NONE', *, *, #2382, .T. ) ;
#1637 = DIRECTION ( 'NONE',  ( 0.000000000000000000, -0.7071067811865476838, -0.7071067811865473507 ) ) ;
#1638 = DIRECTION ( 'NONE',  ( 0.000000000000000000, -0.7071067811865476838, -0.7071067811865473507 ) ) ;
#1639 = CARTESIAN_POINT ( 'NONE',  ( -2.413693387694104242, -0.6003418799284301333, 2.646981628333339831 ) ) ;
#1640 = DIRECTION ( 'NONE',  ( 1.639108796198558326E-15, -0.000000000000000000, -1.000000000000000000 ) ) ;
#1641 = ORIENTED_EDGE ( 'NONE', *, *, #1423, .T. ) ;
#1642 = VECTOR ( 'NONE', #1780, 39.37007874015748143 ) ;
#1643 = DIRECTION ( 'NONE',  ( -1.000000000000000000, 0.000000000000000000, 0.000000000000000000 ) ) ;
#1644 = CARTESIAN_POINT ( 'NONE',  ( 3.503956476732307035, -1.228660565700759655, 0.5369058193510516386 ) ) ;
#1645 = ADVANCED_FACE ( 'NONE', ( #396 ), #476, .F. ) ;
#1646 = VERTEX_POINT ( 'NONE', #1846 ) ;
#1647 = DIRECTION ( 'NONE',  ( 0.000000000000000000, 1.000000000000000000, 0.000000000000000000 ) ) ;
#1648 = DIRECTION ( 'NONE',  ( -1.639108796198560889E-15, 0.000000000000000000, -1.000000000000000000 ) ) ;
#1649 = ORIENTED_EDGE ( 'NONE', *, *, #1929, .F. ) ;
#1650 = DIRECTION ( 'NONE',  ( -0.000000000000000000, 1.000000000000000000, -0.000000000000000000 ) ) ;
#1651 = DIRECTION ( 'NONE',  ( -0.7071067811865491270, -0.7071067811865459074, 0.000000000000000000 ) ) ;
#1652 = AXIS2_PLACEMENT_3D ( 'NONE', #1548, #940, #529 ) ;
#1653 = AXIS2_PLACEMENT_3D ( 'NONE', #49, #1272, #2298 ) ;
#1654 = DIRECTION ( 'NONE',  ( 0.000000000000000000, -0.7071067811865476838, -0.7071067811865473507 ) ) ;
#1655 = CARTESIAN_POINT ( 'NONE',  ( -3.003956476732283942, 0.2500000000000000000, 2.480314961666667095 ) ) ;
#1656 = VERTEX_POINT ( 'NONE', #27 ) ;
#1657 = CARTESIAN_POINT ( 'NONE',  ( 3.503956476732283942, 0.4229779942740053422, -2.280314961666661144 ) ) ;
#1658 = CARTESIAN_POINT ( 'NONE',  ( -2.848956476732283694, 0.1500000000000000500, 2.537231634895013688 ) ) ;
#1659 = EDGE_CURVE ( 'NONE', #1506, #1717, #1448, .T. ) ;
#1660 = ORIENTED_EDGE ( 'NONE', *, *, #2562, .T. ) ;
#1661 = FACE_OUTER_BOUND ( 'NONE', #115, .T. ) ;
#1662 = CARTESIAN_POINT ( 'NONE',  ( 3.337289810065616980, 0.9999999966666665019, -2.480314961666667095 ) ) ;
#1663 = ADVANCED_FACE ( 'NONE', ( #410 ), #227, .F. ) ;
#1664 = EDGE_LOOP ( 'NONE', ( #1005, #62, #334, #598 ) ) ;
#1665 = VECTOR ( 'NONE', #1619, 39.37007874015748854 ) ;
#1666 = DIRECTION ( 'NONE',  ( 0.000000000000000000, -1.000000000000000000, 0.000000000000000000 ) ) ;
#1667 = CARTESIAN_POINT ( 'NONE',  ( 1.393880667750001967, -1.228660565700759655, 2.646981628333356262 ) ) ;
#1668 = AXIS2_PLACEMENT_3D ( 'NONE', #1769, #751, #1571 ) ;
#1669 = CIRCLE ( 'NONE', #2464, 0.08474999999999968670 ) ;
#1670 = DIRECTION ( 'NONE',  ( 0.7071067811865471286, 0.7071067811865479058, 1.159024944894518790E-15 ) ) ;
#1671 = AXIS2_PLACEMENT_3D ( 'NONE', #685, #1507, #2300 ) ;
#1672 = CARTESIAN_POINT ( 'NONE',  ( 3.337289810065616980, 0.2500000000000000000, 2.480314961666667095 ) ) ;
#1673 = ORIENTED_EDGE ( 'NONE', *, *, #1565, .F. ) ;
#1674 = DIRECTION ( 'NONE',  ( 0.5773502691896231775, -0.5773502691896307271, -0.5773502691896231775 ) ) ;
#1675 = VERTEX_POINT ( 'NONE', #1203 ) ;
#1676 = DIRECTION ( 'NONE',  ( 0.000000000000000000, -0.000000000000000000, -1.000000000000000000 ) ) ;
#1677 = DIRECTION ( 'NONE',  ( -0.000000000000000000, 1.000000000000000000, -0.000000000000000000 ) ) ;
#1678 = VECTOR ( 'NONE', #784, 39.37007874015748143 ) ;
#1679 = VERTEX_POINT ( 'NONE', #1034 ) ;
#1680 = EDGE_CURVE ( 'NONE', #1431, #641, #2407, .T. ) ;
#1681 = CARTESIAN_POINT ( 'NONE',  ( 3.664311815791618798, 0.3333333333333333148, -2.480314961666667095 ) ) ;
#1682 = LINE ( 'NONE', #2468, #986 ) ;
#1683 = EDGE_CURVE ( 'NONE', #2172, #1878, #2621, .T. ) ;
#1684 = LINE ( 'NONE', #663, #1169 ) ;
#1685 = ORIENTED_EDGE ( 'NONE', *, *, #531, .F. ) ;
#1686 = CARTESIAN_POINT ( 'NONE',  ( 3.503956476732283498, 0.2083333333333333426, -2.305314961666661500 ) ) ;
#1687 = ORIENTED_EDGE ( 'NONE', *, *, #531, .T. ) ;
#1688 = LINE ( 'NONE', #2284, #1949 ) ;
#1689 = ORIENTED_EDGE ( 'NONE', *, *, #867, .F. ) ;
#1690 = DIRECTION ( 'NONE',  ( -0.5000000000000067724, -0.5000000000000007772, 0.7071067811865421326 ) ) ;
#1691 = LINE ( 'NONE', #671, #40 ) ;
#1692 = ORIENTED_EDGE ( 'NONE', *, *, #2606, .T. ) ;
#1693 = LINE ( 'NONE', #1278, #657 ) ;
#1694 = FACE_OUTER_BOUND ( 'NONE', #2054, .T. ) ;
#1695 = ADVANCED_FACE ( 'NONE', ( #201 ), #798, .F. ) ;
#1696 = AXIS2_PLACEMENT_3D ( 'NONE', #485, #2344, #1348 ) ;
#1697 = CARTESIAN_POINT ( 'NONE',  ( 3.337289810065616980, 0.000000000000000000, -2.480314961666667095 ) ) ;
#1698 = VERTEX_POINT ( 'NONE', #2043 ) ;
#1699 = ADVANCED_FACE ( 'NONE', ( #1405 ), #1046, .F. ) ;
#1700 = CARTESIAN_POINT ( 'NONE',  ( 3.503956476732283498, 0.7083333300000002053, -2.455314961666662743 ) ) ;
#1701 = ORIENTED_EDGE ( 'NONE', *, *, #2443, .F. ) ;
#1702 = PLANE ( 'NONE',  #2497 ) ;
#1703 = EDGE_CURVE ( 'NONE', #166, #631, #214, .T. ) ;
#1704 = ORIENTED_EDGE ( 'NONE', *, *, #2283, .F. ) ;
#1705 = CARTESIAN_POINT ( 'NONE',  ( 2.123822572895821104, 2.123822572895798455, -2.280314961666666917 ) ) ;
#1706 = CARTESIAN_POINT ( 'NONE',  ( 0.000000000000000000, 0.9999999966666665019, -2.230314963333333012 ) ) ;
#1707 = VERTEX_POINT ( 'NONE', #1860 ) ;
#1708 = CARTESIAN_POINT ( 'NONE',  ( 2.391526538932644108, 1.695763266132988889, 1.534551690533694224 ) ) ;
#1709 = LINE ( 'NONE', #471, #1460 ) ;
#1710 = VECTOR ( 'NONE', #195, 39.37007874015748143 ) ;
#1711 = CARTESIAN_POINT ( 'NONE',  ( 3.628956476732283942, 0.8333333299999998722, -2.280314961666660700 ) ) ;
#1712 = VECTOR ( 'NONE', #718, 39.37007874015748143 ) ;
#1713 = VERTEX_POINT ( 'NONE', #2203 ) ;
#1714 = ORIENTED_EDGE ( 'NONE', *, *, #1818, .T. ) ;
#1715 = EDGE_CURVE ( 'NONE', #783, #971, #2249, .T. ) ;
#1716 = CARTESIAN_POINT ( 'NONE',  ( 3.587289808398950619, 0.4999999966666666684, 2.563648296666666493 ) ) ;
#1717 = VERTEX_POINT ( 'NONE', #1820 ) ;
#1718 = FACE_OUTER_BOUND ( 'NONE', #11, .T. ) ;
#1719 = CARTESIAN_POINT ( 'NONE',  ( -3.162289810065615825, 0.2083333333333333981, 2.646981628333334058 ) ) ;
#1720 = EDGE_LOOP ( 'NONE', ( #1216, #1260, #595, #2151 ) ) ;
#1721 = CARTESIAN_POINT ( 'NONE',  ( 3.632112138869283857, 0.5448223288036651013, -2.480314961666667095 ) ) ;
#1722 = DIRECTION ( 'NONE',  ( 0.000000000000000000, -1.000000000000000000, 0.000000000000000000 ) ) ;
#1723 = ORIENTED_EDGE ( 'NONE', *, *, #1683, .T. ) ;
#1724 =( NAMED_UNIT ( * ) SI_UNIT ( $, .STERADIAN. ) SOLID_ANGLE_UNIT ( ) );
#1725 = ORIENTED_EDGE ( 'NONE', *, *, #570, .F. ) ;
#1726 = PLANE ( 'NONE',  #359 ) ;
#1727 = ADVANCED_FACE ( 'NONE', ( #842 ), #1391, .F. ) ;
#1728 = ORIENTED_EDGE ( 'NONE', *, *, #489, .T. ) ;
#1729 = LINE ( 'NONE', #919, #1827 ) ;
#1730 = CARTESIAN_POINT ( 'NONE',  ( 3.628956476732283942, 0.8333333300000000943, -2.455314961666662743 ) ) ;
#1731 = EDGE_LOOP ( 'NONE', ( #1723, #12, #1232, #1194 ) ) ;
#1732 = LINE ( 'NONE', #2112, #1434 ) ;
#1733 = CARTESIAN_POINT ( 'NONE',  ( 3.503956476732283942, 0.9583333300000002053, -2.455314961666662743 ) ) ;
#1734 =( CONVERSION_BASED_UNIT ( 'INCH', #915 ) LENGTH_UNIT ( ) NAMED_UNIT ( #1922 ) );
#1735 = LINE ( 'NONE', #1893, #2404 ) ;
#1736 = LINE ( 'NONE', #1957, #870 ) ;
#1737 = ORIENTED_EDGE ( 'NONE', *, *, #2358, .T. ) ;
#1738 = LINE ( 'NONE', #2537, #1115 ) ;
#1739 = EDGE_CURVE ( 'NONE', #1200, #1274, #13, .T. ) ;
#1740 = DIRECTION ( 'NONE',  ( 0.5773502691896281735, 4.999702984597255569E-15, -0.8164965809277242581 ) ) ;
#1741 = ORIENTED_EDGE ( 'NONE', *, *, #123, .F. ) ;
#1742 = PLANE ( 'NONE',  #1652 ) ;
#1743 = ADVANCED_FACE ( 'NONE', ( #2436 ), #617, .F. ) ;
#1744 = LINE ( 'NONE', #136, #2239 ) ;
#1745 = CIRCLE ( 'NONE', #2539, 0.8333333333333339255 ) ;
#1746 = PLANE ( 'NONE',  #1914 ) ;
#1747 = LINE ( 'NONE', #1772, #741 ) ;
#1748 = VECTOR ( 'NONE', #388, 39.37007874015748143 ) ;
#1749 = ORIENTED_EDGE ( 'NONE', *, *, #443, .T. ) ;
#1750 = CARTESIAN_POINT ( 'NONE',  ( 3.378956476732283942, 0.02499999999999986955, 2.646981628333333170 ) ) ;
#1751 = DIRECTION ( 'NONE',  ( 0.000000000000000000, 0.000000000000000000, 1.000000000000000000 ) ) ;
#1752 = PRODUCT_DEFINITION ( 'UNKNOWN', '', #2256, #65 ) ;
#1753 = ORIENTED_EDGE ( 'NONE', *, *, #2376, .F. ) ;
#1754 = DIRECTION ( 'NONE',  ( 0.8164965809277271447, -0.5773502691896242878, 3.333135323064850851E-15 ) ) ;
#1755 = CARTESIAN_POINT ( 'NONE',  ( 3.378956476732283942, 0.1750000000000001554, 2.646981628333333170 ) ) ;
#1756 = EDGE_CURVE ( 'NONE', #1112, #1417, #2452, .T. ) ;
#1757 = VECTOR ( 'NONE', #2469, 39.37007874015748143 ) ;
#1758 = ADVANCED_FACE ( 'NONE', ( #2124 ), #675, .T. ) ;
#1759 = DIRECTION ( 'NONE',  ( -0.000000000000000000, -1.000000000000000000, -0.000000000000000000 ) ) ;
#1760 = FACE_OUTER_BOUND ( 'NONE', #186, .T. ) ;
#1761 = ORIENTED_EDGE ( 'NONE', *, *, #1986, .F. ) ;
#1762 = CARTESIAN_POINT ( 'NONE',  ( -2.693956476732283001, 0.2500000000000000000, 2.646981634895013702 ) ) ;
#1763 = CARTESIAN_POINT ( 'NONE',  ( -3.253364244966737040, 0.3333333333333337589, 2.688648295000001465 ) ) ;
#1764 = VERTEX_POINT ( 'NONE', #500 ) ;
#1765 = DIRECTION ( 'NONE',  ( -0.000000000000000000, 1.000000000000000000, -0.000000000000000000 ) ) ;
#1766 = AXIS2_PLACEMENT_3D ( 'NONE', #967, #1563, #1542 ) ;
#1767 = ORIENTED_EDGE ( 'NONE', *, *, #2283, .T. ) ;
#1768 = ADVANCED_FACE ( 'NONE', ( #55 ), #1074, .F. ) ;
#1769 = CARTESIAN_POINT ( 'NONE',  ( 3.670623143398950017, 0.9999999966666665019, -1.646981628333333614 ) ) ;
#1770 = PRODUCT_DEFINITION_SHAPE ( 'NONE', 'NONE',  #1752 ) ;
#1771 = EDGE_CURVE ( 'NONE', #2295, #1390, #1495, .T. ) ;
#1772 = CARTESIAN_POINT ( 'NONE',  ( -3.337289810065616980, 0.4999999966666666684, 2.480314961666667095 ) ) ;
#1773 = ORIENTED_EDGE ( 'NONE', *, *, #1085, .T. ) ;
#1774 = LINE ( 'NONE', #1960, #789 ) ;
#1775 = LINE ( 'NONE', #2375, #760 ) ;
#1776 = EDGE_LOOP ( 'NONE', ( #1365, #2316, #386, #812 ) ) ;
#1777 = CARTESIAN_POINT ( 'NONE',  ( -3.312289810065616180, 0.3333333333333333148, 2.521981628333334058 ) ) ;
#1778 = EDGE_LOOP ( 'NONE', ( #277, #2635, #2514, #66 ) ) ;
#1779 = CARTESIAN_POINT ( 'NONE',  ( 3.503956476732283498, 0.9583333300000000943, -2.455314961666662743 ) ) ;
#1780 = DIRECTION ( 'NONE',  ( 1.639108796198558326E-15, -0.000000000000000000, -1.000000000000000000 ) ) ;
#1781 = VECTOR ( 'NONE', #865, 39.37007874015748143 ) ;
#1782 = ADVANCED_FACE ( 'NONE', ( #1523 ), #2319, .F. ) ;
#1783 = VERTEX_POINT ( 'NONE', #900 ) ;
#1784 = CARTESIAN_POINT ( 'NONE',  ( -3.337289810065616980, 0.2500000000000000000, 2.480314961666667095 ) ) ;
#1785 = CARTESIAN_POINT ( 'NONE',  ( 3.670623143398950017, 0.2500000000000000000, 2.480314961666667095 ) ) ;
#1786 = AXIS2_PLACEMENT_3D ( 'NONE', #1341, #139, #740 ) ;
#1787 = VECTOR ( 'NONE', #1866, 39.37007874015748143 ) ;
#1788 = EDGE_CURVE ( 'NONE', #1315, #770, #284, .T. ) ;
#1789 = VERTEX_POINT ( 'NONE', #43 ) ;
#1790 = DIRECTION ( 'NONE',  ( -0.7071067811865473507, -0.7071067811865476838, 0.000000000000000000 ) ) ;
#1791 = ORIENTED_EDGE ( 'NONE', *, *, #1811, .F. ) ;
#1792 = CARTESIAN_POINT ( 'NONE',  ( 3.343601137672956636, 0.000000000000000000, 2.646981628333333170 ) ) ;
#1793 = VECTOR ( 'NONE', #2423, 39.37007874015748143 ) ;
#1794 = CARTESIAN_POINT ( 'NONE',  ( 3.503956483293963586, 0.1500000000000000500, 2.325314961666666402 ) ) ;
#1795 =( GEOMETRIC_REPRESENTATION_CONTEXT ( 3 ) GLOBAL_UNCERTAINTY_ASSIGNED_CONTEXT ( ( #687 ) ) GLOBAL_UNIT_ASSIGNED_CONTEXT ( ( #1734, #312, #1724 ) ) REPRESENTATION_CONTEXT ( 'NONE', 'WORKASPACE' ) );
#1796 = ORIENTED_EDGE ( 'NONE', *, *, #2443, .T. ) ;
#1797 = CARTESIAN_POINT ( 'NONE',  ( -3.003956476732283942, 0.4166666616666661049, 2.480314961666667095 ) ) ;
#1798 = FACE_OUTER_BOUND ( 'NONE', #707, .T. ) ;
#1799 = EDGE_CURVE ( 'NONE', #176, #1934, #1279, .T. ) ;
#1800 = ORIENTED_EDGE ( 'NONE', *, *, #973, .T. ) ;
#1801 = DIRECTION ( 'NONE',  ( 0.4999999999999980016, -0.4999999999999977796, 0.7071067811865505703 ) ) ;
#1802 = VECTOR ( 'NONE', #1637, 39.37007874015748854 ) ;
#1803 = ORIENTED_EDGE ( 'NONE', *, *, #428, .F. ) ;
#1804 = DIRECTION ( 'NONE',  ( -0.7071067811865474617, 0.000000000000000000, 0.7071067811865474617 ) ) ;
#1805 = VECTOR ( 'NONE', #1640, 39.37007874015748143 ) ;
#1806 = FACE_OUTER_BOUND ( 'NONE', #1867, .T. ) ;
#1807 = CARTESIAN_POINT ( 'NONE',  ( -3.137289810065616802, -1.201646477970337523, 1.201646477970337523 ) ) ;
#1808 = EDGE_LOOP ( 'NONE', ( #2343, #1167, #615, #2170, #2048, #2483 ) ) ;
#1809 = CARTESIAN_POINT ( 'NONE',  ( 3.503956476732283498, 0.9999999966666665019, -1.646981628333333614 ) ) ;
#1810 = PLANE ( 'NONE',  #2336 ) ;
#1811 = EDGE_CURVE ( 'NONE', #1315, #2389, #1709, .T. ) ;
#1812 = AXIS2_PLACEMENT_3D ( 'NONE', #1965, #134, #2366 ) ;
#1813 = ORIENTED_EDGE ( 'NONE', *, *, #1166, .F. ) ;
#1814 = EDGE_CURVE ( 'NONE', #384, #1126, #2508, .T. ) ;
#1815 = LINE ( 'NONE', #422, #2505 ) ;
#1816 = DIRECTION ( 'NONE',  ( -0.7071067811865475727, 0.000000000000000000, 0.7071067811865475727 ) ) ;
#1817 = ORIENTED_EDGE ( 'NONE', *, *, #1252, .F. ) ;
#1818 = EDGE_CURVE ( 'NONE', #1183, #1474, #256, .T. ) ;
#1819 = EDGE_LOOP ( 'NONE', ( #1196, #1137, #2594, #2506 ) ) ;
#1820 = CARTESIAN_POINT ( 'NONE',  ( -3.087289811732282008, 0.4999999966666666684, 2.813648295000000132 ) ) ;
#1821 = VECTOR ( 'NONE', #276, 39.37007874015748143 ) ;
#1822 = CARTESIAN_POINT ( 'NONE',  ( -3.162289810065615825, 0.3333333333333333148, 2.521981628333334058 ) ) ;
#1823 = DIRECTION ( 'NONE',  ( 0.000000000000000000, 0.000000000000000000, 1.000000000000000000 ) ) ;
#1824 = VERTEX_POINT ( 'NONE', #270 ) ;
#1825 = DIRECTION ( 'NONE',  ( 1.000000000000000000, 0.000000000000000000, 0.000000000000000000 ) ) ;
#1826 = CARTESIAN_POINT ( 'NONE',  ( 3.670623143398950017, 0.9999999966666665019, -2.480314961666667095 ) ) ;
#1827 = VECTOR ( 'NONE', #708, 39.37007874015748143 ) ;
#1828 = VERTEX_POINT ( 'NONE', #871 ) ;
#1829 = LINE ( 'NONE', #2064, #1710 ) ;
#1830 = DIRECTION ( 'NONE',  ( 0.000000000000000000, -0.000000000000000000, 1.000000000000000000 ) ) ;
#1831 = ORIENTED_EDGE ( 'NONE', *, *, #1271, .T. ) ;
#1832 = LINE ( 'NONE', #1446, #1802 ) ;
#1833 = CARTESIAN_POINT ( 'NONE',  ( -2.693956476732283001, 0.1499999999999999944, 2.646981634895013702 ) ) ;
#1834 = ADVANCED_FACE ( 'NONE', ( #1694 ), #701, .T. ) ;
#1835 = DIRECTION ( 'NONE',  ( -0.7071067811865483499, -0.7071067811865466846, 0.000000000000000000 ) ) ;
#1836 = EDGE_CURVE ( 'NONE', #765, #2214, #1873, .T. ) ;
#1837 = CARTESIAN_POINT ( 'NONE',  ( 3.420623145065617710, 0.4999999966666666684, 2.730314960000000735 ) ) ;
#1838 = ORIENTED_EDGE ( 'NONE', *, *, #2556, .T. ) ;
#1839 = CARTESIAN_POINT ( 'NONE',  ( 3.503956476732283498, 0.9999999966666665019, -2.230314963333333012 ) ) ;
#1840 = CARTESIAN_POINT ( 'NONE',  ( -3.337289810065616980, 0.2500000000000000000, 2.813648295000000132 ) ) ;
#1841 = ORIENTED_EDGE ( 'NONE', *, *, #732, .T. ) ;
#1842 = LINE ( 'NONE', #2037, #2288 ) ;
#1843 = CARTESIAN_POINT ( 'NONE',  ( 3.503956483293963586, 0.1249999999999995698, 2.325314961666666402 ) ) ;
#1844 = ORIENTED_EDGE ( 'NONE', *, *, #543, .T. ) ;
#1845 = ORIENTED_EDGE ( 'NONE', *, *, #370, .F. ) ;
#1846 = CARTESIAN_POINT ( 'NONE',  ( 3.664311815791610805, 0.000000000000000000, 2.646981628333332726 ) ) ;
#1847 = EDGE_CURVE ( 'NONE', #1454, #1713, #100, .T. ) ;
#1848 = DIRECTION ( 'NONE',  ( -0.000000000000000000, -1.000000000000000000, -0.000000000000000000 ) ) ;
#1849 = ORIENTED_EDGE ( 'NONE', *, *, #1513, .F. ) ;
#1850 = FACE_OUTER_BOUND ( 'NONE', #2610, .T. ) ;
#1851 = ORIENTED_EDGE ( 'NONE', *, *, #2444, .F. ) ;
#1852 = EDGE_CURVE ( 'NONE', #176, #2352, #1479, .T. ) ;
#1853 = CARTESIAN_POINT ( 'NONE',  ( -3.003956476732284386, 0.1499999999999999944, 2.646981634895013702 ) ) ;
#1854 = CARTESIAN_POINT ( 'NONE',  ( 3.628956476732283054, 0.3333333333333333148, -2.305314961666661500 ) ) ;
#1855 = ORIENTED_EDGE ( 'NONE', *, *, #1106, .F. ) ;
#1856 = CARTESIAN_POINT ( 'NONE',  ( 3.503956476732283498, 0.2083333333333334814, -2.455314961666661411 ) ) ;
#1857 = DIRECTION ( 'NONE',  ( 0.7071067811865491270, 0.7071067811865459074, 0.000000000000000000 ) ) ;
#1858 = ORIENTED_EDGE ( 'NONE', *, *, #1948, .F. ) ;
#1859 = CARTESIAN_POINT ( 'NONE',  ( 0.000000000000000000, 0.2000000000000000111, 0.000000000000000000 ) ) ;
#1860 = CARTESIAN_POINT ( 'NONE',  ( 3.503956476732283498, 0.9166666616666671041, -2.146981628333333614 ) ) ;
#1861 = VECTOR ( 'NONE', #2091, 39.37007874015748143 ) ;
#1862 = DIRECTION ( 'NONE',  ( 0.000000000000000000, 0.7071067811865476838, -0.7071067811865473507 ) ) ;
#1863 = CARTESIAN_POINT ( 'NONE',  ( -3.337289810065616980, 0.4999999966666666684, 2.480314961666667095 ) ) ;
#1864 = VERTEX_POINT ( 'NONE', #2113 ) ;
#1865 = CARTESIAN_POINT ( 'NONE',  ( 3.048778808869283097, 0.5385110011963345489, -2.480314961666667095 ) ) ;
#1866 = DIRECTION ( 'NONE',  ( -0.000000000000000000, 1.000000000000000000, -0.000000000000000000 ) ) ;
#1867 = EDGE_LOOP ( 'NONE', ( #2470, #2486, #2450, #2274 ) ) ;
#1868 = DIRECTION ( 'NONE',  ( 0.000000000000000000, 0.000000000000000000, 1.000000000000000000 ) ) ;
#1869 = CARTESIAN_POINT ( 'NONE',  ( 3.503956476732283498, 0.9999999966666665019, -1.646981628333333614 ) ) ;
#1870 = EDGE_CURVE ( 'NONE', #983, #1126, #1682, .T. ) ;
#1871 = ORIENTED_EDGE ( 'NONE', *, *, #148, .F. ) ;
#1872 = VERTEX_POINT ( 'NONE', #1265 ) ;
#1873 = LINE ( 'NONE', #1118, #1413 ) ;
#1874 = VECTOR ( 'NONE', #1338, 39.37007874015748143 ) ;
#1875 = CARTESIAN_POINT ( 'NONE',  ( 3.337289810065616980, 0.1499999999999999944, 2.170314961666666154 ) ) ;
#1876 = ORIENTED_EDGE ( 'NONE', *, *, #1986, .T. ) ;
#1877 = LINE ( 'NONE', #2089, #427 ) ;
#1878 = VERTEX_POINT ( 'NONE', #1900 ) ;
#1879 = CARTESIAN_POINT ( 'NONE',  ( 3.521634146261947595, 0.000000000000000000, 2.504303958803669516 ) ) ;
#1880 = ORIENTED_EDGE ( 'NONE', *, *, #1680, .T. ) ;
#1881 = CARTESIAN_POINT ( 'NONE',  ( 2.506845202893102087, 0.3333333333333428072, -1.511862470689077087 ) ) ;
#1882 = ADVANCED_FACE ( 'NONE', ( #1465 ), #2262, .F. ) ;
#1883 = DIRECTION ( 'NONE',  ( 0.000000000000000000, 0.000000000000000000, 1.000000000000000000 ) ) ;
#1884 = VECTOR ( 'NONE', #2306, 39.37007874015748143 ) ;
#1885 = ORIENTED_EDGE ( 'NONE', *, *, #1023, .T. ) ;
#1886 = CARTESIAN_POINT ( 'NONE',  ( 3.587289808398950619, 0.4999999966666666684, 0.000000000000000000 ) ) ;
#1887 = EDGE_CURVE ( 'NONE', #2491, #41, #68, .T. ) ;
#1888 = CARTESIAN_POINT ( 'NONE',  ( 1.998430100527769149, 0.8333333300000310695, -3.281494523887764636 ) ) ;
#1889 = DIRECTION ( 'NONE',  ( 0.7071067811865382469, -0.7071067811865567876, 0.000000000000000000 ) ) ;
#1890 = ORIENTED_EDGE ( 'NONE', *, *, #1967, .F. ) ;
#1891 = CARTESIAN_POINT ( 'NONE',  ( 3.503956483293963586, 0.1500000000000000500, 2.435064961666666861 ) ) ;
#1892 = VERTEX_POINT ( 'NONE', #1337 ) ;
#1893 = CARTESIAN_POINT ( 'NONE',  ( 3.337289810065616980, 0.4999999966666666684, 2.480314961666667095 ) ) ;
#1894 = AXIS2_PLACEMENT_3D ( 'NONE', #1408, #2206, #2398 ) ;
#1895 = ORIENTED_EDGE ( 'NONE', *, *, #1659, .T. ) ;
#1896 = DIRECTION ( 'NONE',  ( 0.7071067811865483499, 0.7071067811865466846, -2.958228394578794270E-30 ) ) ;
#1897 = CARTESIAN_POINT ( 'NONE',  ( 3.209134147928617065, 0.3781556621370006921, -2.480314961666667095 ) ) ;
#1898 = ORIENTED_EDGE ( 'NONE', *, *, #443, .F. ) ;
#1899 = DIRECTION ( 'NONE',  ( 0.000000000000000000, 0.7071067811865473507, -0.7071067811865476838 ) ) ;
#1900 = CARTESIAN_POINT ( 'NONE',  ( 3.337289810065616980, 0.2500000000000000000, 2.170314961666666154 ) ) ;
#1901 = EDGE_CURVE ( 'NONE', #1789, #1518, #2378, .T. ) ;
#1902 = EDGE_LOOP ( 'NONE', ( #212, #1171, #750, #1029 ) ) ;
#1903 = CARTESIAN_POINT ( 'NONE',  ( 3.337289810065616980, 0.2500000000000000000, 2.480314961666667095 ) ) ;
#1904 = ORIENTED_EDGE ( 'NONE', *, *, #820, .F. ) ;
#1905 = LINE ( 'NONE', #889, #713 ) ;
#1906 = ORIENTED_EDGE ( 'NONE', *, *, #1189, .F. ) ;
#1907 = PLANE ( 'NONE',  #2372 ) ;
#1908 = DIRECTION ( 'NONE',  ( 0.7071067811865487940, 0.7071067811865462405, 0.000000000000000000 ) ) ;
#1909 = ORIENTED_EDGE ( 'NONE', *, *, #2005, .T. ) ;
#1910 = CARTESIAN_POINT ( 'NONE',  ( 0.3836650937291389840, 0.2000000000000000111, -0.3836650937291389840 ) ) ;
#1911 = CARTESIAN_POINT ( 'NONE',  ( -3.137289810065616802, 0.2083333333333333981, 2.646981628333334058 ) ) ;
#1912 = VECTOR ( 'NONE', #2165, 39.37007874015748143 ) ;
#1913 = LINE ( 'NONE', #1060, #2484 ) ;
#1914 = AXIS2_PLACEMENT_3D ( 'NONE', #1562, #954, #541 ) ;
#1915 = ORIENTED_EDGE ( 'NONE', *, *, #148, .T. ) ;
#1916 = EDGE_CURVE ( 'NONE', #631, #1892, #551, .T. ) ;
#1917 = AXIS2_PLACEMENT_3D ( 'NONE', #2364, #2354, #1751 ) ;
#1918 = EDGE_LOOP ( 'NONE', ( #1605, #1105, #290, #2023 ) ) ;
#1919 = DIRECTION ( 'NONE',  ( -0.7071067811865462405, 0.7071067811865487940, -1.159024944894517212E-15 ) ) ;
#1920 = VECTOR ( 'NONE', #1896, 39.37007874015748143 ) ;
#1921 = VERTEX_POINT ( 'NONE', #942 ) ;
#1922 = DIMENSIONAL_EXPONENTS ( 1.000000000000000000, 0.000000000000000000, 0.000000000000000000, 0.000000000000000000, 0.000000000000000000, 0.000000000000000000, 0.000000000000000000 ) ;
#1923 = FACE_OUTER_BOUND ( 'NONE', #1033, .T. ) ;
#1924 = CARTESIAN_POINT ( 'NONE',  ( 3.503956483293963586, 0.1500000000000000500, 2.435064961666666861 ) ) ;
#1925 = VERTEX_POINT ( 'NONE', #1777 ) ;
#1926 = DIRECTION ( 'NONE',  ( -0.000000000000000000, 1.000000000000000000, -0.000000000000000000 ) ) ;
#1927 = VECTOR ( 'NONE', #274, 39.37007874015748143 ) ;
#1928 = CARTESIAN_POINT ( 'NONE',  ( 0.000000000000000000, 0.4999999966666666684, 2.563648296666666493 ) ) ;
#1929 = EDGE_CURVE ( 'NONE', #41, #2172, #844, .T. ) ;
#1930 = FACE_OUTER_BOUND ( 'NONE', #2465, .T. ) ;
#1931 = CARTESIAN_POINT ( 'NONE',  ( 3.670623143398950017, 0.000000000000000000, -2.480314961666667095 ) ) ;
#1932 = EDGE_CURVE ( 'NONE', #770, #1981, #1139, .T. ) ;
#1933 = ADVANCED_FACE ( 'NONE', ( #516 ), #2171, .F. ) ;
#1934 = VERTEX_POINT ( 'NONE', #1154 ) ;
#1935 = CARTESIAN_POINT ( 'NONE',  ( 3.628956476732283942, 0.3333333333333333148, -2.455314961666661411 ) ) ;
#1936 = FACE_OUTER_BOUND ( 'NONE', #2636, .T. ) ;
#1937 = CIRCLE ( 'NONE', #1560, 0.3149606299212598381 ) ;
#1938 = EDGE_LOOP ( 'NONE', ( #2211, #129, #2046, #2597 ) ) ;
#1939 = CARTESIAN_POINT ( 'NONE',  ( -3.312289810065616180, 0.4583333333333332593, 2.646981628333334058 ) ) ;
#1940 = LINE ( 'NONE', #1349, #2125 ) ;
#1941 = APPLICATION_PROTOCOL_DEFINITION ( 'draft international standard', 'automotive_design', 1998, #1156 ) ;
#1942 = CARTESIAN_POINT ( 'NONE',  ( 3.503956476732283498, 0.9999999966666663909, -0.8136482950000002434 ) ) ;
#1943 = EDGE_CURVE ( 'NONE', #255, #2200, #1988, .T. ) ;
#1944 = CARTESIAN_POINT ( 'NONE',  ( 3.503956476732283942, 0.2000000000000000111, 2.521981628333333614 ) ) ;
#1945 = EDGE_LOOP ( 'NONE', ( #1527, #2082, #1692, #374 ) ) ;
#1946 = DIRECTION ( 'NONE',  ( 0.4999999999999980016, -0.7071067811865503483, 0.4999999999999980016 ) ) ;
#1947 = LINE ( 'NONE', #1135, #2583 ) ;
#1948 = EDGE_CURVE ( 'NONE', #1656, #1390, #1569, .T. ) ;
#1949 = VECTOR ( 'NONE', #2500, 39.37007874015748143 ) ;
#1950 = VERTEX_POINT ( 'NONE', #1733 ) ;
#1951 = CARTESIAN_POINT ( 'NONE',  ( 3.503956483293963586, 0.1499999999999999944, 2.170314961666665710 ) ) ;
#1952 = DIRECTION ( 'NONE',  ( 0.000000000000000000, 0.000000000000000000, 1.000000000000000000 ) ) ;
#1953 = EDGE_CURVE ( 'NONE', #854, #1331, #2367, .T. ) ;
#1954 = EDGE_CURVE ( 'NONE', #1150, #2418, #2290, .T. ) ;
#1955 = VECTOR ( 'NONE', #670, 39.37007874015748854 ) ;
#1956 = AXIS2_PLACEMENT_3D ( 'NONE', #1176, #110, #1379 ) ;
#1957 = CARTESIAN_POINT ( 'NONE',  ( -3.337289810065616980, 0.000000000000000000, 2.813648295000000132 ) ) ;
#1958 = VECTOR ( 'NONE', #168, 39.37007874015748143 ) ;
#1959 = ORIENTED_EDGE ( 'NONE', *, *, #2496, .T. ) ;
#1960 = CARTESIAN_POINT ( 'NONE',  ( 3.503956483293963586, 0.1499999999999999944, 2.410064961666666061 ) ) ;
#1961 = PLANE ( 'NONE',  #847 ) ;
#1962 = EDGE_CURVE ( 'NONE', #2275, #1174, #961, .T. ) ;
#1963 = ORIENTED_EDGE ( 'NONE', *, *, #1254, .F. ) ;
#1964 = EDGE_CURVE ( 'NONE', #1454, #904, #1538, .T. ) ;
#1965 = CARTESIAN_POINT ( 'NONE',  ( 3.503956476732283498, 0.9999999966666665019, -1.646981628333333614 ) ) ;
#1966 = CARTESIAN_POINT ( 'NONE',  ( 3.593601137672955748, 0.3333333333333333703, -2.280314961666660700 ) ) ;
#1967 = EDGE_CURVE ( 'NONE', #1417, #765, #124, .T. ) ;
#1968 = EDGE_LOOP ( 'NONE', ( #1335, #81, #219, #938 ) ) ;
#1969 = AXIS2_PLACEMENT_3D ( 'NONE', #1794, #2194, #3 ) ;
#1970 = LINE ( 'NONE', #1541, #1095 ) ;
#1971 = CARTESIAN_POINT ( 'NONE',  ( 0.000000000000000000, 0.4999999966666666684, 2.730314960000000735 ) ) ;
#1972 = ORIENTED_EDGE ( 'NONE', *, *, #1231, .T. ) ;
#1973 = PLANE ( 'NONE',  #119 ) ;
#1974 = DIRECTION ( 'NONE',  ( -0.000000000000000000, -1.000000000000000000, -0.000000000000000000 ) ) ;
#1975 = VERTEX_POINT ( 'NONE', #2178 ) ;
#1976 = DIRECTION ( 'NONE',  ( 0.7071067811865473507, -0.7071067811865476838, 3.090733186385379232E-15 ) ) ;
#1977 = AXIS2_PLACEMENT_3D ( 'NONE', #1807, #2609, #2412 ) ;
#1978 = ORIENTED_EDGE ( 'NONE', *, *, #896, .T. ) ;
#1979 = EDGE_CURVE ( 'NONE', #1864, #2187, #1940, .T. ) ;
#1980 = DIRECTION ( 'NONE',  ( 0.7071067811865474617, 0.000000000000000000, -0.7071067811865474617 ) ) ;
#1981 = VERTEX_POINT ( 'NONE', #1966 ) ;
#1982 = FACE_OUTER_BOUND ( 'NONE', #2282, .T. ) ;
#1983 = VECTOR ( 'NONE', #470, 39.37007874015748143 ) ;
#1984 = VECTOR ( 'NONE', #2534, 39.37007874015748854 ) ;
#1985 = CARTESIAN_POINT ( 'NONE',  ( 3.503956476732283498, 0.9999999966666665019, -2.146981628333333614 ) ) ;
#1986 = EDGE_CURVE ( 'NONE', #1675, #1315, #1744, .T. ) ;
#1987 = ORIENTED_EDGE ( 'NONE', *, *, #939, .F. ) ;
#1988 = LINE ( 'NONE', #924, #1326 ) ;
#1989 = VERTEX_POINT ( 'NONE', #728 ) ;
#1990 = EDGE_CURVE ( 'NONE', #2187, #1311, #1549, .T. ) ;
#1991 =( NAMED_UNIT ( * ) PLANE_ANGLE_UNIT ( ) SI_UNIT ( $, .RADIAN. ) );
#1992 = FACE_OUTER_BOUND ( 'NONE', #1032, .T. ) ;
#1993 = VECTOR ( 'NONE', #597, 39.37007874015748143 ) ;
#1994 = EDGE_LOOP ( 'NONE', ( #525, #2180, #320, #539 ) ) ;
#1995 = CARTESIAN_POINT ( 'NONE',  ( -2.848956476732283694, 0.1499999999999999944, 2.646981634895013702 ) ) ;
#1996 = CARTESIAN_POINT ( 'NONE',  ( -2.848956476732283694, 0.000000000000000000, 2.562231634895014043 ) ) ;
#1997 = AXIS2_PLACEMENT_3D ( 'NONE', #2589, #6, #970 ) ;
#1998 = ORIENTED_EDGE ( 'NONE', *, *, #2569, .T. ) ;
#1999 = FACE_BOUND ( 'NONE', #1463, .T. ) ;
#2000 = EDGE_LOOP ( 'NONE', ( #457, #619, #178, #242, #2051, #1895, #1813, #1440, #399 ) ) ;
#2001 = LINE ( 'NONE', #1623, #813 ) ;
#2002 = CARTESIAN_POINT ( 'NONE',  ( 3.503956476732283498, 0.2500000000000000000, -0.8136482950000002434 ) ) ;
#2003 = AXIS2_PLACEMENT_3D ( 'NONE', #2384, #1195, #2072 ) ;
#2004 = ORIENTED_EDGE ( 'NONE', *, *, #662, .F. ) ;
#2005 = EDGE_CURVE ( 'NONE', #1001, #1183, #1559, .T. ) ;
#2006 = FACE_OUTER_BOUND ( 'NONE', #213, .T. ) ;
#2007 = ADVANCED_FACE ( 'NONE', ( #337 ), #248, .F. ) ;
#2008 = EDGE_LOOP ( 'NONE', ( #952, #1636, #156, #2107 ) ) ;
#2009 = LINE ( 'NONE', #179, #2280 ) ;
#2010 = LINE ( 'NONE', #1209, #162 ) ;
#2011 = ADVANCED_FACE ( 'NONE', ( #1999, #2603 ), #1214, .T. ) ;
#2012 = ORIENTED_EDGE ( 'NONE', *, *, #1354, .F. ) ;
#2013 = DIRECTION ( 'NONE',  ( 0.000000000000000000, 0.000000000000000000, 1.000000000000000000 ) ) ;
#2014 = CARTESIAN_POINT ( 'NONE',  ( 3.503956476732283498, 0.4583333333333332593, -2.305314961666661944 ) ) ;
#2015 = ORIENTED_EDGE ( 'NONE', *, *, #953, .T. ) ;
#2016 = CARTESIAN_POINT ( 'NONE',  ( 3.628956476732283054, 0.3333333333333332593, -2.305314961666661944 ) ) ;
#2017 = VECTOR ( 'NONE', #649, 39.37007874015748143 ) ;
#2018 = LINE ( 'NONE', #1822, #2127 ) ;
#2019 = DIRECTION ( 'NONE',  ( -0.000000000000000000, -0.7071067811865474617, 0.7071067811865474617 ) ) ;
#2020 = ORIENTED_EDGE ( 'NONE', *, *, #1870, .T. ) ;
#2021 = DIRECTION ( 'NONE',  ( 0.000000000000000000, 0.7071067811865474617, 0.7071067811865474617 ) ) ;
#2022 = DIRECTION ( 'NONE',  ( -0.000000000000000000, 1.000000000000000000, -0.000000000000000000 ) ) ;
#2023 = ORIENTED_EDGE ( 'NONE', *, *, #1552, .F. ) ;
#2024 = LINE ( 'NONE', #1475, #122 ) ;
#2025 = CARTESIAN_POINT ( 'NONE',  ( 1.540489241229132888, -1.540489241229138662, -2.280314961666661144 ) ) ;
#2026 = ORIENTED_EDGE ( 'NONE', *, *, #856, .T. ) ;
#2027 = DIRECTION ( 'NONE',  ( 0.000000000000000000, -0.000000000000000000, 1.000000000000000000 ) ) ;
#2028 = CARTESIAN_POINT ( 'NONE',  ( 3.503956483293963586, 0.1500000000000000500, 2.325314961666666402 ) ) ;
#2029 = AXIS2_PLACEMENT_3D ( 'NONE', #1052, #1243, #2208 ) ;
#2030 = DIRECTION ( 'NONE',  ( 0.7071067811865431318, 0.5000000000000031086, 0.5000000000000033307 ) ) ;
#2031 = ORIENTED_EDGE ( 'NONE', *, *, #1266, .F. ) ;
#2032 = PLANE ( 'NONE',  #1894 ) ;
#2033 = ORIENTED_EDGE ( 'NONE', *, *, #171, .T. ) ;
#2034 = DIRECTION ( 'NONE',  ( 0.7071067811865483499, 0.7071067811865466846, -3.155443620884046521E-30 ) ) ;
#2035 = PLANE ( 'NONE',  #2546 ) ;
#2036 = ORIENTED_EDGE ( 'NONE', *, *, #1102, .T. ) ;
#2037 = CARTESIAN_POINT ( 'NONE',  ( 3.378956476732283054, 0.3333333333333333148, -2.280314961666661588 ) ) ;
#2038 = VECTOR ( 'NONE', #429, 39.37007874015748143 ) ;
#2039 = CARTESIAN_POINT ( 'NONE',  ( 3.670623143398950017, 0.000000000000000000, 2.813648295000000132 ) ) ;
#2040 = ORIENTED_EDGE ( 'NONE', *, *, #301, .T. ) ;
#2041 = LINE ( 'NONE', #828, #313 ) ;
#2042 = VECTOR ( 'NONE', #1302, 39.37007874015748854 ) ;
#2043 = CARTESIAN_POINT ( 'NONE',  ( -3.337289810065616980, 0.4999999966666666684, 2.813648295000000132 ) ) ;
#2044 = ADVANCED_FACE ( 'NONE', ( #2449 ), #9, .F. ) ;
#2045 = DIRECTION ( 'NONE',  ( 0.5000000000000000000, 0.7071067811865474617, -0.5000000000000000000 ) ) ;
#2046 = ORIENTED_EDGE ( 'NONE', *, *, #2077, .T. ) ;
#2047 = DIRECTION ( 'NONE',  ( -0.7071067811865487940, -0.7071067811865462405, 0.000000000000000000 ) ) ;
#2048 = ORIENTED_EDGE ( 'NONE', *, *, #397, .F. ) ;
#2049 = CARTESIAN_POINT ( 'NONE',  ( -3.137289810065616802, 0.3333333333333333148, 2.771981628333333614 ) ) ;
#2050 = CARTESIAN_POINT ( 'NONE',  ( 3.337289810065616980, 0.1499999999999999944, 2.480314961666667095 ) ) ;
#2051 = ORIENTED_EDGE ( 'NONE', *, *, #872, .F. ) ;
#2052 = FACE_OUTER_BOUND ( 'NONE', #407, .T. ) ;
#2053 = CARTESIAN_POINT ( 'NONE',  ( -3.003956476732283942, 0.2500000000000000000, 2.813648295000000132 ) ) ;
#2054 = EDGE_LOOP ( 'NONE', ( #378, #408, #562, #2518 ) ) ;
#2055 = FACE_OUTER_BOUND ( 'NONE', #1968, .T. ) ;
#2056 = CARTESIAN_POINT ( 'NONE',  ( 0.3836650937291388730, 0.2000000000000000111, -0.3836650937291388730 ) ) ;
#2057 = DIRECTION ( 'NONE',  ( -0.7071067811865466846, 0.7071067811865483499, -1.159024944894518395E-15 ) ) ;
#2058 = EDGE_CURVE ( 'NONE', #861, #1431, #587, .T. ) ;
#2059 = DIRECTION ( 'NONE',  ( -0.5000000000000058842, -0.7071067811865392461, -0.5000000000000058842 ) ) ;
#2060 = EDGE_LOOP ( 'NONE', ( #2015, #1116, #1687, #1301 ) ) ;
#2061 = DIRECTION ( 'NONE',  ( 0.000000000000000000, 0.000000000000000000, 1.000000000000000000 ) ) ;
#2062 = DIRECTION ( 'NONE',  ( -0.7071067811865474617, 0.000000000000000000, -0.7071067811865474617 ) ) ;
#2063 = ORIENTED_EDGE ( 'NONE', *, *, #921, .F. ) ;
#2064 = CARTESIAN_POINT ( 'NONE',  ( -3.337289810065616980, 0.000000000000000000, 2.480314961666667095 ) ) ;
#2065 = FACE_OUTER_BOUND ( 'NONE', #72, .T. ) ;
#2066 = ORIENTED_EDGE ( 'NONE', *, *, #1624, .T. ) ;
#2067 = LINE ( 'NONE', #239, #712 ) ;
#2068 = CARTESIAN_POINT ( 'NONE',  ( -3.137289810065616802, 1.445335150362995869, 1.445335150362995869 ) ) ;
#2069 = DIRECTION ( 'NONE',  ( -0.7071067811865474617, 0.000000000000000000, -0.7071067811865474617 ) ) ;
#2070 = VERTEX_POINT ( 'NONE', #613 ) ;
#2071 = VECTOR ( 'NONE', #593, 39.37007874015748143 ) ;
#2072 = DIRECTION ( 'NONE',  ( 0.000000000000000000, 1.000000000000000000, -2.185478394931410969E-15 ) ) ;
#2073 = ADVANCED_FACE ( 'NONE', ( #628 ), #1594, .F. ) ;
#2074 = ORIENTED_EDGE ( 'NONE', *, *, #1870, .F. ) ;
#2075 = DIRECTION ( 'NONE',  ( -0.7071067811865487940, -0.7071067811865462405, 0.000000000000000000 ) ) ;
#2076 = CARTESIAN_POINT ( 'NONE',  ( -3.137289810065616802, 0.4583333333333332593, 2.646981628333334058 ) ) ;
#2077 = EDGE_CURVE ( 'NONE', #1646, #703, #2392, .T. ) ;
#2078 = ORIENTED_EDGE ( 'NONE', *, *, #1147, .F. ) ;
#2079 = FACE_OUTER_BOUND ( 'NONE', #1516, .T. ) ;
#2080 = VECTOR ( 'NONE', #558, 39.37007874015748143 ) ;
#2081 = LINE ( 'NONE', #1492, #1781 ) ;
#2082 = ORIENTED_EDGE ( 'NONE', *, *, #890, .T. ) ;
#2083 = AXIS2_PLACEMENT_3D ( 'NONE', #146, #2543, #1128 ) ;
#2084 = LINE ( 'NONE', #2466, #2223 ) ;
#2085 = DIRECTION ( 'NONE',  ( 0.000000000000000000, -0.7071067811865474617, 0.7071067811865474617 ) ) ;
#2086 = VECTOR ( 'NONE', #2121, 39.37007874015748854 ) ;
#2087 = DIRECTION ( 'NONE',  ( 0.000000000000000000, 0.7071067811865474617, -0.7071067811865474617 ) ) ;
#2088 = ORIENTED_EDGE ( 'NONE', *, *, #1967, .T. ) ;
#2089 = CARTESIAN_POINT ( 'NONE',  ( -3.312289810065616180, 0.2083333333333333981, 2.646981628333334058 ) ) ;
#2090 = VERTEX_POINT ( 'NONE', #2243 ) ;
#2091 = DIRECTION ( 'NONE',  ( -0.7071067811865491270, -0.7071067811865459074, -1.972152263052529514E-31 ) ) ;
#2092 = EDGE_CURVE ( 'NONE', #475, #1091, #125, .T. ) ;
#2093 = ADVANCED_FACE ( 'NONE', ( #423, #1388 ), #2634, .F. ) ;
#2094 = ORIENTED_EDGE ( 'NONE', *, *, #1215, .F. ) ;
#2095 = DIRECTION ( 'NONE',  ( -0.7071067811865475727, 0.000000000000000000, -0.7071067811865475727 ) ) ;
#2096 = LINE ( 'NONE', #1897, #977 ) ;
#2097 = AXIS2_PLACEMENT_3D ( 'NONE', #679, #2251, #1063 ) ;
#2098 = ADVANCED_FACE ( 'NONE', ( #366 ), #2201, .F. ) ;
#2099 = ORIENTED_EDGE ( 'NONE', *, *, #1550, .T. ) ;
#2100 = DIRECTION ( 'NONE',  ( 0.000000000000000000, 0.7071067811865476838, 0.7071067811865473507 ) ) ;
#2101 = DIRECTION ( 'NONE',  ( 0.000000000000000000, -0.7071067811865475727, 0.7071067811865475727 ) ) ;
#2102 = ORIENTED_EDGE ( 'NONE', *, *, #348, .F. ) ;
#2103 = DIRECTION ( 'NONE',  ( -0.000000000000000000, -0.000000000000000000, -1.000000000000000000 ) ) ;
#2104 = ORIENTED_EDGE ( 'NONE', *, *, #69, .T. ) ;
#2105 = CARTESIAN_POINT ( 'NONE',  ( 3.503956476732283498, 0.9999999966666665019, -2.480314961666667095 ) ) ;
#2106 = AXIS2_PLACEMENT_3D ( 'NONE', #1131, #2156, #1170 ) ;
#2107 = ORIENTED_EDGE ( 'NONE', *, *, #2347, .T. ) ;
#2108 = DIRECTION ( 'NONE',  ( -0.7071067811865454633, 0.7071067811865494601, -3.090733186385378049E-15 ) ) ;
#2109 = DIRECTION ( 'NONE',  ( 0.000000000000000000, 0.000000000000000000, -1.000000000000000000 ) ) ;
#2110 = ORIENTED_EDGE ( 'NONE', *, *, #1814, .F. ) ;
#2111 = EDGE_CURVE ( 'NONE', #166, #1764, #771, .T. ) ;
#2112 = CARTESIAN_POINT ( 'NONE',  ( -2.693956476732282557, 0.2500000000000000000, 2.480314961666667095 ) ) ;
#2113 = CARTESIAN_POINT ( 'NONE',  ( -3.337289810065616980, 0.000000000000000000, 2.813648295000000132 ) ) ;
#2114 = DIRECTION ( 'NONE',  ( -0.7071067811865473507, -0.7071067811865476838, 0.000000000000000000 ) ) ;
#2115 = PRESENTATION_LAYER_ASSIGNMENT (  '', '', ( #2568 ) ) ;
#2116 = ORIENTED_EDGE ( 'NONE', *, *, #2462, .T. ) ;
#2117 = EDGE_LOOP ( 'NONE', ( #2522, #2365, #1039, #182 ) ) ;
#2118 = CARTESIAN_POINT ( 'NONE',  ( 3.503956476732283942, 0.1750000000000001832, 2.771981628333333170 ) ) ;
#2119 = EDGE_LOOP ( 'NONE', ( #2440, #1006, #133, #658 ) ) ;
#2120 = LINE ( 'NONE', #264, #1920 ) ;
#2121 = DIRECTION ( 'NONE',  ( 0.000000000000000000, 0.7071067811865474617, 0.7071067811865474617 ) ) ;
#2122 = ORIENTED_EDGE ( 'NONE', *, *, #937, .T. ) ;
#2123 = CARTESIAN_POINT ( 'NONE',  ( 3.503956476732283942, 0.02499999999999986955, 2.521981628333333614 ) ) ;
#2124 = FACE_OUTER_BOUND ( 'NONE', #996, .T. ) ;
#2125 = VECTOR ( 'NONE', #717, 39.37007874015748143 ) ;
#2126 = LINE ( 'NONE', #885, #2311 ) ;
#2127 = VECTOR ( 'NONE', #371, 39.37007874015748854 ) ;
#2128 = CARTESIAN_POINT ( 'NONE',  ( 3.503956476732283498, 0.9999999966666663909, -0.8136482950000002434 ) ) ;
#2129 = ADVANCED_FACE ( 'NONE', ( #1402 ), #2403, .F. ) ;
#2130 = VECTOR ( 'NONE', #2062, 39.37007874015748854 ) ;
#2131 = ORIENTED_EDGE ( 'NONE', *, *, #1932, .T. ) ;
#2132 = FILL_AREA_STYLE ('',( #694 ) ) ;
#2133 = CIRCLE ( 'NONE', #1671, 0.08474999999999968670 ) ;
#2134 = CARTESIAN_POINT ( 'NONE',  ( 3.503956483293963586, 0.000000000000000000, 2.325314961666666402 ) ) ;
#2135 = ORIENTED_EDGE ( 'NONE', *, *, #69, .F. ) ;
#2136 = DIRECTION ( 'NONE',  ( -0.7071067811865474617, 0.000000000000000000, 0.7071067811865474617 ) ) ;
#2137 = LINE ( 'NONE', #1730, #1286 ) ;
#2138 = ORIENTED_EDGE ( 'NONE', *, *, #1739, .T. ) ;
#2139 = LINE ( 'NONE', #283, #668 ) ;
#2140 = VECTOR ( 'NONE', #1088, 39.37007874015748143 ) ;
#2141 = CARTESIAN_POINT ( 'NONE',  ( 3.670623143398950017, 0.4166666616666661049, 2.480314961666667095 ) ) ;
#2142 = LINE ( 'NONE', #1119, #1153 ) ;
#2143 = EDGE_CURVE ( 'NONE', #971, #2389, #1201, .T. ) ;
#2144 = CARTESIAN_POINT ( 'NONE',  ( -2.693956476732282557, 0.1499999999999999944, 2.480314961666667095 ) ) ;
#2145 = DIRECTION ( 'NONE',  ( 0.5000000000000000000, -0.7071067811865474617, -0.5000000000000000000 ) ) ;
#2146 = CIRCLE ( 'NONE', #993, 0.1097500000000001114 ) ;
#2147 = ORIENTED_EDGE ( 'NONE', *, *, #517, .T. ) ;
#2148 = DIRECTION ( 'NONE',  ( 0.000000000000000000, 0.000000000000000000, 1.000000000000000000 ) ) ;
#2149 = CARTESIAN_POINT ( 'NONE',  ( 3.503956476732283942, 0.1729779942739981535, -2.480314961666667095 ) ) ;
#2150 = VECTOR ( 'NONE', #351, 39.37007874015748854 ) ;
#2151 = ORIENTED_EDGE ( 'NONE', *, *, #34, .F. ) ;
#2152 = LINE ( 'NONE', #2507, #496 ) ;
#2153 = DIRECTION ( 'NONE',  ( -1.000000000000000000, -0.000000000000000000, -0.000000000000000000 ) ) ;
#2154 = VECTOR ( 'NONE', #1336, 39.37007874015748854 ) ;
#2155 = DIRECTION ( 'NONE',  ( 0.000000000000000000, 0.000000000000000000, -1.000000000000000000 ) ) ;
#2156 = DIRECTION ( 'NONE',  ( 1.000000000000000000, 0.000000000000000000, 0.000000000000000000 ) ) ;
#2157 = ADVANCED_FACE ( 'NONE', ( #1416 ), #1188, .T. ) ;
#2158 = ORIENTED_EDGE ( 'NONE', *, *, #1901, .T. ) ;
#2159 = CARTESIAN_POINT ( 'NONE',  ( 3.628956476732283942, 0.8333333299999998722, -2.305314961666661944 ) ) ;
#2160 = DIRECTION ( 'NONE',  ( 0.7071067811865476838, 0.7071067811865473507, 1.159024944894520170E-15 ) ) ;
#2161 = VECTOR ( 'NONE', #1439, 39.37007874015748854 ) ;
#2162 = EDGE_CURVE ( 'NONE', #2362, #2090, #2615, .T. ) ;
#2163 = ORIENTED_EDGE ( 'NONE', *, *, #1178, .F. ) ;
#2164 = DIRECTION ( 'NONE',  ( 0.000000000000000000, 0.7071067811865476838, -0.7071067811865473507 ) ) ;
#2165 = DIRECTION ( 'NONE',  ( 1.000000000000000000, 0.000000000000000000, 0.000000000000000000 ) ) ;
#2166 = CARTESIAN_POINT ( 'NONE',  ( 3.414311815791611249, 0.3333333333333333148, -2.280314961666661144 ) ) ;
#2167 = ORIENTED_EDGE ( 'NONE', *, *, #1561, .T. ) ;
#2168 = CARTESIAN_POINT ( 'NONE',  ( 4.330728131732278996, 1.410104983333333228, 1.820209973333345888 ) ) ;
#2169 = DIRECTION ( 'NONE',  ( 0.000000000000000000, -0.7071067811865476838, 0.7071067811865473507 ) ) ;
#2170 = ORIENTED_EDGE ( 'NONE', *, *, #1380, .F. ) ;
#2171 = PLANE ( 'NONE',  #1956 ) ;
#2172 = VERTEX_POINT ( 'NONE', #2213 ) ;
#2173 = LINE ( 'NONE', #556, #2150 ) ;
#2174 = ORIENTED_EDGE ( 'NONE', *, *, #928, .T. ) ;
#2175 = DIRECTION ( 'NONE',  ( -0.000000000000000000, 1.000000000000000000, -0.000000000000000000 ) ) ;
#2176 = CARTESIAN_POINT ( 'NONE',  ( -2.848956476732283694, 0.1249999999999995698, 2.562231634895014043 ) ) ;
#2177 = ORIENTED_EDGE ( 'NONE', *, *, #2408, .F. ) ;
#2178 = CARTESIAN_POINT ( 'NONE',  ( 3.503956476732283942, 0.000000000000000000, 2.486626289274005863 ) ) ;
#2179 = ADVANCED_FACE ( 'NONE', ( #392 ), #811, .F. ) ;
#2180 = ORIENTED_EDGE ( 'NONE', *, *, #1181, .F. ) ;
#2181 = PRESENTATION_STYLE_ASSIGNMENT (( #706 ) ) ;
#2182 = DIRECTION ( 'NONE',  ( 0.000000000000000000, 0.000000000000000000, 1.000000000000000000 ) ) ;
#2183 = ORIENTED_EDGE ( 'NONE', *, *, #1572, .F. ) ;
#2184 = CYLINDRICAL_SURFACE ( 'NONE', #2409, 0.1550000000000009426 ) ;
#2185 = VECTOR ( 'NONE', #1754, 39.37007874015748143 ) ;
#2186 = LINE ( 'NONE', #354, #1543 ) ;
#2187 = VERTEX_POINT ( 'NONE', #2039 ) ;
#2188 = CARTESIAN_POINT ( 'NONE',  ( 3.670623143398950017, 0.2500000000000000000, -2.480314961666667095 ) ) ;
#2189 = ORIENTED_EDGE ( 'NONE', *, *, #2411, .T. ) ;
#2190 = CARTESIAN_POINT ( 'NONE',  ( -3.003956476732283942, 0.1499999999999999944, 2.480314961666667539 ) ) ;
#2191 = VECTOR ( 'NONE', #1356, 39.37007874015748143 ) ;
#2192 = LINE ( 'NONE', #992, #295 ) ;
#2193 = ADVANCED_FACE ( 'NONE', ( #2504 ), #266, .F. ) ;
#2194 = DIRECTION ( 'NONE',  ( -0.000000000000000000, 1.000000000000000000, -0.000000000000000000 ) ) ;
#2195 = CIRCLE ( 'NONE', #1061, 0.1550000000000009426 ) ;
#2196 = ORIENTED_EDGE ( 'NONE', *, *, #1852, .T. ) ;
#2197 = DIRECTION ( 'NONE',  ( 0.000000000000000000, -0.7071067811865475727, -0.7071067811865475727 ) ) ;
#2198 = DIRECTION ( 'NONE',  ( -0.000000000000000000, 1.000000000000000000, -0.000000000000000000 ) ) ;
#2199 = CIRCLE ( 'NONE', #1997, 0.08474999999999968670 ) ;
#2200 = VERTEX_POINT ( 'NONE', #1305 ) ;
#2201 = PLANE ( 'NONE',  #2626 ) ;
#2202 = ORIENTED_EDGE ( 'NONE', *, *, #1488, .F. ) ;
#2203 = CARTESIAN_POINT ( 'NONE',  ( 3.414311815791610805, 0.2000000000000000111, 2.646981628333332726 ) ) ;
#2204 = CARTESIAN_POINT ( 'NONE',  ( -3.162289810065615825, 0.3333333333333333148, 2.521981628333334058 ) ) ;
#2205 = VECTOR ( 'NONE', #2153, 39.37007874015748143 ) ;
#2206 = DIRECTION ( 'NONE',  ( 0.000000000000000000, -0.7071067811865475727, -0.7071067811865475727 ) ) ;
#2207 = ORIENTED_EDGE ( 'NONE', *, *, #2314, .T. ) ;
#2208 = DIRECTION ( 'NONE',  ( -0.7071067811865473507, -0.7071067811865476838, -3.944304526105058151E-31 ) ) ;
#2209 = CARTESIAN_POINT ( 'NONE',  ( 3.120291383003144681, 0.2000000000000000111, 3.120291383003144681 ) ) ;
#2210 = ADVANCED_FACE ( 'NONE', ( #2065 ), #1520, .F. ) ;
#2211 = ORIENTED_EDGE ( 'NONE', *, *, #117, .T. ) ;
#2212 = PLANE ( 'NONE',  #203 ) ;
#2213 = CARTESIAN_POINT ( 'NONE',  ( 3.503956483293963586, 0.2500000000000000000, 2.170314961666665710 ) ) ;
#2214 = VERTEX_POINT ( 'NONE', #1055 ) ;
#2215 = LINE ( 'NONE', #26, #2600 ) ;
#2216 = DIRECTION ( 'NONE',  ( -0.5000000000000000000, 0.7071067811865474617, 0.5000000000000000000 ) ) ;
#2217 = CARTESIAN_POINT ( 'NONE',  ( -2.848956476732283694, 0.2500000000000000000, 2.801981634895014395 ) ) ;
#2218 = CARTESIAN_POINT ( 'NONE',  ( 1.630133902169811799, -1.630133902169811355, -2.280314961666660700 ) ) ;
#2219 = ORIENTED_EDGE ( 'NONE', *, *, #2585, .T. ) ;
#2220 = FACE_OUTER_BOUND ( 'NONE', #2312, .T. ) ;
#2221 = DIRECTION ( 'NONE',  ( -0.7071067811865479058, 0.7071067811865471286, 0.000000000000000000 ) ) ;
#2222 = ADVANCED_FACE ( 'NONE', ( #2259 ), #1262, .T. ) ;
#2223 = VECTOR ( 'NONE', #1464, 39.37007874015748143 ) ;
#2224 = ORIENTED_EDGE ( 'NONE', *, *, #1480, .F. ) ;
#2225 = VECTOR ( 'NONE', #1759, 39.37007874015748143 ) ;
#2226 = CARTESIAN_POINT ( 'NONE',  ( -3.003956476732283942, 0.4999999966666666684, 2.480314961666667095 ) ) ;
#2227 = DIRECTION ( 'NONE',  ( -0.7071067811865487940, 0.7071067811865462405, 1.159024944894523128E-15 ) ) ;
#2228 = EDGE_CURVE ( 'NONE', #2265, #714, #436, .T. ) ;
#2229 = VERTEX_POINT ( 'NONE', #237 ) ;
#2230 = ORIENTED_EDGE ( 'NONE', *, *, #965, .F. ) ;
#2231 = DIRECTION ( 'NONE',  ( 0.5773502691896300609, -8.845628357364361705E-15, 0.8164965809277230369 ) ) ;
#2232 = EDGE_CURVE ( 'NONE', #2275, #2265, #52, .T. ) ;
#2233 = FACE_OUTER_BOUND ( 'NONE', #637, .T. ) ;
#2234 = VERTEX_POINT ( 'NONE', #2053 ) ;
#2235 = CARTESIAN_POINT ( 'NONE',  ( 3.503956476732284830, 0.08392556509887834360, 2.688648295000001465 ) ) ;
#2236 = ORIENTED_EDGE ( 'NONE', *, *, #1627, .T. ) ;
#2237 = CARTESIAN_POINT ( 'NONE',  ( -3.312289810065616180, 0.2083333333333333981, 2.646981628333334058 ) ) ;
#2238 = DIRECTION ( 'NONE',  ( 0.000000000000000000, -1.000000000000000000, 0.000000000000000000 ) ) ;
#2239 = VECTOR ( 'NONE', #738, 39.37007874015748143 ) ;
#2240 = ORIENTED_EDGE ( 'NONE', *, *, #648, .T. ) ;
#2241 = LINE ( 'NONE', #627, #1364 ) ;
#2242 = AXIS2_PLACEMENT_3D ( 'NONE', #2250, #2030, #188 ) ;
#2243 = CARTESIAN_POINT ( 'NONE',  ( 3.503956476732283942, 0.7083333299999999833, -2.455314961666662743 ) ) ;
#2244 = CIRCLE ( 'NONE', #1330, 0.08474999999999968670 ) ;
#2245 = VERTEX_POINT ( 'NONE', #686 ) ;
#2246 = EDGE_CURVE ( 'NONE', #2214, #1026, #2195, .T. ) ;
#2247 = DIRECTION ( 'NONE',  ( -0.000000000000000000, -1.000000000000000000, -0.000000000000000000 ) ) ;
#2248 = VECTOR ( 'NONE', #1555, 39.37007874015748143 ) ;
#2249 = LINE ( 'NONE', #2016, #1159 ) ;
#2250 = CARTESIAN_POINT ( 'NONE',  ( -3.312289810065616180, 0.4583333333333332593, 2.646981628333334058 ) ) ;
#2251 = DIRECTION ( 'NONE',  ( 0.000000000000000000, 1.000000000000000000, 0.000000000000000000 ) ) ;
#2252 = ORIENTED_EDGE ( 'NONE', *, *, #543, .F. ) ;
#2253 = VECTOR ( 'NONE', #2103, 39.37007874015748143 ) ;
#2254 = DIRECTION ( 'NONE',  ( -1.000000000000000000, -0.000000000000000000, -0.000000000000000000 ) ) ;
#2255 = LINE ( 'NONE', #234, #1035 ) ;
#2256 = PRODUCT_DEFINITION_FORMATION_WITH_SPECIFIED_SOURCE ( 'ANY', '', #571, .NOT_KNOWN. ) ;
#2257 = ORIENTED_EDGE ( 'NONE', *, *, #2303, .T. ) ;
#2258 = CARTESIAN_POINT ( 'NONE',  ( 3.670623143398950017, 0.9166666616666671041, -2.146981628333333614 ) ) ;
#2259 = FACE_OUTER_BOUND ( 'NONE', #120, .T. ) ;
#2260 = ORIENTED_EDGE ( 'NONE', *, *, #1948, .T. ) ;
#2261 = DIRECTION ( 'NONE',  ( 0.000000000000000000, -0.000000000000000000, -1.000000000000000000 ) ) ;
#2262 = PLANE ( 'NONE',  #172 ) ;
#2263 = EDGE_CURVE ( 'NONE', #2559, #1921, #1575, .T. ) ;
#2264 = LINE ( 'NONE', #901, #1234 ) ;
#2265 = VERTEX_POINT ( 'NONE', #2475 ) ;
#2266 = VECTOR ( 'NONE', #2426, 39.37007874015748854 ) ;
#2267 = ADVANCED_FACE ( 'NONE', ( #2301 ), #451, .F. ) ;
#2268 = LINE ( 'NONE', #458, #1757 ) ;
#2269 = ORIENTED_EDGE ( 'NONE', *, *, #518, .T. ) ;
#2270 = DIRECTION ( 'NONE',  ( -0.5773502691896247319, 4.807406715958915211E-16, -0.8164965809277268116 ) ) ;
#2271 = ORIENTED_EDGE ( 'NONE', *, *, #1378, .F. ) ;
#2272 = CARTESIAN_POINT ( 'NONE',  ( -2.848956476732283694, 0.1500000000000000500, 2.756731634895013716 ) ) ;
#2273 = DIRECTION ( 'NONE',  ( -0.000000000000000000, -0.7071067811865474617, 0.7071067811865474617 ) ) ;
#2274 = ORIENTED_EDGE ( 'NONE', *, *, #194, .F. ) ;
#2275 = VERTEX_POINT ( 'NONE', #1662 ) ;
#2276 = DIRECTION ( 'NONE',  ( 0.7071067811865398012, -0.5000000000000055511, -0.5000000000000055511 ) ) ;
#2277 = EDGE_CURVE ( 'NONE', #948, #978, #2490, .T. ) ;
#2278 = LINE ( 'NONE', #1281, #273 ) ;
#2279 = ORIENTED_EDGE ( 'NONE', *, *, #732, .F. ) ;
#2280 = VECTOR ( 'NONE', #19, 39.37007874015748143 ) ;
#2281 = PLANE ( 'NONE',  #48 ) ;
#2282 = EDGE_LOOP ( 'NONE', ( #1277, #390, #1959, #2304 ) ) ;
#2283 = EDGE_CURVE ( 'NONE', #475, #1150, #895, .T. ) ;
#2284 = CARTESIAN_POINT ( 'NONE',  ( -3.003956476732283942, 0.4999999966666666684, 2.813648295000000132 ) ) ;
#2285 = EDGE_LOOP ( 'NONE', ( #1689, #2591, #508, #869 ) ) ;
#2286 = DIRECTION ( 'NONE',  ( 0.000000000000000000, 0.000000000000000000, 1.000000000000000000 ) ) ;
#2287 = DIRECTION ( 'NONE',  ( 0.7071067811865483499, 0.7071067811865466846, 0.000000000000000000 ) ) ;
#2288 = VECTOR ( 'NONE', #251, 39.37007874015748143 ) ;
#2289 = ORIENTED_EDGE ( 'NONE', *, *, #2618, .F. ) ;
#2290 = CIRCLE ( 'NONE', #2083, 0.1097500000000001114 ) ;
#2291 = CARTESIAN_POINT ( 'NONE',  ( 3.670623143398950017, 0.2500000000000000000, 2.813648295000000132 ) ) ;
#2292 = CARTESIAN_POINT ( 'NONE',  ( 3.462289810065616980, 0.3333333333333330928, -2.396389396567782271 ) ) ;
#2293 = VECTOR ( 'NONE', #1258, 39.37007874015748143 ) ;
#2294 = LINE ( 'NONE', #472, #58 ) ;
#2295 = VERTEX_POINT ( 'NONE', #1719 ) ;
#2296 = LINE ( 'NONE', #1700, #2345 ) ;
#2297 = ORIENTED_EDGE ( 'NONE', *, *, #1550, .F. ) ;
#2298 = DIRECTION ( 'NONE',  ( 0.000000000000000000, 0.000000000000000000, -1.000000000000000000 ) ) ;
#2299 = ORIENTED_EDGE ( 'NONE', *, *, #333, .F. ) ;
#2300 = DIRECTION ( 'NONE',  ( 0.000000000000000000, 0.000000000000000000, 1.000000000000000000 ) ) ;
#2301 = FACE_OUTER_BOUND ( 'NONE', #654, .T. ) ;
#2302 = AXIS2_PLACEMENT_3D ( 'NONE', #601, #1419, #1638 ) ;
#2303 = EDGE_CURVE ( 'NONE', #1174, #1191, #2081, .T. ) ;
#2304 = ORIENTED_EDGE ( 'NONE', *, *, #1680, .F. ) ;
#2305 = LINE ( 'NONE', #1910, #2154 ) ;
#2306 = DIRECTION ( 'NONE',  ( 0.5773502691896321704, 0.8164965809277215936, -4.486912934894939936E-15 ) ) ;
#2307 = DIRECTION ( 'NONE',  ( -0.5000000000000000000, -0.7071067811865474617, 0.5000000000000000000 ) ) ;
#2308 = ORIENTED_EDGE ( 'NONE', *, *, #1887, .F. ) ;
#2309 = ORIENTED_EDGE ( 'NONE', *, *, #1901, .F. ) ;
#2310 = CARTESIAN_POINT ( 'NONE',  ( 3.503956483293963586, 0.1499999999999999944, 2.325314961666666402 ) ) ;
#2311 = VECTOR ( 'NONE', #2321, 39.37007874015748143 ) ;
#2312 = EDGE_LOOP ( 'NONE', ( #394, #2074, #57, #2252 ) ) ;
#2313 = DIRECTION ( 'NONE',  ( 0.000000000000000000, -0.000000000000000000, 1.000000000000000000 ) ) ;
#2314 = EDGE_CURVE ( 'NONE', #703, #434, #1691, .T. ) ;
#2315 = CARTESIAN_POINT ( 'NONE',  ( 3.503956476732283498, 0.9583333300000000943, -2.455314961666662743 ) ) ;
#2316 = ORIENTED_EDGE ( 'NONE', *, *, #2556, .F. ) ;
#2317 = FACE_BOUND ( 'NONE', #503, .T. ) ;
#2318 = ADVANCED_FACE ( 'NONE', ( #2516 ), #698, .F. ) ;
#2319 = PLANE ( 'NONE',  #1248 ) ;
#2320 = VECTOR ( 'NONE', #1086, 39.37007874015748854 ) ;
#2321 = DIRECTION ( 'NONE',  ( -1.000000000000000000, -0.000000000000000000, -0.000000000000000000 ) ) ;
#2322 = VECTOR ( 'NONE', #2487, 39.37007874015748854 ) ;
#2323 = ORIENTED_EDGE ( 'NONE', *, *, #1291, .F. ) ;
#2324 = CARTESIAN_POINT ( 'NONE',  ( 0.000000000000000000, 0.2500000000000000000, 0.000000000000000000 ) ) ;
#2325 = ORIENTED_EDGE ( 'NONE', *, *, #1756, .T. ) ;
#2326 = CARTESIAN_POINT ( 'NONE',  ( 3.503956476732283498, 0.4583333333333332593, -2.280314961666660700 ) ) ;
#2327 = FACE_OUTER_BOUND ( 'NONE', #484, .T. ) ;
#2328 = ORIENTED_EDGE ( 'NONE', *, *, #1488, .T. ) ;
#2329 = PLANE ( 'NONE',  #680 ) ;
#2330 = CARTESIAN_POINT ( 'NONE',  ( -3.337289810065616980, 0.000000000000000000, 2.480314961666667095 ) ) ;
#2331 = EDGE_LOOP ( 'NONE', ( #2230, #737, #1773, #2572 ) ) ;
#2332 = CARTESIAN_POINT ( 'NONE',  ( 3.503956476732283498, 0.2500000000000000000, -2.146981628333333614 ) ) ;
#2333 = CARTESIAN_POINT ( 'NONE',  ( 2.673511868448672057, 0.8333333299999857724, -1.629713600101177384 ) ) ;
#2334 = EDGE_CURVE ( 'NONE', #1051, #1925, #467, .T. ) ;
#2335 = DIRECTION ( 'NONE',  ( 0.000000000000000000, 0.000000000000000000, 1.000000000000000000 ) ) ;
#2336 = AXIS2_PLACEMENT_3D ( 'NONE', #1591, #1173, #1398 ) ;
#2337 = EDGE_CURVE ( 'NONE', #1824, #231, #2096, .T. ) ;
#2338 = DIRECTION ( 'NONE',  ( -1.000000000000000000, 0.000000000000000000, -0.000000000000000000 ) ) ;
#2339 = FACE_OUTER_BOUND ( 'NONE', #1428, .T. ) ;
#2340 = ORIENTED_EDGE ( 'NONE', *, *, #2111, .F. ) ;
#2341 = DIRECTION ( 'NONE',  ( -0.7071067811865474617, 0.000000000000000000, 0.7071067811865474617 ) ) ;
#2342 = PLANE ( 'NONE',  #590 ) ;
#2343 = ORIENTED_EDGE ( 'NONE', *, *, #1179, .F. ) ;
#2344 = DIRECTION ( 'NONE',  ( 0.000000000000000000, 1.000000000000000000, 0.000000000000000000 ) ) ;
#2345 = VECTOR ( 'NONE', #832, 39.37007874015748854 ) ;
#2346 = CARTESIAN_POINT ( 'NONE',  ( 3.670623143398950017, 0.000000000000000000, -2.480314961666667095 ) ) ;
#2347 = EDGE_CURVE ( 'NONE', #1602, #705, #839, .T. ) ;
#2348 = EDGE_CURVE ( 'NONE', #2566, #922, #1669, .T. ) ;
#2349 = EDGE_CURVE ( 'NONE', #294, #2414, #2244, .T. ) ;
#2350 = CARTESIAN_POINT ( 'NONE',  ( 3.628956476732283942, 0.8333333299999998722, -2.305314961666661944 ) ) ;
#2351 = CLOSED_SHELL ( 'NONE', ( #1645, #2044, #2007, #1392, #606, #903, #982, #1699, #2617, #1304, #460, #800, #1604, #151, #2193, #2093, #319, #1241, #1580, #338, #1536, #1461, #205, #2379, #1768, #787, #2428, #1211, #1136, #866, #1505, #2541, #2390, #906, #2179, #1003, #536, #2129, #1933, #1351, #91, #545, #719, #950, #1695, #1037, #478, #2517, #1663, #1410, #269, #1882, #1089, #1370, #2073, #710, #1782, #2318, #483, #1140, #1743, #1389, #586, #1608, #1236, #1727, #2267, #1067, #782, #2210, #17, #358, #2098, #2222, #1834, #2394, #804, #1360, #73, #2157, #1758, #816, #2510, #249, #629, #303, #1484, #1462, #2011, #610, #265, #891, #1501 ) ) ;
#2352 = VERTEX_POINT ( 'NONE', #2149 ) ;
#2353 = DIRECTION ( 'NONE',  ( -0.7071067811865454633, 0.7071067811865494601, -3.090733186385378049E-15 ) ) ;
#2354 = DIRECTION ( 'NONE',  ( 0.000000000000000000, 1.000000000000000000, 0.000000000000000000 ) ) ;
#2355 = AXIS2_PLACEMENT_3D ( 'NONE', #1010, #1383, #1823 ) ;
#2356 = EDGE_LOOP ( 'NONE', ( #1270, #1649, #2308, #1387, #684, #1568, #1432, #169 ) ) ;
#2357 = DIRECTION ( 'NONE',  ( 0.000000000000000000, 0.7071067811865476838, -0.7071067811865473507 ) ) ;
#2358 = EDGE_CURVE ( 'NONE', #886, #1934, #1947, .T. ) ;
#2359 = PLANE ( 'NONE',  #1579 ) ;
#2360 = DIRECTION ( 'NONE',  ( -1.000000000000000000, 0.000000000000000000, 0.000000000000000000 ) ) ;
#2361 = EDGE_CURVE ( 'NONE', #404, #442, #131, .T. ) ;
#2362 = VERTEX_POINT ( 'NONE', #935 ) ;
#2363 = CARTESIAN_POINT ( 'NONE',  ( -2.848956476732283694, 0.1499999999999999944, 2.646981634895013702 ) ) ;
#2364 = CARTESIAN_POINT ( 'NONE',  ( 3.503956483293963586, 0.1499999999999999944, 2.325314961666666402 ) ) ;
#2365 = ORIENTED_EDGE ( 'NONE', *, *, #1050, .T. ) ;
#2366 = DIRECTION ( 'NONE',  ( 0.000000000000000000, 0.000000000000000000, -1.000000000000000000 ) ) ;
#2367 = LINE ( 'NONE', #1165, #1618 ) ;
#2368 = ORIENTED_EDGE ( 'NONE', *, *, #2467, .F. ) ;
#2369 = VECTOR ( 'NONE', #1237, 39.37007874015748854 ) ;
#2370 = CIRCLE ( 'NONE', #1917, 0.1550000000000003875 ) ;
#2371 = LINE ( 'NONE', #1122, #1259 ) ;
#2372 = AXIS2_PLACEMENT_3D ( 'NONE', #307, #880, #466 ) ;
#2373 = VERTEX_POINT ( 'NONE', #2561 ) ;
#2374 = DIRECTION ( 'NONE',  ( 0.000000000000000000, 0.000000000000000000, 1.000000000000000000 ) ) ;
#2375 = CARTESIAN_POINT ( 'NONE',  ( 3.486278807202620289, 0.000000000000000000, 2.789659297862996823 ) ) ;
#2376 = EDGE_CURVE ( 'NONE', #2540, #185, #2370, .T. ) ;
#2377 = ORIENTED_EDGE ( 'NONE', *, *, #314, .F. ) ;
#2378 = LINE ( 'NONE', #2141, #1075 ) ;
#2379 = ADVANCED_FACE ( 'NONE', ( #1534 ), #947, .F. ) ;
#2380 = AXIS2_PLACEMENT_3D ( 'NONE', #2056, #2216, #1233 ) ;
#2381 = EDGE_LOOP ( 'NONE', ( #1660, #651, #840, #287 ) ) ;
#2382 = EDGE_CURVE ( 'NONE', #108, #1789, #2538, .T. ) ;
#2383 = LENGTH_MEASURE_WITH_UNIT ( LENGTH_MEASURE( 0.02539999999999999897 ), #1372 );
#2384 = CARTESIAN_POINT ( 'NONE',  ( 5.092853002107896456E-15, -5.420674761347632103E-15, -2.280314961666666917 ) ) ;
#2385 = EDGE_LOOP ( 'NONE', ( #2271, #1477 ) ) ;
#2386 = DIRECTION ( 'NONE',  ( -0.5773502691896253980, -0.8164965809277262565, -9.574751709284835780E-16 ) ) ;
#2387 = LINE ( 'NONE', #403, #1111 ) ;
#2388 = EDGE_CURVE ( 'NONE', #2070, #1191, #1125, .T. ) ;
#2389 = VERTEX_POINT ( 'NONE', #755 ) ;
#2390 = ADVANCED_FACE ( 'NONE', ( #1357 ), #2342, .F. ) ;
#2391 = LINE ( 'NONE', #972, #2567 ) ;
#2392 = LINE ( 'NONE', #1430, #1187 ) ;
#2393 = VECTOR ( 'NONE', #995, 39.37007874015748143 ) ;
#2394 = ADVANCED_FACE ( 'NONE', ( #723, #1936 ), #1961, .F. ) ;
#2395 = EDGE_LOOP ( 'NONE', ( #1844, #345, #1499, #968 ) ) ;
#2396 = DIRECTION ( 'NONE',  ( 0.7071067811865479058, -0.7071067811865471286, 3.090733186385377654E-15 ) ) ;
#2397 = LINE ( 'NONE', #2002, #415 ) ;
#2398 = DIRECTION ( 'NONE',  ( 0.000000000000000000, 0.7071067811865474617, -0.7071067811865474617 ) ) ;
#2399 = VERTEX_POINT ( 'NONE', #2330 ) ;
#2400 = CARTESIAN_POINT ( 'NONE',  ( -3.312289810065616180, 0.2083333333333333981, 2.646981628333334058 ) ) ;
#2401 = LINE ( 'NONE', #1826, #1958 ) ;
#2402 = ORIENTED_EDGE ( 'NONE', *, *, #2143, .F. ) ;
#2403 = PLANE ( 'NONE',  #35 ) ;
#2404 = VECTOR ( 'NONE', #1121, 39.37007874015748143 ) ;
#2405 = EDGE_CURVE ( 'NONE', #978, #584, #1775, .T. ) ;
#2406 = ORIENTED_EDGE ( 'NONE', *, *, #1574, .T. ) ;
#2407 = LINE ( 'NONE', #1833, #1551 ) ;
#2408 = EDGE_CURVE ( 'NONE', #1975, #978, #143, .T. ) ;
#2409 = AXIS2_PLACEMENT_3D ( 'NONE', #1995, #1397, #1577 ) ;
#2410 = DIRECTION ( 'NONE',  ( 0.000000000000000000, 0.000000000000000000, -1.000000000000000000 ) ) ;
#2411 = EDGE_CURVE ( 'NONE', #1390, #255, #959, .T. ) ;
#2412 = DIRECTION ( 'NONE',  ( 0.000000000000000000, 0.7071067811865474617, 0.7071067811865474617 ) ) ;
#2413 = AXIS2_PLACEMENT_3D ( 'NONE', #2025, #1443, #379 ) ;
#2414 = VERTEX_POINT ( 'NONE', #1114 ) ;
#2415 = CARTESIAN_POINT ( 'NONE',  ( 3.503956476732283942, 0.2000000000000000111, 2.771981628333333170 ) ) ;
#2416 = LINE ( 'NONE', #1000, #1748 ) ;
#2417 = CIRCLE ( 'NONE', #1621, 0.1550000000000009426 ) ;
#2418 = VERTEX_POINT ( 'NONE', #1924 ) ;
#2419 = DIRECTION ( 'NONE',  ( -1.000000000000000000, 0.000000000000000000, 0.000000000000000000 ) ) ;
#2420 = CARTESIAN_POINT ( 'NONE',  ( 3.628956476732283942, 0.8333333299999997612, -2.455314961666662743 ) ) ;
#2421 = VERTEX_POINT ( 'NONE', #107 ) ;
#2422 = VERTEX_POINT ( 'NONE', #909 ) ;
#2423 = DIRECTION ( 'NONE',  ( 0.7071067811865491270, 0.7071067811865459074, 3.944304526105058151E-31 ) ) ;
#2424 = EDGE_CURVE ( 'NONE', #1950, #2362, #2137, .T. ) ;
#2425 = CARTESIAN_POINT ( 'NONE',  ( 3.503956476732283498, 0.7083333300000002053, -2.455314961666662743 ) ) ;
#2426 = DIRECTION ( 'NONE',  ( 9.486615919492209704E-15, 0.5773502691896301720, -0.8164965809277228148 ) ) ;
#2427 = EDGE_LOOP ( 'NONE', ( #693, #672, #788, #1880 ) ) ;
#2428 = ADVANCED_FACE ( 'NONE', ( #711 ), #920, .F. ) ;
#2429 = FACE_OUTER_BOUND ( 'NONE', #2285, .T. ) ;
#2430 = DIRECTION ( 'NONE',  ( -0.5000000000000058842, 0.7071067811865392461, -0.5000000000000058842 ) ) ;
#2431 = ORIENTED_EDGE ( 'NONE', *, *, #232, .F. ) ;
#2432 = DIRECTION ( 'NONE',  ( 0.000000000000000000, -0.7071067811865474617, -0.7071067811865474617 ) ) ;
#2433 = CARTESIAN_POINT ( 'NONE',  ( 3.420623145065613269, 0.4999999966666666684, -5.606773485557433131E-15 ) ) ;
#2434 = ORIENTED_EDGE ( 'NONE', *, *, #2577, .T. ) ;
#2435 = DIRECTION ( 'NONE',  ( -0.000000000000000000, 1.000000000000000000, -0.000000000000000000 ) ) ;
#2436 = FACE_OUTER_BOUND ( 'NONE', #592, .T. ) ;
#2437 = AXIS2_PLACEMENT_3D ( 'NONE', #1588, #1598, #2182 ) ;
#2438 = DIRECTION ( 'NONE',  ( 1.000000000000000000, 0.000000000000000000, 0.000000000000000000 ) ) ;
#2439 = LINE ( 'NONE', #774, #1805 ) ;
#2440 = ORIENTED_EDGE ( 'NONE', *, *, #2232, .T. ) ;
#2441 = LINE ( 'NONE', #432, #542 ) ;
#2442 = SHAPE_DEFINITION_REPRESENTATION ( #1770, #2628 ) ;
#2443 = EDGE_CURVE ( 'NONE', #1177, #1950, #609, .T. ) ;
#2444 = EDGE_CURVE ( 'NONE', #294, #475, #2010, .T. ) ;
#2445 = AXIS2_PLACEMENT_3D ( 'NONE', #1859, #1666, #2261 ) ;
#2446 = ORIENTED_EDGE ( 'NONE', *, *, #2585, .F. ) ;
#2447 = VECTOR ( 'NONE', #1157, 39.37007874015748854 ) ;
#2448 = CARTESIAN_POINT ( 'NONE',  ( 3.670623143398950017, 0.9999999966666665019, -2.480314961666667539 ) ) ;
#2449 = FACE_OUTER_BOUND ( 'NONE', #2552, .T. ) ;
#2450 = ORIENTED_EDGE ( 'NONE', *, *, #625, .F. ) ;
#2451 = ORIENTED_EDGE ( 'NONE', *, *, #2337, .T. ) ;
#2452 = LINE ( 'NONE', #2190, #1340 ) ;
#2453 = DIRECTION ( 'NONE',  ( 0.7071067811865474617, 0.000000000000000000, 0.7071067811865474617 ) ) ;
#2454 = DIRECTION ( 'NONE',  ( 0.000000000000000000, -0.000000000000000000, 1.000000000000000000 ) ) ;
#2455 = ORIENTED_EDGE ( 'NONE', *, *, #33, .F. ) ;
#2456 = FACE_OUTER_BOUND ( 'NONE', #859, .T. ) ;
#2457 = LINE ( 'NONE', #1854, #372 ) ;
#2458 = AXIS2_PLACEMENT_3D ( 'NONE', #2433, #2227, #1648 ) ;
#2459 = ORIENTED_EDGE ( 'NONE', *, *, #389, .F. ) ;
#2460 = DIRECTION ( 'NONE',  ( 0.000000000000000000, -0.000000000000000000, 1.000000000000000000 ) ) ;
#2461 = CIRCLE ( 'NONE', #1668, 0.3149606299212598381 ) ;
#2462 = EDGE_CURVE ( 'NONE', #231, #1076, #2387, .T. ) ;
#2463 = DIRECTION ( 'NONE',  ( 0.7071067811865482389, -0.4999999999999995004, -0.4999999999999995004 ) ) ;
#2464 = AXIS2_PLACEMENT_3D ( 'NONE', #118, #2551, #322 ) ;
#2465 = EDGE_LOOP ( 'NONE', ( #567, #645, #578, #1616 ) ) ;
#2466 = CARTESIAN_POINT ( 'NONE',  ( 3.670623143398950017, 0.2500000000000000000, -2.480314961666667095 ) ) ;
#2467 = EDGE_CURVE ( 'NONE', #1091, #475, #2199, .T. ) ;
#2468 = CARTESIAN_POINT ( 'NONE',  ( 3.503956476732283498, 0.9583333300000002053, -2.305314961666661944 ) ) ;
#2469 = DIRECTION ( 'NONE',  ( -0.000000000000000000, -1.000000000000000000, -0.000000000000000000 ) ) ;
#2470 = ORIENTED_EDGE ( 'NONE', *, *, #1321, .T. ) ;
#2471 = VECTOR ( 'NONE', #243, 39.37007874015748854 ) ;
#2472 = DIRECTION ( 'NONE',  ( -1.000000000000000000, 0.000000000000000000, 0.000000000000000000 ) ) ;
#2473 = ORIENTED_EDGE ( 'NONE', *, *, #2481, .T. ) ;
#2474 = CARTESIAN_POINT ( 'NONE',  ( -2.848956476732283694, 0.1500000000000000500, 2.646981634895013702 ) ) ;
#2475 = CARTESIAN_POINT ( 'NONE',  ( 3.337289810065616980, 0.9999999966666665019, -2.230314963333333012 ) ) ;
#2476 = EDGE_CURVE ( 'NONE', #217, #445, #180, .T. ) ;
#2477 = EDGE_CURVE ( 'NONE', #861, #1026, #2416, .T. ) ;
#2478 = EDGE_LOOP ( 'NONE', ( #1845, #911, #462, #1737 ) ) ;
#2479 = ORIENTED_EDGE ( 'NONE', *, *, #1480, .T. ) ;
#2480 = DIRECTION ( 'NONE',  ( -0.7071067811865483499, -0.7071067811865466846, 3.254051234036672997E-30 ) ) ;
#2481 = EDGE_CURVE ( 'NONE', #2566, #2559, #778, .T. ) ;
#2482 = FACE_OUTER_BOUND ( 'NONE', #2008, .T. ) ;
#2483 = ORIENTED_EDGE ( 'NONE', *, *, #2303, .F. ) ;
#2484 = VECTOR ( 'NONE', #1104, 39.37007874015748143 ) ;
#2485 = DIRECTION ( 'NONE',  ( 0.000000000000000000, 1.000000000000000000, 0.000000000000000000 ) ) ;
#2486 = ORIENTED_EDGE ( 'NONE', *, *, #1539, .F. ) ;
#2487 = DIRECTION ( 'NONE',  ( 0.000000000000000000, 0.7071067811865474617, -0.7071067811865474617 ) ) ;
#2488 = EDGE_LOOP ( 'NONE', ( #1404, #1831, #2099, #696 ) ) ;
#2489 = CARTESIAN_POINT ( 'NONE',  ( 3.628956476732283054, 0.3333333333333334259, -2.455314961666661411 ) ) ;
#2490 = LINE ( 'NONE', #643, #412 ) ;
#2491 = VERTEX_POINT ( 'NONE', #1785 ) ;
#2492 = PLANE ( 'NONE',  #2445 ) ;
#2493 = DIRECTION ( 'NONE',  ( -0.000000000000000000, 1.000000000000000000, -0.000000000000000000 ) ) ;
#2494 = PLANE ( 'NONE',  #1596 ) ;
#2495 = ORIENTED_EDGE ( 'NONE', *, *, #2092, .F. ) ;
#2496 = EDGE_CURVE ( 'NONE', #1026, #641, #2417, .T. ) ;
#2497 = AXIS2_PLACEMENT_3D ( 'NONE', #905, #1300, #1079 ) ;
#2498 = DIRECTION ( 'NONE',  ( 0.000000000000000000, 0.7071067811865484609, 0.7071067811865465735 ) ) ;
#2499 = ORIENTED_EDGE ( 'NONE', *, *, #953, .F. ) ;
#2500 = DIRECTION ( 'NONE',  ( -0.000000000000000000, -1.000000000000000000, -0.000000000000000000 ) ) ;
#2501 = EDGE_CURVE ( 'NONE', #1783, #217, #566, .T. ) ;
#2502 = ORIENTED_EDGE ( 'NONE', *, *, #1303, .F. ) ;
#2503 = CARTESIAN_POINT ( 'NONE',  ( 3.030646722062471987, 0.2000000000000000111, 3.030646722062471987 ) ) ;
#2504 = FACE_OUTER_BOUND ( 'NONE', #2000, .T. ) ;
#2505 = VECTOR ( 'NONE', #8, 39.37007874015748143 ) ;
#2506 = ORIENTED_EDGE ( 'NONE', *, *, #228, .F. ) ;
#2507 = CARTESIAN_POINT ( 'NONE',  ( -3.137289810065616802, -1.112001817029663497, 1.112001817029663941 ) ) ;
#2508 = LINE ( 'NONE', #1888, #305 ) ;
#2509 = ORIENTED_EDGE ( 'NONE', *, *, #1342, .T. ) ;
#2510 = ADVANCED_FACE ( 'NONE', ( #1014 ), #2035, .T. ) ;
#2511 = EDGE_LOOP ( 'NONE', ( #1817, #721, #823, #564 ) ) ;
#2512 = DIRECTION ( 'NONE',  ( 5.544542412405911695E-15, 0.8164965809277219266, 0.5773502691896315042 ) ) ;
#2513 = EDGE_CURVE ( 'NONE', #893, #2275, #2401, .T. ) ;
#2514 = ORIENTED_EDGE ( 'NONE', *, *, #184, .F. ) ;
#2515 = FACE_OUTER_BOUND ( 'NONE', #1160, .T. ) ;
#2516 = FACE_OUTER_BOUND ( 'NONE', #1056, .T. ) ;
#2517 = ADVANCED_FACE ( 'NONE', ( #2630 ), #808, .F. ) ;
#2518 = ORIENTED_EDGE ( 'NONE', *, *, #1132, .T. ) ;
#2519 = DIRECTION ( 'NONE',  ( 0.000000000000000000, -0.7071067811865476838, -0.7071067811865473507 ) ) ;
#2520 = DIRECTION ( 'NONE',  ( 0.7071067811865487940, 0.7071067811865462405, 6.705317694378600346E-30 ) ) ;
#2521 = CARTESIAN_POINT ( 'NONE',  ( 3.378956476732283942, 0.8333333300000006494, -2.455314961666662743 ) ) ;
#2522 = ORIENTED_EDGE ( 'NONE', *, *, #2376, .T. ) ;
#2523 = LINE ( 'NONE', #32, #137 ) ;
#2524 = ORIENTED_EDGE ( 'NONE', *, *, #2405, .F. ) ;
#2525 = SURFACE_SIDE_STYLE ('',( #289 ) ) ;
#2526 = ORIENTED_EDGE ( 'NONE', *, *, #285, .F. ) ;
#2527 = CARTESIAN_POINT ( 'NONE',  ( 3.670623143398950017, 0.9999999966666665019, -1.332020998412073665 ) ) ;
#2528 = DIRECTION ( 'NONE',  ( 0.7071067811865479058, -0.7071067811865471286, 0.000000000000000000 ) ) ;
#2529 = ORIENTED_EDGE ( 'NONE', *, *, #716, .T. ) ;
#2530 = CARTESIAN_POINT ( 'NONE',  ( -2.848956476732283694, 0.1499999999999999944, 2.646981634895013702 ) ) ;
#2531 = DIRECTION ( 'NONE',  ( -0.000000000000000000, -1.000000000000000000, -0.000000000000000000 ) ) ;
#2532 = VECTOR ( 'NONE', #1926, 39.37007874015748143 ) ;
#2533 = LINE ( 'NONE', #2050, #1874 ) ;
#2534 = DIRECTION ( 'NONE',  ( -0.7071067811865474617, 0.000000000000000000, -0.7071067811865474617 ) ) ;
#2535 = DIRECTION ( 'NONE',  ( 0.7071067811865475727, 0.000000000000000000, -0.7071067811865475727 ) ) ;
#2536 = ORIENTED_EDGE ( 'NONE', *, *, #890, .F. ) ;
#2537 = CARTESIAN_POINT ( 'NONE',  ( 3.503956476732283942, 0.1750000000000001554, 2.521981628333333614 ) ) ;
#2538 = LINE ( 'NONE', #736, #1450 ) ;
#2539 = AXIS2_PLACEMENT_3D ( 'NONE', #565, #754, #580 ) ;
#2540 = VERTEX_POINT ( 'NONE', #1376 ) ;
#2541 = ADVANCED_FACE ( 'NONE', ( #1798 ), #1810, .F. ) ;
#2542 = CARTESIAN_POINT ( 'NONE',  ( -3.312289810065616180, 0.4583333333333332593, 2.646981628333334058 ) ) ;
#2543 = DIRECTION ( 'NONE',  ( -0.000000000000000000, 1.000000000000000000, -0.000000000000000000 ) ) ;
#2544 = AXIS2_PLACEMENT_3D ( 'NONE', #64, #2463, #2273 ) ;
#2545 = EDGE_CURVE ( 'NONE', #1698, #1864, #1224, .T. ) ;
#2546 = AXIS2_PLACEMENT_3D ( 'NONE', #208, #985, #1185 ) ;
#2547 = DIRECTION ( 'NONE',  ( 0.000000000000000000, 0.7071067811865484609, 0.7071067811865465735 ) ) ;
#2548 = CARTESIAN_POINT ( 'NONE',  ( 3.503956476732283942, 0.02499999999999986955, 2.521981628333333614 ) ) ;
#2549 = EDGE_LOOP ( 'NONE', ( #582, #1898, #2078, #225 ) ) ;
#2550 = CARTESIAN_POINT ( 'NONE',  ( 2.123822572895821104, 2.123822572895798455, -2.280314961666666917 ) ) ;
#2551 = DIRECTION ( 'NONE',  ( 0.000000000000000000, -1.000000000000000000, 0.000000000000000000 ) ) ;
#2552 = EDGE_LOOP ( 'NONE', ( #60, #1163, #945, #1409 ) ) ;
#2553 = CARTESIAN_POINT ( 'NONE',  ( -3.137289810065616802, 1.534979811303670783, 1.534979811303671671 ) ) ;
#2554 = VECTOR ( 'NONE', #1320, 39.37007874015748854 ) ;
#2555 = CARTESIAN_POINT ( 'NONE',  ( -3.003956476732284386, 0.1499999999999999944, 2.646981634895013702 ) ) ;
#2556 = EDGE_CURVE ( 'NONE', #105, #1414, #2599, .T. ) ;
#2557 = CARTESIAN_POINT ( 'NONE',  ( 3.378956476732283942, 0.02499999999999986955, 2.646981628333333170 ) ) ;
#2558 = FACE_OUTER_BOUND ( 'NONE', #1509, .T. ) ;
#2559 = VERTEX_POINT ( 'NONE', #2176 ) ;
#2560 = CARTESIAN_POINT ( 'NONE',  ( 3.628956476732283942, 0.02499999999999986955, 2.646981628333333170 ) ) ;
#2561 = CARTESIAN_POINT ( 'NONE',  ( -3.337289810065616980, 0.3333333333333333703, 2.486626289274005419 ) ) ;
#2562 = EDGE_CURVE ( 'NONE', #1200, #1783, #822, .T. ) ;
#2563 = CIRCLE ( 'NONE', #914, 0.08474999999999968670 ) ;
#2564 = ORIENTED_EDGE ( 'NONE', *, *, #1231, .F. ) ;
#2565 = DIRECTION ( 'NONE',  ( 0.000000000000000000, 0.000000000000000000, 1.000000000000000000 ) ) ;
#2566 = VERTEX_POINT ( 'NONE', #1996 ) ;
#2567 = VECTOR ( 'NONE', #568, 39.37007874015748854 ) ;
#2568 = STYLED_ITEM ( 'NONE', ( #2181 ), #932 ) ;
#2569 = EDGE_CURVE ( 'NONE', #2540, #41, #2186, .T. ) ;
#2570 = LINE ( 'NONE', #980, #1314 ) ;
#2571 = DIRECTION ( 'NONE',  ( 0.000000000000000000, 0.7071067811865429098, 0.7071067811865522357 ) ) ;
#2572 = ORIENTED_EDGE ( 'NONE', *, *, #459, .T. ) ;
#2573 = EDGE_CURVE ( 'NONE', #250, #1707, #791, .T. ) ;
#2574 = DIRECTION ( 'NONE',  ( 0.7071067811865474617, 0.000000000000000000, -0.7071067811865474617 ) ) ;
#2575 = CARTESIAN_POINT ( 'NONE',  ( 3.337289810065616980, 0.2500000000000000000, 2.480314961666667095 ) ) ;
#2576 = EDGE_LOOP ( 'NONE', ( #1220, #2431, #1753, #1998 ) ) ;
#2577 = EDGE_CURVE ( 'NONE', #1872, #1878, #836, .T. ) ;
#2578 = DIRECTION ( 'NONE',  ( 0.7071067811865474617, 0.000000000000000000, 0.7071067811865474617 ) ) ;
#2579 = ORIENTED_EDGE ( 'NONE', *, *, #2618, .T. ) ;
#2580 = VECTOR ( 'NONE', #347, 39.37007874015748854 ) ;
#2581 = VECTOR ( 'NONE', #2410, 39.37007874015748143 ) ;
#2582 = CARTESIAN_POINT ( 'NONE',  ( 3.670623143398950017, 0.2500000000000000000, -2.480314961666667095 ) ) ;
#2583 = VECTOR ( 'NONE', #1556, 39.37007874015748143 ) ;
#2584 = CARTESIAN_POINT ( 'NONE',  ( 3.462289810065617868, 0.8333333300000000943, -2.396389396567783603 ) ) ;
#2585 = EDGE_CURVE ( 'NONE', #1564, #783, #2457, .T. ) ;
#2586 = VECTOR ( 'NONE', #2574, 39.37007874015748854 ) ;
#2587 = ORIENTED_EDGE ( 'NONE', *, *, #2349, .T. ) ;
#2588 = DIRECTION ( 'NONE',  ( 0.5773502691896261751, 0.5773502691896292838, -0.5773502691896217343 ) ) ;
#2589 = CARTESIAN_POINT ( 'NONE',  ( 3.503956483293963586, 0.1249999999999995698, 2.325314961666666402 ) ) ;
#2590 = EDGE_CURVE ( 'NONE', #1679, #263, #849, .T. ) ;
#2591 = ORIENTED_EDGE ( 'NONE', *, *, #1399, .F. ) ;
#2592 = DIRECTION ( 'NONE',  ( -0.000000000000000000, 1.000000000000000000, -0.000000000000000000 ) ) ;
#2593 = VECTOR ( 'NONE', #2520, 39.37007874015748143 ) ;
#2594 = ORIENTED_EDGE ( 'NONE', *, *, #1847, .T. ) ;
#2595 = CARTESIAN_POINT ( 'NONE',  ( 3.503956483293963586, 0.1249999999999995698, 2.410064961666666061 ) ) ;
#2596 = PLANE ( 'NONE',  #1977 ) ;
#2597 = ORIENTED_EDGE ( 'NONE', *, *, #682, .F. ) ;
#2598 = CARTESIAN_POINT ( 'NONE',  ( -3.337289810065616980, 0.4551776695296640973, 2.608470625470335591 ) ) ;
#2599 = LINE ( 'NONE', #2612, #1065 ) ;
#2600 = VECTOR ( 'NONE', #2247, 39.37007874015748143 ) ;
#2601 = VERTEX_POINT ( 'NONE', #1658 ) ;
#2602 = EDGE_CURVE ( 'NONE', #2070, #2540, #2533, .T. ) ;
#2603 = FACE_OUTER_BOUND ( 'NONE', #2117, .T. ) ;
#2604 = AXIS2_PLACEMENT_3D ( 'NONE', #544, #956, #743 ) ;
#2605 = ORIENTED_EDGE ( 'NONE', *, *, #1771, .F. ) ;
#2606 = EDGE_CURVE ( 'NONE', #166, #2090, #2142, .T. ) ;
#2607 = DIRECTION ( 'NONE',  ( -0.000000000000000000, 1.000000000000000000, -0.000000000000000000 ) ) ;
#2608 = CARTESIAN_POINT ( 'NONE',  ( 3.503956476732283498, 0.7083333291666666920, -1.938648295833333313 ) ) ;
#2609 = DIRECTION ( 'NONE',  ( 0.7071067811865436870, -0.5000000000000027756, 0.5000000000000027756 ) ) ;
#2610 = EDGE_LOOP ( 'NONE', ( #2102, #876, #437, #465 ) ) ;
#2611 = PLANE ( 'NONE',  #2029 ) ;
#2612 = CARTESIAN_POINT ( 'NONE',  ( 3.542467479595284630, 0.4551776695296674835, -2.480314961666667095 ) ) ;
#2613 = ORIENTED_EDGE ( 'NONE', *, *, #1303, .T. ) ;
#2614 = LINE ( 'NONE', #1617, #887 ) ;
#2615 = LINE ( 'NONE', #2420, #369 ) ;
#2616 = VECTOR ( 'NONE', #2588, 39.37007874015748854 ) ;
#2617 = ADVANCED_FACE ( 'NONE', ( #247 ), #640, .F. ) ;
#2618 = EDGE_CURVE ( 'NONE', #434, #948, #89, .T. ) ;
#2619 = ORIENTED_EDGE ( 'NONE', *, *, #1953, .F. ) ;
#2620 = VERTEX_POINT ( 'NONE', #504 ) ;
#2621 = LINE ( 'NONE', #815, #1678 ) ;
#2622 = EDGE_CURVE ( 'NONE', #1001, #868, #433, .T. ) ;
#2623 = LINE ( 'NONE', #1047, #1449 ) ;
#2624 = VECTOR ( 'NONE', #391, 39.37007874015748143 ) ;
#2625 = LINE ( 'NONE', #218, #2393 ) ;
#2626 = AXIS2_PLACEMENT_3D ( 'NONE', #157, #1801, #1790 ) ;
#2627 = ORIENTED_EDGE ( 'NONE', *, *, #1178, .T. ) ;
#2628 = ADVANCED_BREP_SHAPE_REPRESENTATION ( 'big_L', ( #932, #479 ), #1795 ) ;
#2629 = FACE_OUTER_BOUND ( 'NONE', #413, .T. ) ;
#2630 = FACE_OUTER_BOUND ( 'NONE', #2381, .T. ) ;
#2631 = VECTOR ( 'NONE', #1740, 39.37007874015748854 ) ;
#2632 = ORIENTED_EDGE ( 'NONE', *, *, #1271, .F. ) ;
#2633 = PLANE ( 'NONE',  #1280 ) ;
#2634 = PLANE ( 'NONE',  #724 ) ;
#2635 = ORIENTED_EDGE ( 'NONE', *, *, #447, .F. ) ;
#2636 = EDGE_LOOP ( 'NONE', ( #45, #138, #678, #1222, #245, #572 ) ) ;
#2637 = DIRECTION ( 'NONE',  ( -0.000000000000000000, -1.000000000000000000, -0.000000000000000000 ) ) ;
#2638 = EDGE_CURVE ( 'NONE', #1934, #2422, #2523, .T. ) ;
#2639 = EDGE_CURVE ( 'NONE', #512, #105, #2255, .T. ) ;
ENDSEC;
END-ISO-10303-21;
