ISO-10303-21;
HEADER;
FILE_DESCRIPTION (( 'STEP AP214' ),
    '1' );
FILE_NAME ('itx_side.STEP',
    '2026-09-26T18:51:48',
    ( '' ),
    ( '' ),
    'SwSTEP 2.0',
    'SolidWorks 2025',
    '' );
FILE_SCHEMA (( 'AUTOMOTIVE_DESIGN' ));
ENDSEC;

DATA;
#1 = ORIENTED_EDGE ( 'NONE', *, *, #403, .T. ) ;
#2 = CARTESIAN_POINT ( 'NONE',  ( -2.946443307086613839, -3.100000000000000089, -0.3333333299999999833 ) ) ;
#3 = ADVANCED_FACE ( 'NONE', ( #273 ), #474, .F. ) ;
#4 = CARTESIAN_POINT ( 'NONE',  ( 3.554790026246720025, -4.567858267086611690, -0.1666666666666666297 ) ) ;
#5 = CARTESIAN_POINT ( 'NONE',  ( 2.903556692913386250, 3.346456692913386100, -0.3333333299999999833 ) ) ;
#6 = DIRECTION ( 'NONE',  ( -1.000000000000000000, -1.310346476547643606E-16, 0.000000000000000000 ) ) ;
#7 = ORIENTED_EDGE ( 'NONE', *, *, #616, .T. ) ;
#8 = LINE ( 'NONE', #2058, #690 ) ;
#9 = LINE ( 'NONE', #1877, #1475 ) ;
#10 =( GEOMETRIC_REPRESENTATION_CONTEXT ( 3 ) GLOBAL_UNCERTAINTY_ASSIGNED_CONTEXT ( ( #1238 ) ) GLOBAL_UNIT_ASSIGNED_CONTEXT ( ( #1188, #1012, #1221 ) ) REPRESENTATION_CONTEXT ( 'NONE', 'WORKASPACE' ) );
#11 = ORIENTED_EDGE ( 'NONE', *, *, #1319, .F. ) ;
#12 = FACE_OUTER_BOUND ( 'NONE', #617, .T. ) ;
#13 = CARTESIAN_POINT ( 'NONE',  ( 3.429790026246720025, -4.542858267086613999, -0.07702200572599109119 ) ) ;
#14 = ADVANCED_FACE ( 'NONE', ( #148 ), #2025, .F. ) ;
#15 = CARTESIAN_POINT ( 'NONE',  ( -2.836693307086613824, -3.100000000000000089, 6.829619984160660511E-17 ) ) ;
#16 = CARTESIAN_POINT ( 'NONE',  ( -3.411456692913386046, 3.429790026246719137, -0.006311327607342554109 ) ) ;
#17 = ORIENTED_EDGE ( 'NONE', *, *, #1965, .F. ) ;
#18 = SURFACE_SIDE_STYLE ('',( #370 ) ) ;
#19 = DIRECTION ( 'NONE',  ( 0.000000000000000000, 1.000000000000000000, 0.000000000000000000 ) ) ;
#20 = ORIENTED_EDGE ( 'NONE', *, *, #915, .F. ) ;
#21 = LINE ( 'NONE', #1394, #1252 ) ;
#22 = DIRECTION ( 'NONE',  ( 0.000000000000000000, -0.7071067811865477948, 0.7071067811865472397 ) ) ;
#23 = DIRECTION ( 'NONE',  ( 0.000000000000000000, 0.000000000000000000, 1.000000000000000000 ) ) ;
#24 = ORIENTED_EDGE ( 'NONE', *, *, #1125, .F. ) ;
#25 = CARTESIAN_POINT ( 'NONE',  ( -3.387467695776382293, -4.742858267086614177, -0.1843443361963309768 ) ) ;
#26 = DIRECTION ( 'NONE',  ( -0.7071067811865495711, 0.000000000000000000, -0.7071067811865454633 ) ) ;
#27 = VECTOR ( 'NONE', #1231, 39.37007874015748854 ) ;
#28 = AXIS2_PLACEMENT_3D ( 'NONE', #2209, #1026, #1516 ) ;
#29 = VECTOR ( 'NONE', #1460, 39.37007874015748854 ) ;
#30 = EDGE_LOOP ( 'NONE', ( #203, #1422, #697, #416 ) ) ;
#31 = VECTOR ( 'NONE', #1657, 39.37007874015748854 ) ;
#32 = LINE ( 'NONE', #1711, #1648 ) ;
#33 = AXIS2_PLACEMENT_3D ( 'NONE', #1234, #1062, #1756 ) ;
#34 = EDGE_CURVE ( 'NONE', #757, #1076, #1155, .T. ) ;
#35 = FACE_BOUND ( 'NONE', #1608, .T. ) ;
#36 = CARTESIAN_POINT ( 'NONE',  ( -2.696443307086614727, 2.850000000000000533, -0.3333333299999999833 ) ) ;
#37 = ORIENTED_EDGE ( 'NONE', *, *, #1622, .T. ) ;
#38 = CARTESIAN_POINT ( 'NONE',  ( 3.596456692913386544, 3.596456692913386100, -0.3333333299999999833 ) ) ;
#39 = CARTESIAN_POINT ( 'NONE',  ( -3.031193307086613498, -3.100000000000000089, 0.000000000000000000 ) ) ;
#40 = PLANE ( 'NONE',  #1545 ) ;
#41 = ORIENTED_EDGE ( 'NONE', *, *, #785, .T. ) ;
#42 = VERTEX_POINT ( 'NONE', #483 ) ;
#43 = CARTESIAN_POINT ( 'NONE',  ( -3.411456692913386046, 3.447467695776381014, -0.02398899713700462441 ) ) ;
#44 = EDGE_CURVE ( 'NONE', #2105, #731, #1854, .T. ) ;
#45 = ORIENTED_EDGE ( 'NONE', *, *, #1182, .F. ) ;
#46 = DIRECTION ( 'NONE',  ( -9.299353671878032196E-17, 0.7071067811865470176, -0.7071067811865481278 ) ) ;
#47 = CARTESIAN_POINT ( 'NONE',  ( 2.903556692913386694, -4.492858267086613289, 0.000000000000000000 ) ) ;
#48 = ORIENTED_EDGE ( 'NONE', *, *, #883, .T. ) ;
#49 = CARTESIAN_POINT ( 'NONE',  ( -3.386456692913383915, -2.687543307086613265, -0.2916666666666667962 ) ) ;
#50 = CARTESIAN_POINT ( 'NONE',  ( -2.696443307086614727, 2.850000000000000533, -0.3333333299999999833 ) ) ;
#51 = FACE_OUTER_BOUND ( 'NONE', #1023, .T. ) ;
#52 = ORIENTED_EDGE ( 'NONE', *, *, #156, .F. ) ;
#53 = VERTEX_POINT ( 'NONE', #2183 ) ;
#54 = CARTESIAN_POINT ( 'NONE',  ( -2.046443307086614816, 3.100000000000000089, -0.3333333299999999833 ) ) ;
#55 = EDGE_CURVE ( 'NONE', #1354, #2119, #314, .T. ) ;
#56 = EDGE_CURVE ( 'NONE', #1987, #1566, #1120, .T. ) ;
#57 = ORIENTED_EDGE ( 'NONE', *, *, #2020, .F. ) ;
#58 = LINE ( 'NONE', #732, #218 ) ;
#59 = DIRECTION ( 'NONE',  ( 0.000000000000000000, 0.000000000000000000, 1.000000000000000000 ) ) ;
#60 = ORIENTED_EDGE ( 'NONE', *, *, #1898, .F. ) ;
#61 = EDGE_CURVE ( 'NONE', #1947, #1073, #590, .T. ) ;
#62 = DIRECTION ( 'NONE',  ( 1.000000000000000000, 0.000000000000000000, 0.000000000000000000 ) ) ;
#63 = LINE ( 'NONE', #261, #1176 ) ;
#64 = DIRECTION ( 'NONE',  ( 0.7071067811865474617, 0.000000000000000000, -0.7071067811865474617 ) ) ;
#65 = ORIENTED_EDGE ( 'NONE', *, *, #1285, .T. ) ;
#66 = MANIFOLD_SOLID_BREP ( 'Chamfer1', #1192 ) ;
#67 = ORIENTED_EDGE ( 'NONE', *, *, #300, .F. ) ;
#68 = DIRECTION ( 'NONE',  ( -0.7071067811865511255, 0.4999999999999973355, 0.4999999999999976685 ) ) ;
#69 = AXIS2_PLACEMENT_3D ( 'NONE', #109, #96, #807 ) ;
#70 = AXIS2_PLACEMENT_3D ( 'NONE', #2, #1374, #1880 ) ;
#71 = VERTEX_POINT ( 'NONE', #1021 ) ;
#72 = VECTOR ( 'NONE', #1097, 39.37007874015748143 ) ;
#73 = ADVANCED_FACE ( 'NONE', ( #492 ), #1521, .T. ) ;
#74 = ORIENTED_EDGE ( 'NONE', *, *, #2151, .T. ) ;
#75 = LINE ( 'NONE', #761, #1266 ) ;
#76 = LINE ( 'NONE', #1070, #1035 ) ;
#77 = PLANE ( 'NONE',  #1005 ) ;
#78 = ORIENTED_EDGE ( 'NONE', *, *, #1721, .T. ) ;
#79 = ORIENTED_EDGE ( 'NONE', *, *, #515, .T. ) ;
#80 = CARTESIAN_POINT ( 'NONE',  ( 3.043806692913386236, 3.100000000000000089, 6.829619984160660511E-17 ) ) ;
#81 = ORIENTED_EDGE ( 'NONE', *, *, #1558, .F. ) ;
#82 = AXIS2_PLACEMENT_3D ( 'NONE', #1324, #1994, #296 ) ;
#83 = CARTESIAN_POINT ( 'NONE',  ( -2.156193307086614830, 3.100000000000000089, 6.829619984160660511E-17 ) ) ;
#84 = ORIENTED_EDGE ( 'NONE', *, *, #34, .T. ) ;
#85 = EDGE_CURVE ( 'NONE', #1274, #1895, #359, .T. ) ;
#86 = EDGE_CURVE ( 'NONE', #2181, #1098, #838, .T. ) ;
#87 = CARTESIAN_POINT ( 'NONE',  ( -3.211456692913384980, -1.382282656406301768, -1.382282656406302879 ) ) ;
#88 = DIRECTION ( 'NONE',  ( 0.000000000000000000, 0.000000000000000000, 1.000000000000000000 ) ) ;
#89 = CARTESIAN_POINT ( 'NONE',  ( -3.236456692913385780, 3.429790026246719137, -0.04166666666666665741 ) ) ;
#90 = EDGE_LOOP ( 'NONE', ( #1763, #2196, #2108, #2061 ) ) ;
#91 = ORIENTED_EDGE ( 'NONE', *, *, #1182, .T. ) ;
#92 = DIRECTION ( 'NONE',  ( -0.7071067811865474617, 0.000000000000000000, -0.7071067811865474617 ) ) ;
#93 = EDGE_LOOP ( 'NONE', ( #1443, #835, #1869, #1631 ) ) ;
#94 = DIRECTION ( 'NONE',  ( 0.000000000000000000, -0.7071067811865479058, 0.7071067811865471286 ) ) ;
#95 = VERTEX_POINT ( 'NONE', #1371 ) ;
#96 = DIRECTION ( 'NONE',  ( -0.7071067811865479058, -0.4999999999999999445, -0.4999999999999996114 ) ) ;
#97 = CARTESIAN_POINT ( 'NONE',  ( -1.299986614173230803, 3.346456692913386100, 0.000000000000000000 ) ) ;
#98 = ORIENTED_EDGE ( 'NONE', *, *, #1496, .T. ) ;
#99 = DIRECTION ( 'NONE',  ( 0.7071067811865517916, 0.000000000000000000, 0.7071067811865430208 ) ) ;
#100 = CARTESIAN_POINT ( 'NONE',  ( 2.282319132426262609, -5.290854369672929991, -0.1666666666666581642 ) ) ;
#101 = ORIENTED_EDGE ( 'NONE', *, *, #2205, .T. ) ;
#102 = VECTOR ( 'NONE', #1737, 39.37007874015748854 ) ;
#103 = PLANE ( 'NONE',  #1003 ) ;
#104 = CARTESIAN_POINT ( 'NONE',  ( -2.696443307086614727, 2.850000000000000533, -0.3333333299999999833 ) ) ;
#105 = AXIS2_PLACEMENT_3D ( 'NONE', #977, #1662, #449 ) ;
#106 = AXIS2_PLACEMENT_3D ( 'NONE', #1166, #847, #162 ) ;
#107 = VECTOR ( 'NONE', #989, 39.37007874015748143 ) ;
#108 = AXIS2_PLACEMENT_3D ( 'NONE', #1602, #46, #722 ) ;
#109 = CARTESIAN_POINT ( 'NONE',  ( -3.386456692913388355, 3.554790026246719137, -0.1666666666666666297 ) ) ;
#110 = LINE ( 'NONE', #97, #2222 ) ;
#111 = ORIENTED_EDGE ( 'NONE', *, *, #1585, .F. ) ;
#112 = ORIENTED_EDGE ( 'NONE', *, *, #1031, .T. ) ;
#113 = DIRECTION ( 'NONE',  ( 0.5773502691896383876, -0.8164965809277170417, 2.563950248511371090E-16 ) ) ;
#114 = ORIENTED_EDGE ( 'NONE', *, *, #310, .F. ) ;
#115 = CARTESIAN_POINT ( 'NONE',  ( 3.596456692913386988, -4.742858267086614177, -0.3333333299999999833 ) ) ;
#116 = DIRECTION ( 'NONE',  ( 1.000000000000000000, 0.000000000000000000, 0.000000000000000000 ) ) ;
#117 = AXIS2_PLACEMENT_3D ( 'NONE', #1153, #1665, #821 ) ;
#118 = EDGE_CURVE ( 'NONE', #276, #1589, #8, .T. ) ;
#119 = EDGE_CURVE ( 'NONE', #895, #503, #347, .T. ) ;
#120 = DIRECTION ( 'NONE',  ( 0.000000000000000000, 0.7071067811865480168, 0.7071067811865469066 ) ) ;
#121 = DIRECTION ( 'NONE',  ( -0.000000000000000000, -0.000000000000000000, 1.000000000000000000 ) ) ;
#122 = ORIENTED_EDGE ( 'NONE', *, *, #310, .T. ) ;
#123 = DIRECTION ( 'NONE',  ( 0.7071067811865495711, 0.000000000000000000, 0.7071067811865454633 ) ) ;
#124 = LINE ( 'NONE', #811, #1037 ) ;
#125 = ORIENTED_EDGE ( 'NONE', *, *, #1158, .T. ) ;
#126 = LINE ( 'NONE', #488, #1473 ) ;
#127 = EDGE_CURVE ( 'NONE', #1895, #1406, #1029, .T. ) ;
#128 = PLANE ( 'NONE',  #2120 ) ;
#129 = DIRECTION ( 'NONE',  ( -0.7071067811865479058, 8.659560562354937789E-17, 0.7071067811865470176 ) ) ;
#130 = DIRECTION ( 'NONE',  ( 0.000000000000000000, 0.000000000000000000, 1.000000000000000000 ) ) ;
#131 = EDGE_LOOP ( 'NONE', ( #1258, #1775, #1699, #759 ) ) ;
#132 = EDGE_CURVE ( 'NONE', #184, #263, #694, .T. ) ;
#133 = ORIENTED_EDGE ( 'NONE', *, *, #451, .T. ) ;
#134 = DIRECTION ( 'NONE',  ( 0.7071067811865470176, -0.000000000000000000, 0.7071067811865481278 ) ) ;
#135 = ORIENTED_EDGE ( 'NONE', *, *, #1571, .F. ) ;
#136 = CARTESIAN_POINT ( 'NONE',  ( -3.211456692913384980, -1.471927317346976016, -1.471927317346977793 ) ) ;
#137 = AXIS2_PLACEMENT_3D ( 'NONE', #558, #899, #918 ) ;
#138 = CARTESIAN_POINT ( 'NONE',  ( 2.903556692913386250, 3.346456692913386100, -0.3333333299999999833 ) ) ;
#139 = CIRCLE ( 'NONE', #1578, 0.08474999999999996425 ) ;
#140 = ADVANCED_FACE ( 'NONE', ( #704 ), #867, .F. ) ;
#141 = AXIS2_PLACEMENT_3D ( 'NONE', #1042, #19, #1709 ) ;
#142 = VECTOR ( 'NONE', #2184, 39.37007874015748143 ) ;
#143 = DIRECTION ( 'NONE',  ( 0.5000000000000017764, -0.7071067811865464625, 0.4999999999999999445 ) ) ;
#144 = ADVANCED_FACE ( 'NONE', ( #1207 ), #509, .F. ) ;
#145 = CARTESIAN_POINT ( 'NONE',  ( -1.660906015986354456, -4.542858267086613999, -1.660906015986356898 ) ) ;
#146 = ORIENTED_EDGE ( 'NONE', *, *, #2169, .T. ) ;
#147 = VECTOR ( 'NONE', #2198, 39.37007874015748143 ) ;
#148 = FACE_OUTER_BOUND ( 'NONE', #2129, .T. ) ;
#149 = CARTESIAN_POINT ( 'NONE',  ( -3.236456692913385780, 3.429790026246719137, -0.2916666666666664631 ) ) ;
#150 = ORIENTED_EDGE ( 'NONE', *, *, #1735, .T. ) ;
#151 = DIRECTION ( 'NONE',  ( 0.000000000000000000, -0.7071067811865479058, 0.7071067811865471286 ) ) ;
#152 = DIRECTION ( 'NONE',  ( 0.000000000000000000, -0.7071067811865473507, 0.7071067811865476838 ) ) ;
#153 = CARTESIAN_POINT ( 'NONE',  ( -3.411456692913385158, -4.742858267086614177, 0.000000000000000000 ) ) ;
#154 = DIRECTION ( 'NONE',  ( 0.7071067811865398012, -0.5000000000000053291, -0.5000000000000055511 ) ) ;
#155 = EDGE_CURVE ( 'NONE', #757, #379, #193, .T. ) ;
#156 = EDGE_CURVE ( 'NONE', #1076, #792, #2078, .T. ) ;
#157 = ORIENTED_EDGE ( 'NONE', *, *, #616, .F. ) ;
#158 = VECTOR ( 'NONE', #2212, 39.37007874015748143 ) ;
#159 = DIRECTION ( 'NONE',  ( -0.7071067811865453523, -0.5000000000000012212, 0.5000000000000019984 ) ) ;
#160 = CARTESIAN_POINT ( 'NONE',  ( -1.299986614173230803, 3.346456692913386100, -0.3333333299999999833 ) ) ;
#161 = ORIENTED_EDGE ( 'NONE', *, *, #594, .F. ) ;
#162 = DIRECTION ( 'NONE',  ( 0.7071067811865474617, 0.000000000000000000, -0.7071067811865474617 ) ) ;
#163 = CARTESIAN_POINT ( 'NONE',  ( -3.119790026246718195, -4.542858267086613999, -0.1666666666666667129 ) ) ;
#164 = DIRECTION ( 'NONE',  ( -0.000000000000000000, -1.000000000000000000, -0.000000000000000000 ) ) ;
#165 = DIRECTION ( 'NONE',  ( 0.000000000000000000, -0.7071067811865480168, -0.7071067811865469066 ) ) ;
#166 = ORIENTED_EDGE ( 'NONE', *, *, #44, .T. ) ;
#167 = CARTESIAN_POINT ( 'NONE',  ( -3.386456692913383915, -2.562543307086613709, -0.1666666666666670737 ) ) ;
#168 = DIRECTION ( 'NONE',  ( -0.000000000000000000, -0.000000000000000000, 1.000000000000000000 ) ) ;
#169 = EDGE_CURVE ( 'NONE', #1177, #1993, #2202, .T. ) ;
#170 = VERTEX_POINT ( 'NONE', #2136 ) ;
#171 = CARTESIAN_POINT ( 'NONE',  ( 3.596456692913386544, 3.596456692913386100, -0.3333333299999999833 ) ) ;
#172 = ADVANCED_FACE ( 'NONE', ( #1412 ), #717, .F. ) ;
#173 = CARTESIAN_POINT ( 'NONE',  ( -3.244790026246718195, -4.717858267086612933, -0.04166666666666703212 ) ) ;
#174 = CARTESIAN_POINT ( 'NONE',  ( -3.211456692913384980, -1.305260650680309054, 1.305260650680310608 ) ) ;
#175 = CONICAL_SURFACE ( 'NONE', #1178, 0.1097500000000001114, 0.7853981633974544962 ) ;
#176 = FACE_BOUND ( 'NONE', #927, .T. ) ;
#177 = ORIENTED_EDGE ( 'NONE', *, *, #1490, .T. ) ;
#178 = CIRCLE ( 'NONE', #1615, 0.08474999999999996425 ) ;
#179 = DIRECTION ( 'NONE',  ( -9.265548792707378541E-17, 0.7071067811865473507, -0.7071067811865476838 ) ) ;
#180 = LINE ( 'NONE', #2213, #531 ) ;
#181 = AXIS2_PLACEMENT_3D ( 'NONE', #138, #1025, #498 ) ;
#182 = DIMENSIONAL_EXPONENTS ( 1.000000000000000000, 0.000000000000000000, 0.000000000000000000, 0.000000000000000000, 0.000000000000000000, 0.000000000000000000, 0.000000000000000000 ) ;
#183 = VECTOR ( 'NONE', #1626, 39.37007874015748143 ) ;
#184 = VERTEX_POINT ( 'NONE', #1095 ) ;
#185 = CARTESIAN_POINT ( 'NONE',  ( -3.211456692913386313, 3.554790026246719137, -0.1666666666666666297 ) ) ;
#186 = EDGE_CURVE ( 'NONE', #2119, #2024, #1920, .T. ) ;
#187 = FACE_BOUND ( 'NONE', #316, .T. ) ;
#188 = EDGE_CURVE ( 'NONE', #1128, #412, #75, .T. ) ;
#189 = DIRECTION ( 'NONE',  ( 1.000000000000000000, 0.000000000000000000, 0.000000000000000000 ) ) ;
#190 = PLANE ( 'NONE',  #1755 ) ;
#191 = ORIENTED_EDGE ( 'NONE', *, *, #1418, .T. ) ;
#192 = EDGE_CURVE ( 'NONE', #2092, #1303, #724, .T. ) ;
#193 = LINE ( 'NONE', #1391, #1768 ) ;
#194 = CARTESIAN_POINT ( 'NONE',  ( -3.236456692913385780, 3.429790026246719137, -0.04166666666666665741 ) ) ;
#195 = ORIENTED_EDGE ( 'NONE', *, *, #1114, .T. ) ;
#196 = DIRECTION ( 'NONE',  ( -9.299353671878037126E-17, 0.7071067811865473507, -0.7071067811865476838 ) ) ;
#197 = CARTESIAN_POINT ( 'NONE',  ( 3.596456692913386544, 3.596456692913386100, 0.000000000000000000 ) ) ;
#198 = FACE_OUTER_BOUND ( 'NONE', #1474, .T. ) ;
#199 = DIRECTION ( 'NONE',  ( 9.265548792707388402E-17, -0.7071067811865480168, -0.7071067811865469066 ) ) ;
#200 = VERTEX_POINT ( 'NONE', #49 ) ;
#201 = LINE ( 'NONE', #1404, #322 ) ;
#202 = CARTESIAN_POINT ( 'NONE',  ( 3.068806692913386591, -3.100000000000000089, -0.02500000000000003955 ) ) ;
#203 = ORIENTED_EDGE ( 'NONE', *, *, #2138, .T. ) ;
#204 = CARTESIAN_POINT ( 'NONE',  ( -3.211456692913384980, -2.562543307086613709, -0.1666666666666670737 ) ) ;
#205 = CARTESIAN_POINT ( 'NONE',  ( -3.244790026246718639, -4.717858267086612933, -0.2916666666666664631 ) ) ;
#206 = CARTESIAN_POINT ( 'NONE',  ( -3.211456692913384980, 2.630254416814793001E-17, 0.000000000000000000 ) ) ;
#207 = ORIENTED_EDGE ( 'NONE', *, *, #786, .F. ) ;
#208 = ADVANCED_FACE ( 'NONE', ( #1448 ), #244, .F. ) ;
#209 = VECTOR ( 'NONE', #120, 39.37007874015748854 ) ;
#210 = DIRECTION ( 'NONE',  ( 0.7071067811865474617, 0.000000000000000000, 0.7071067811865474617 ) ) ;
#211 = CARTESIAN_POINT ( 'NONE',  ( -3.411456692913386046, 3.287112356717057260, -0.1489889971370046418 ) ) ;
#212 = VECTOR ( 'NONE', #130, 39.37007874015748143 ) ;
#213 = AXIS2_PLACEMENT_3D ( 'NONE', #1282, #1599, #1934 ) ;
#214 = AXIS2_PLACEMENT_3D ( 'NONE', #1351, #2208, #332 ) ;
#215 = ORIENTED_EDGE ( 'NONE', *, *, #688, .T. ) ;
#216 = AXIS2_PLACEMENT_3D ( 'NONE', #239, #408, #1417 ) ;
#217 = LINE ( 'NONE', #171, #860 ) ;
#218 = VECTOR ( 'NONE', #1726, 39.37007874015748143 ) ;
#219 = VERTEX_POINT ( 'NONE', #1586 ) ;
#220 = FACE_BOUND ( 'NONE', #1513, .T. ) ;
#221 = PLANE ( 'NONE',  #2117 ) ;
#222 = VERTEX_POINT ( 'NONE', #1423 ) ;
#223 = CARTESIAN_POINT ( 'NONE',  ( -3.386456692913383915, -2.687543307086613265, -0.04166666666666726804 ) ) ;
#224 = EDGE_CURVE ( 'NONE', #1970, #990, #1957, .T. ) ;
#225 = DIRECTION ( 'NONE',  ( -0.000000000000000000, -0.000000000000000000, 1.000000000000000000 ) ) ;
#226 = CARTESIAN_POINT ( 'NONE',  ( -3.211456692913386313, 3.429790026246719137, -0.2916666666666664631 ) ) ;
#227 = VERTEX_POINT ( 'NONE', #557 ) ;
#228 = ORIENTED_EDGE ( 'NONE', *, *, #1912, .T. ) ;
#229 = PLANE ( 'NONE',  #324 ) ;
#230 = ORIENTED_EDGE ( 'NONE', *, *, #1084, .T. ) ;
#231 = CARTESIAN_POINT ( 'NONE',  ( -3.211456692913386313, 1.843050676927028952, -1.843050676927029841 ) ) ;
#232 = DIRECTION ( 'NONE',  ( 1.000000000000000000, 0.000000000000000000, 0.000000000000000000 ) ) ;
#233 = VERTEX_POINT ( 'NONE', #887 ) ;
#234 = DIRECTION ( 'NONE',  ( -0.000000000000000000, -0.000000000000000000, 1.000000000000000000 ) ) ;
#235 = LINE ( 'NONE', #1127, #212 ) ;
#236 = CARTESIAN_POINT ( 'NONE',  ( -2.046443307086614816, 3.100000000000000089, 6.829619984160660511E-17 ) ) ;
#237 = ORIENTED_EDGE ( 'NONE', *, *, #667, .F. ) ;
#238 = ORIENTED_EDGE ( 'NONE', *, *, #1634, .T. ) ;
#239 = CARTESIAN_POINT ( 'NONE',  ( -1.796443307086614594, 2.850000000000000533, -0.3333333299999999833 ) ) ;
#240 = ADVANCED_FACE ( 'NONE', ( #1929 ), #1057, .F. ) ;
#241 = ORIENTED_EDGE ( 'NONE', *, *, #1878, .T. ) ;
#242 = DIRECTION ( 'NONE',  ( 0.000000000000000000, 0.7071067811865473507, -0.7071067811865476838 ) ) ;
#243 = ORIENTED_EDGE ( 'NONE', *, *, #1135, .T. ) ;
#244 = PLANE ( 'NONE',  #1808 ) ;
#245 = LINE ( 'NONE', #1241, #1686 ) ;
#246 = LINE ( 'NONE', #1945, #291 ) ;
#247 = VERTEX_POINT ( 'NONE', #38 ) ;
#248 = ORIENTED_EDGE ( 'NONE', *, *, #1490, .F. ) ;
#249 = DIRECTION ( 'NONE',  ( -0.4999999999999986677, 0.7071067811865494601, 0.4999999999999986677 ) ) ;
#250 = VECTOR ( 'NONE', #1661, 39.37007874015748143 ) ;
#251 = AXIS2_PLACEMENT_3D ( 'NONE', #481, #620, #1333 ) ;
#252 = CIRCLE ( 'NONE', #1511, 0.1097500000000001114 ) ;
#253 = EDGE_CURVE ( 'NONE', #1072, #911, #898, .T. ) ;
#254 = ORIENTED_EDGE ( 'NONE', *, *, #820, .T. ) ;
#255 = VECTOR ( 'NONE', #1969, 39.37007874015748854 ) ;
#256 = CARTESIAN_POINT ( 'NONE',  ( 0.000000000000000000, 0.000000000000000000, 0.000000000000000000 ) ) ;
#257 = AXIS2_PLACEMENT_3D ( 'NONE', #1539, #1372, #1392 ) ;
#258 = ORIENTED_EDGE ( 'NONE', *, *, #1727, .F. ) ;
#259 = EDGE_CURVE ( 'NONE', #42, #1313, #1069, .T. ) ;
#260 = PLANE ( 'NONE',  #1034 ) ;
#261 = CARTESIAN_POINT ( 'NONE',  ( 2.290734235902682325, -3.674035845936238776, -0.1666666666666562491 ) ) ;
#262 = DIRECTION ( 'NONE',  ( -1.000000000000000000, -1.315127208407396470E-16, -0.000000000000000000 ) ) ;
#263 = VERTEX_POINT ( 'NONE', #1275 ) ;
#264 = EDGE_LOOP ( 'NONE', ( #1933, #768, #1156, #1339 ) ) ;
#265 = DIRECTION ( 'NONE',  ( -0.7071067811865517916, 8.659560562354985860E-17, 0.7071067811865430208 ) ) ;
#266 = VERTEX_POINT ( 'NONE', #223 ) ;
#267 = VECTOR ( 'NONE', #1749, 39.37007874015748143 ) ;
#268 = CARTESIAN_POINT ( 'NONE',  ( -1.583884010260357300, -4.542858267086613999, 1.583884010260361075 ) ) ;
#269 = EDGE_LOOP ( 'NONE', ( #254, #902, #636, #1601 ) ) ;
#270 = DIRECTION ( 'NONE',  ( -0.000000000000000000, -0.000000000000000000, 1.000000000000000000 ) ) ;
#271 = CARTESIAN_POINT ( 'NONE',  ( 3.429790026246720025, -4.717858267086612933, -0.04166666666666671293 ) ) ;
#272 = ORIENTED_EDGE ( 'NONE', *, *, #1958, .F. ) ;
#273 = FACE_OUTER_BOUND ( 'NONE', #1131, .T. ) ;
#274 = FACE_OUTER_BOUND ( 'NONE', #1441, .T. ) ;
#275 = EDGE_CURVE ( 'NONE', #1566, #524, #1952, .T. ) ;
#276 = VERTEX_POINT ( 'NONE', #906 ) ;
#277 = CARTESIAN_POINT ( 'NONE',  ( -3.244790026246718639, -4.542858267086613999, -0.2916666666666664631 ) ) ;
#278 = CYLINDRICAL_SURFACE ( 'NONE', #1145, 0.08474999999999968670 ) ;
#279 = ORIENTED_EDGE ( 'NONE', *, *, #1572, .T. ) ;
#280 = FACE_OUTER_BOUND ( 'NONE', #682, .T. ) ;
#281 = DIRECTION ( 'NONE',  ( -0.000000000000000000, -0.000000000000000000, 1.000000000000000000 ) ) ;
#282 = ORIENTED_EDGE ( 'NONE', *, *, #1302, .F. ) ;
#283 = ORIENTED_EDGE ( 'NONE', *, *, #1618, .T. ) ;
#284 = DIRECTION ( 'NONE',  ( -9.265548792707385937E-17, 0.7071067811865479058, -0.7071067811865471286 ) ) ;
#285 = EDGE_CURVE ( 'NONE', #1124, #1143, #586, .T. ) ;
#286 = EDGE_LOOP ( 'NONE', ( #91, #1461, #125, #1597 ) ) ;
#287 = VECTOR ( 'NONE', #1593, 39.37007874015748143 ) ;
#288 = CARTESIAN_POINT ( 'NONE',  ( -3.244790026246718195, -4.717858267086612933, -0.04166666666666703212 ) ) ;
#289 = LINE ( 'NONE', #104, #1364 ) ;
#290 = AXIS2_PLACEMENT_3D ( 'NONE', #1743, #890, #1576 ) ;
#291 = VECTOR ( 'NONE', #1621, 39.37007874015748143 ) ;
#292 = FACE_OUTER_BOUND ( 'NONE', #382, .T. ) ;
#293 = CARTESIAN_POINT ( 'NONE',  ( -3.056193307086613853, -3.100000000000000089, 6.829619984160660511E-17 ) ) ;
#294 = ORIENTED_EDGE ( 'NONE', *, *, #928, .F. ) ;
#295 = EDGE_CURVE ( 'NONE', #1073, #1947, #1248, .T. ) ;
#296 = DIRECTION ( 'NONE',  ( 0.000000000000000000, 0.7071067811865479058, -0.7071067811865471286 ) ) ;
#297 = DIRECTION ( 'NONE',  ( 0.7071067811865480168, 0.000000000000000000, -0.7071067811865469066 ) ) ;
#298 = ORIENTED_EDGE ( 'NONE', *, *, #464, .T. ) ;
#299 = FACE_OUTER_BOUND ( 'NONE', #1094, .T. ) ;
#300 = EDGE_CURVE ( 'NONE', #95, #53, #2090, .T. ) ;
#301 = DIRECTION ( 'NONE',  ( 0.000000000000000000, -0.7071067811865479058, -0.7071067811865471286 ) ) ;
#302 = VERTEX_POINT ( 'NONE', #1784 ) ;
#303 = LINE ( 'NONE', #1300, #2188 ) ;
#304 = CARTESIAN_POINT ( 'NONE',  ( -3.411456692913386046, 3.572467695776381014, -0.1843443361963287841 ) ) ;
#305 = VERTEX_POINT ( 'NONE', #424 ) ;
#306 = EDGE_LOOP ( 'NONE', ( #1244, #2154, #2113, #146 ) ) ;
#307 = CARTESIAN_POINT ( 'NONE',  ( 3.596456692913386988, -4.742858267086614177, 0.000000000000000000 ) ) ;
#308 = ORIENTED_EDGE ( 'NONE', *, *, #522, .T. ) ;
#309 = CARTESIAN_POINT ( 'NONE',  ( -3.386456692913383915, -2.562543307086613709, -0.1666666666666670737 ) ) ;
#310 = EDGE_CURVE ( 'NONE', #1055, #302, #201, .T. ) ;
#311 = CARTESIAN_POINT ( 'NONE',  ( 3.043806692913386236, -3.100000000000000089, 6.829619984160660511E-17 ) ) ;
#312 = CARTESIAN_POINT ( 'NONE',  ( 3.429790026246717360, -3.752603266068078369, -1.194611345899576627 ) ) ;
#313 = ORIENTED_EDGE ( 'NONE', *, *, #1279, .F. ) ;
#314 = LINE ( 'NONE', #2152, #549 ) ;
#315 = LINE ( 'NONE', #149, #2189 ) ;
#316 = EDGE_LOOP ( 'NONE', ( #98, #84 ) ) ;
#317 = LINE ( 'NONE', #625, #31 ) ;
#318 = EDGE_CURVE ( 'NONE', #1112, #1299, #303, .T. ) ;
#319 = ADVANCED_FACE ( 'NONE', ( #1134 ), #2000, .T. ) ;
#320 = CIRCLE ( 'NONE', #827, 0.08474999999999968670 ) ;
#321 = CARTESIAN_POINT ( 'NONE',  ( 1.753406015986355593, -4.542858267086613999, -1.753406015986355593 ) ) ;
#322 = VECTOR ( 'NONE', #817, 39.37007874015748854 ) ;
#323 = VECTOR ( 'NONE', #344, 39.37007874015748143 ) ;
#324 = AXIS2_PLACEMENT_3D ( 'NONE', #1610, #68, #758 ) ;
#325 = FACE_OUTER_BOUND ( 'NONE', #286, .T. ) ;
#326 = PLANE ( 'NONE',  #1216 ) ;
#327 = ORIENTED_EDGE ( 'NONE', *, *, #785, .F. ) ;
#328 = SURFACE_STYLE_USAGE ( .BOTH. , #18 ) ;
#329 = DIRECTION ( 'NONE',  ( -0.7071067811865474617, 0.000000000000000000, 0.7071067811865474617 ) ) ;
#330 = EDGE_LOOP ( 'NONE', ( #2211, #541, #1334, #230 ) ) ;
#331 = DIRECTION ( 'NONE',  ( -9.265548792707384704E-17, 0.7071067811865477948, -0.7071067811865472397 ) ) ;
#332 = DIRECTION ( 'NONE',  ( 1.000000000000000000, 0.000000000000000000, 0.000000000000000000 ) ) ;
#333 = PLANE ( 'NONE',  #28 ) ;
#334 = CARTESIAN_POINT ( 'NONE',  ( 3.153556692913386250, 3.100000000000000089, 6.829619984160660511E-17 ) ) ;
#335 = ORIENTED_EDGE ( 'NONE', *, *, #2020, .T. ) ;
#336 = ADVANCED_FACE ( 'NONE', ( #1981 ), #1796, .F. ) ;
#337 = DIRECTION ( 'NONE',  ( 1.000000000000000000, 0.000000000000000000, 0.000000000000000000 ) ) ;
#338 = PLANE ( 'NONE',  #141 ) ;
#339 = EDGE_CURVE ( 'NONE', #1722, #1041, #619, .T. ) ;
#340 = ORIENTED_EDGE ( 'NONE', *, *, #417, .F. ) ;
#341 = FACE_OUTER_BOUND ( 'NONE', #264, .T. ) ;
#342 = LINE ( 'NONE', #321, #1690 ) ;
#343 = FACE_OUTER_BOUND ( 'NONE', #1674, .T. ) ;
#344 = DIRECTION ( 'NONE',  ( 9.265548792707382239E-17, -0.7071067811865476838, 0.7071067811865473507 ) ) ;
#345 = ORIENTED_EDGE ( 'NONE', *, *, #353, .F. ) ;
#346 = EDGE_CURVE ( 'NONE', #503, #1354, #955, .T. ) ;
#347 = LINE ( 'NONE', #2068, #765 ) ;
#348 = DIRECTION ( 'NONE',  ( 0.7071067811865474617, 0.000000000000000000, -0.7071067811865474617 ) ) ;
#349 = ORIENTED_EDGE ( 'NONE', *, *, #1386, .F. ) ;
#350 = FACE_BOUND ( 'NONE', #1088, .T. ) ;
#351 = ADVANCED_FACE ( 'NONE', ( #1991 ), #771, .F. ) ;
#352 = DIRECTION ( 'NONE',  ( -0.7071067811865462405, 0.000000000000000000, 0.7071067811865487940 ) ) ;
#353 = EDGE_CURVE ( 'NONE', #792, #1947, #2171, .T. ) ;
#354 = CARTESIAN_POINT ( 'NONE',  ( 3.429790026246720025, -4.542858267086613999, -0.2916666666666665186 ) ) ;
#355 = VECTOR ( 'NONE', #668, 39.37007874015748143 ) ;
#356 = CARTESIAN_POINT ( 'NONE',  ( -3.244790026246718195, -4.542858267086613999, -0.04166666666666703212 ) ) ;
#357 = ORIENTED_EDGE ( 'NONE', *, *, #2052, .T. ) ;
#358 = VECTOR ( 'NONE', #478, 39.37007874015748143 ) ;
#359 = LINE ( 'NONE', #537, #445 ) ;
#360 = FACE_OUTER_BOUND ( 'NONE', #1220, .T. ) ;
#361 = CIRCLE ( 'NONE', #1068, 0.08474999999999968670 ) ;
#362 = AXIS2_PLACEMENT_3D ( 'NONE', #1995, #1154, #284 ) ;
#363 = EDGE_CURVE ( 'NONE', #71, #783, #448, .T. ) ;
#364 = EDGE_LOOP ( 'NONE', ( #1748, #1080, #2176, #1730 ) ) ;
#365 = DIRECTION ( 'NONE',  ( 0.000000000000000000, -0.7071067811865473507, -0.7071067811865476838 ) ) ;
#366 = FACE_BOUND ( 'NONE', #1165, .T. ) ;
#367 = LINE ( 'NONE', #734, #102 ) ;
#368 = DIRECTION ( 'NONE',  ( 1.000000000000000000, 0.000000000000000000, 0.000000000000000000 ) ) ;
#369 = ORIENTED_EDGE ( 'NONE', *, *, #363, .F. ) ;
#370 = SURFACE_STYLE_FILL_AREA ( #1563 ) ;
#371 = DIRECTION ( 'NONE',  ( -9.265548792707378541E-17, 0.7071067811865473507, 0.7071067811865476838 ) ) ;
#372 = AXIS2_PLACEMENT_3D ( 'NONE', #2099, #547, #1967 ) ;
#373 = EDGE_LOOP ( 'NONE', ( #1060, #1162, #17, #1811 ) ) ;
#374 = DIRECTION ( 'NONE',  ( 1.000000000000000000, 0.000000000000000000, 0.000000000000000000 ) ) ;
#375 = ADVANCED_FACE ( 'NONE', ( #280 ), #945, .T. ) ;
#376 = CARTESIAN_POINT ( 'NONE',  ( -3.411456692913385158, -2.669865637556949611, -0.02398899713700336153 ) ) ;
#377 = ADVANCED_FACE ( 'NONE', ( #1332 ), #1309, .T. ) ;
#378 = CARTESIAN_POINT ( 'NONE',  ( -3.411456692913386046, 3.596456692913386100, -0.3333333299999999833 ) ) ;
#379 = VERTEX_POINT ( 'NONE', #459 ) ;
#380 = DIRECTION ( 'NONE',  ( 0.4999999999999932276, 0.7071067811865571207, -0.4999999999999932276 ) ) ;
#381 = DIRECTION ( 'NONE',  ( 1.000000000000000000, 0.000000000000000000, 0.000000000000000000 ) ) ;
#382 = EDGE_LOOP ( 'NONE', ( #720, #1478, #1639, #631 ) ) ;
#383 = LINE ( 'NONE', #1052, #828 ) ;
#384 = DIRECTION ( 'NONE',  ( 1.000000000000000000, 0.000000000000000000, 0.000000000000000000 ) ) ;
#385 = ADVANCED_FACE ( 'NONE', ( #292 ), #1466, .F. ) ;
#386 = EDGE_CURVE ( 'NONE', #783, #2173, #988, .T. ) ;
#387 = CARTESIAN_POINT ( 'NONE',  ( -3.119790026246718195, -4.567858267086614354, -0.1666666666666667129 ) ) ;
#388 = ORIENTED_EDGE ( 'NONE', *, *, #861, .T. ) ;
#389 = AXIS2_PLACEMENT_3D ( 'NONE', #570, #234, #1943 ) ;
#390 = DIRECTION ( 'NONE',  ( -0.7071067811865474617, 0.000000000000000000, -0.7071067811865474617 ) ) ;
#391 = CARTESIAN_POINT ( 'NONE',  ( -3.327531127814504774, -2.729209973753282004, -0.1666666666666674346 ) ) ;
#392 = CARTESIAN_POINT ( 'NONE',  ( -3.244790026246718195, -4.567858267086614354, -0.04166666666666703212 ) ) ;
#393 = ORIENTED_EDGE ( 'NONE', *, *, #1365, .T. ) ;
#394 = VECTOR ( 'NONE', #331, 39.37007874015748143 ) ;
#395 = ORIENTED_EDGE ( 'NONE', *, *, #318, .F. ) ;
#396 = CARTESIAN_POINT ( 'NONE',  ( 3.429790026246740009, -5.290854369672918445, -1.314137560487119938 ) ) ;
#397 = ORIENTED_EDGE ( 'NONE', *, *, #584, .F. ) ;
#398 = CARTESIAN_POINT ( 'NONE',  ( -1.299986614173230803, 3.346456692913386100, 0.000000000000000000 ) ) ;
#399 = FACE_OUTER_BOUND ( 'NONE', #442, .T. ) ;
#400 = ORIENTED_EDGE ( 'NONE', *, *, #2214, .F. ) ;
#401 = DIRECTION ( 'NONE',  ( -0.000000000000000000, -1.000000000000000000, -0.000000000000000000 ) ) ;
#402 = DIRECTION ( 'NONE',  ( 1.000000000000000000, 0.000000000000000000, 0.000000000000000000 ) ) ;
#403 = EDGE_CURVE ( 'NONE', #2024, #664, #781, .T. ) ;
#404 = LINE ( 'NONE', #89, #29 ) ;
#405 = ORIENTED_EDGE ( 'NONE', *, *, #386, .T. ) ;
#406 = VECTOR ( 'NONE', #179, 39.37007874015748854 ) ;
#407 = ORIENTED_EDGE ( 'NONE', *, *, #1669, .T. ) ;
#408 = DIRECTION ( 'NONE',  ( -0.7071067811865489050, 0.7071067811865461294, 0.000000000000000000 ) ) ;
#409 = ORIENTED_EDGE ( 'NONE', *, *, #543, .T. ) ;
#410 = CARTESIAN_POINT ( 'NONE',  ( -3.369790026246718195, -4.717858267086612933, -0.1666666666666666574 ) ) ;
#411 = CARTESIAN_POINT ( 'NONE',  ( 3.153556692913386250, -3.100000000000000089, 6.829619984160660511E-17 ) ) ;
#412 = VERTEX_POINT ( 'NONE', #471 ) ;
#413 = DIRECTION ( 'NONE',  ( -0.7071067811865462405, 0.000000000000000000, 0.7071067811865487940 ) ) ;
#414 = DIRECTION ( 'NONE',  ( -1.000000000000000000, -1.315127208407396470E-16, -0.000000000000000000 ) ) ;
#415 = CARTESIAN_POINT ( 'NONE',  ( -3.211456692913384980, -2.687543307086613265, -0.04166666666666726804 ) ) ;
#416 = ORIENTED_EDGE ( 'NONE', *, *, #1206, .F. ) ;
#417 = EDGE_CURVE ( 'NONE', #418, #2181, #1671, .T. ) ;
#418 = VERTEX_POINT ( 'NONE', #2022 ) ;
#419 = LINE ( 'NONE', #1624, #1581 ) ;
#420 = ORIENTED_EDGE ( 'NONE', *, *, #34, .F. ) ;
#421 = DIRECTION ( 'NONE',  ( -0.000000000000000000, -0.000000000000000000, 1.000000000000000000 ) ) ;
#422 = ADVANCED_FACE ( 'NONE', ( #480 ), #260, .T. ) ;
#423 = ORIENTED_EDGE ( 'NONE', *, *, #1519, .F. ) ;
#424 = CARTESIAN_POINT ( 'NONE',  ( -1.961693307086614713, 3.100000000000000089, -0.02500000000000003955 ) ) ;
#425 = DIRECTION ( 'NONE',  ( -0.7071067811865474617, 0.000000000000000000, -0.7071067811865474617 ) ) ;
#426 = DIRECTION ( 'NONE',  ( 0.7071067811865591191, -0.4999999999999915068, 0.4999999999999920619 ) ) ;
#427 = ORIENTED_EDGE ( 'NONE', *, *, #1999, .T. ) ;
#428 = ORIENTED_EDGE ( 'NONE', *, *, #1347, .T. ) ;
#429 = LINE ( 'NONE', #2153, #1543 ) ;
#430 = CIRCLE ( 'NONE', #1687, 0.08474999999999968670 ) ;
#431 = CONICAL_SURFACE ( 'NONE', #647, 0.1097500000000001114, 0.7853981633974544962 ) ;
#432 = AXIS2_PLACEMENT_3D ( 'NONE', #1781, #1093, #994 ) ;
#433 = ORIENTED_EDGE ( 'NONE', *, *, #1913, .T. ) ;
#434 = VECTOR ( 'NONE', #1027, 39.37007874015748854 ) ;
#435 = CARTESIAN_POINT ( 'NONE',  ( -3.386456692913383915, -2.562543307086613709, -0.1666666666666670737 ) ) ;
#436 = ORIENTED_EDGE ( 'NONE', *, *, #1532, .F. ) ;
#437 = CARTESIAN_POINT ( 'NONE',  ( -3.386456692913383915, -2.562543307086613709, -0.1666666666666670737 ) ) ;
#438 = FACE_BOUND ( 'NONE', #952, .T. ) ;
#439 = EDGE_CURVE ( 'NONE', #1984, #856, #139, .T. ) ;
#440 = DIRECTION ( 'NONE',  ( 0.000000000000000000, 0.7071067811865476838, -0.7071067811865473507 ) ) ;
#441 = VERTEX_POINT ( 'NONE', #1872 ) ;
#442 = EDGE_LOOP ( 'NONE', ( #925, #1651, #1380, #1102 ) ) ;
#443 = DIRECTION ( 'NONE',  ( -0.000000000000000000, -0.000000000000000000, 1.000000000000000000 ) ) ;
#444 = VERTEX_POINT ( 'NONE', #1705 ) ;
#445 = VECTOR ( 'NONE', #1740, 39.37007874015748143 ) ;
#446 = FACE_OUTER_BOUND ( 'NONE', #1938, .T. ) ;
#447 = ADVANCED_FACE ( 'NONE', ( #1697 ), #680, .F. ) ;
#448 = LINE ( 'NONE', #2146, #209 ) ;
#449 = DIRECTION ( 'NONE',  ( -0.7071067811865474617, 0.000000000000000000, -0.7071067811865474617 ) ) ;
#450 = ORIENTED_EDGE ( 'NONE', *, *, #439, .F. ) ;
#451 = EDGE_CURVE ( 'NONE', #1551, #1570, #874, .T. ) ;
#452 = ORIENTED_EDGE ( 'NONE', *, *, #339, .T. ) ;
#453 = DIRECTION ( 'NONE',  ( 0.000000000000000000, -0.7071067811865476838, -0.7071067811865473507 ) ) ;
#454 = ORIENTED_EDGE ( 'NONE', *, *, #553, .F. ) ;
#455 = LINE ( 'NONE', #115, #358 ) ;
#456 = VERTEX_POINT ( 'NONE', #15 ) ;
#457 = ADVANCED_FACE ( 'NONE', ( #343 ), #333, .T. ) ;
#458 = EDGE_CURVE ( 'NONE', #512, #911, #1893, .T. ) ;
#459 = CARTESIAN_POINT ( 'NONE',  ( 3.068806692913386591, 3.100000000000000089, -0.02500000000000003955 ) ) ;
#460 = LINE ( 'NONE', #271, #2082 ) ;
#461 = VERTEX_POINT ( 'NONE', #1160 ) ;
#462 = EDGE_LOOP ( 'NONE', ( #409, #706, #905, #916 ) ) ;
#463 = DIRECTION ( 'NONE',  ( 0.7071067811865483499, 0.000000000000000000, 0.7071067811865466846 ) ) ;
#464 = EDGE_CURVE ( 'NONE', #1172, #1452, #660, .T. ) ;
#465 = ORIENTED_EDGE ( 'NONE', *, *, #540, .T. ) ;
#466 = PLANE ( 'NONE',  #106 ) ;
#467 = VECTOR ( 'NONE', #2137, 39.37007874015748143 ) ;
#468 = VECTOR ( 'NONE', #1633, 39.37007874015748143 ) ;
#469 = VECTOR ( 'NONE', #2072, 39.37007874015748143 ) ;
#470 = ORIENTED_EDGE ( 'NONE', *, *, #1782, .T. ) ;
#471 = CARTESIAN_POINT ( 'NONE',  ( -3.411456692913385158, -2.687543307086612820, -0.3270220057259949353 ) ) ;
#472 = LINE ( 'NONE', #2180, #497 ) ;
#473 = ORIENTED_EDGE ( 'NONE', *, *, #2169, .F. ) ;
#474 = PLANE ( 'NONE',  #1557 ) ;
#475 = ADVANCED_FACE ( 'NONE', ( #1039 ), #850, .F. ) ;
#476 = DIRECTION ( 'NONE',  ( -0.7071067811865474617, 0.000000000000000000, -0.7071067811865474617 ) ) ;
#477 = ORIENTED_EDGE ( 'NONE', *, *, #1365, .F. ) ;
#478 = DIRECTION ( 'NONE',  ( 0.000000000000000000, 0.000000000000000000, 1.000000000000000000 ) ) ;
#479 = PLANE ( 'NONE',  #756 ) ;
#480 = FACE_OUTER_BOUND ( 'NONE', #1616, .T. ) ;
#481 = CARTESIAN_POINT ( 'NONE',  ( 0.000000000000000000, 0.000000000000000000, 0.000000000000000000 ) ) ;
#482 = ORIENTED_EDGE ( 'NONE', *, *, #295, .F. ) ;
#483 = CARTESIAN_POINT ( 'NONE',  ( -3.411456692913385158, -4.742858267086614177, -0.3333333299999999833 ) ) ;
#484 = CARTESIAN_POINT ( 'NONE',  ( -3.211456692913386313, 1.843050676927029174, -1.843050676927030063 ) ) ;
#485 = EDGE_CURVE ( 'NONE', #444, #1820, #1017, .T. ) ;
#486 = ADVANCED_FACE ( 'NONE', ( #325 ), #1352, .T. ) ;
#487 = ORIENTED_EDGE ( 'NONE', *, *, #86, .T. ) ;
#488 = CARTESIAN_POINT ( 'NONE',  ( -3.411456692913386046, 3.412112356717056816, -0.3093443361963286731 ) ) ;
#489 = CARTESIAN_POINT ( 'NONE',  ( -3.211456692913386313, 2.630254416814793001E-17, 0.000000000000000000 ) ) ;
#490 = FACE_OUTER_BOUND ( 'NONE', #920, .T. ) ;
#491 = EDGE_LOOP ( 'NONE', ( #1209, #1771, #1928, #45 ) ) ;
#492 = FACE_OUTER_BOUND ( 'NONE', #1373, .T. ) ;
#493 = DIRECTION ( 'NONE',  ( 0.5000000000000016653, -0.7071067811865444641, -0.5000000000000028866 ) ) ;
#494 = ORIENTED_EDGE ( 'NONE', *, *, #568, .T. ) ;
#495 = LINE ( 'NONE', #1144, #1006 ) ;
#496 = VECTOR ( 'NONE', #2073, 39.37007874015748143 ) ;
#497 = VECTOR ( 'NONE', #1810, 39.37007874015748143 ) ;
#498 = DIRECTION ( 'NONE',  ( -6.969608971200879162E-17, 1.000000000000000000, 0.000000000000000000 ) ) ;
#499 = AXIS2_PLACEMENT_3D ( 'NONE', #1454, #249, #92 ) ;
#500 = VECTOR ( 'NONE', #22, 39.37007874015748143 ) ;
#501 = CARTESIAN_POINT ( 'NONE',  ( -3.227112356717054542, -4.742858267086614177, -0.3093443361963307270 ) ) ;
#502 = DIRECTION ( 'NONE',  ( -0.000000000000000000, -0.000000000000000000, 1.000000000000000000 ) ) ;
#503 = VERTEX_POINT ( 'NONE', #5 ) ;
#504 = VECTOR ( 'NONE', #94, 39.37007874015748143 ) ;
#505 = CARTESIAN_POINT ( 'NONE',  ( -3.211456692913384980, -2.687543307086613265, -0.04166666666666726804 ) ) ;
#506 = ORIENTED_EDGE ( 'NONE', *, *, #118, .F. ) ;
#507 = CARTESIAN_POINT ( 'NONE',  ( -3.411456692913385158, -4.742858267086614177, -0.3333333299999999833 ) ) ;
#508 = CARTESIAN_POINT ( 'NONE',  ( -2.046443307086614816, 3.100000000000000089, -0.02500000000000003955 ) ) ;
#509 = CONICAL_SURFACE ( 'NONE', #1226, 0.1097500000000001114, 0.7853981633974544962 ) ;
#510 = FACE_OUTER_BOUND ( 'NONE', #842, .T. ) ;
#511 = DIRECTION ( 'NONE',  ( -0.7071067811865487940, 0.000000000000000000, -0.7071067811865462405 ) ) ;
#512 = VERTEX_POINT ( 'NONE', #691 ) ;
#513 = CARTESIAN_POINT ( 'NONE',  ( 3.153556692913386250, 3.100000000000000089, 6.829619984160660511E-17 ) ) ;
#514 = CARTESIAN_POINT ( 'NONE',  ( -2.836693307086613824, -3.100000000000000089, 6.829619984160660511E-17 ) ) ;
#515 = EDGE_CURVE ( 'NONE', #900, #1228, #1203, .T. ) ;
#516 = EDGE_LOOP ( 'NONE', ( #1861, #1253, #1043, #1767 ) ) ;
#517 = DIRECTION ( 'NONE',  ( 0.000000000000000000, -0.000000000000000000, -1.000000000000000000 ) ) ;
#518 = EDGE_CURVE ( 'NONE', #865, #184, #1536, .T. ) ;
#519 = DIRECTION ( 'NONE',  ( 0.000000000000000000, 0.000000000000000000, 1.000000000000000000 ) ) ;
#520 = DIRECTION ( 'NONE',  ( -0.000000000000000000, -0.000000000000000000, 1.000000000000000000 ) ) ;
#521 = CARTESIAN_POINT ( 'NONE',  ( -3.211456692913384980, -1.215615989739633918, 1.215615989739635916 ) ) ;
#522 = EDGE_CURVE ( 'NONE', #266, #233, #1367, .T. ) ;
#523 = ADVANCED_FACE ( 'NONE', ( #510 ), #840, .T. ) ;
#524 = VERTEX_POINT ( 'NONE', #311 ) ;
#525 = DIRECTION ( 'NONE',  ( -0.000000000000000000, -0.000000000000000000, 1.000000000000000000 ) ) ;
#526 = FACE_OUTER_BOUND ( 'NONE', #1975, .T. ) ;
#527 = ORIENTED_EDGE ( 'NONE', *, *, #1431, .F. ) ;
#528 = CARTESIAN_POINT ( 'NONE',  ( 3.153556692913386250, -3.100000000000000089, -0.02500000000000003955 ) ) ;
#529 = EDGE_CURVE ( 'NONE', #441, #1951, #1882, .T. ) ;
#530 = CARTESIAN_POINT ( 'NONE',  ( 3.068806692913386591, -3.100000000000000089, -0.3333333299999999833 ) ) ;
#531 = VECTOR ( 'NONE', #1564, 39.37007874015748143 ) ;
#532 = LINE ( 'NONE', #378, #1396 ) ;
#533 = AXIS2_PLACEMENT_3D ( 'NONE', #1083, #917, #1267 ) ;
#534 = CARTESIAN_POINT ( 'NONE',  ( -2.696443307086614727, 2.850000000000000533, -0.3333333299999999833 ) ) ;
#535 = ORIENTED_EDGE ( 'NONE', *, *, #716, .T. ) ;
#536 = VECTOR ( 'NONE', #26, 39.37007874015748143 ) ;
#537 = CARTESIAN_POINT ( 'NONE',  ( -3.211456692913386313, 3.429790026246719137, -0.04166666666666665741 ) ) ;
#538 = DIRECTION ( 'NONE',  ( -0.7071067811865474617, 0.000000000000000000, -0.7071067811865474617 ) ) ;
#539 = VECTOR ( 'NONE', #352, 39.37007874015748143 ) ;
#540 = EDGE_CURVE ( 'NONE', #247, #1985, #1008, .T. ) ;
#541 = ORIENTED_EDGE ( 'NONE', *, *, #1477, .T. ) ;
#542 = DIRECTION ( 'NONE',  ( 0.7071067811865475727, -0.5000000000000002220, 0.4999999999999999445 ) ) ;
#543 = EDGE_CURVE ( 'NONE', #752, #95, #2040, .T. ) ;
#544 = DIRECTION ( 'NONE',  ( -0.5773502691896225114, -1.281975124255713155E-15, -0.8164965809277282549 ) ) ;
#545 = CARTESIAN_POINT ( 'NONE',  ( -3.411456692913386046, 3.596456692913386100, 0.000000000000000000 ) ) ;
#546 = ORIENTED_EDGE ( 'NONE', *, *, #363, .T. ) ;
#547 = DIRECTION ( 'NONE',  ( -0.7071067811865475727, 0.000000000000000000, 0.7071067811865475727 ) ) ;
#548 = CARTESIAN_POINT ( 'NONE',  ( -3.244790026246718639, -4.567858267086614354, -0.2916666666666664631 ) ) ;
#549 = VECTOR ( 'NONE', #610, 39.37007874015748143 ) ;
#550 = ORIENTED_EDGE ( 'NONE', *, *, #155, .T. ) ;
#551 = CARTESIAN_POINT ( 'NONE',  ( -2.131193307086614475, 3.100000000000000089, -0.3333333299999999833 ) ) ;
#552 = EDGE_CURVE ( 'NONE', #1551, #664, #1185, .T. ) ;
#553 = EDGE_CURVE ( 'NONE', #456, #1667, #1613, .T. ) ;
#554 = LINE ( 'NONE', #903, #1582 ) ;
#555 = CARTESIAN_POINT ( 'NONE',  ( 3.554790026246720025, -4.717858267086612933, -0.1666666666666666297 ) ) ;
#556 = ORIENTED_EDGE ( 'NONE', *, *, #968, .F. ) ;
#557 = CARTESIAN_POINT ( 'NONE',  ( -3.211456692913384980, -2.597898646145938795, -0.1666666666666669350 ) ) ;
#558 = CARTESIAN_POINT ( 'NONE',  ( -2.046443307086614816, 3.100000000000000089, 6.829619984160660511E-17 ) ) ;
#559 = DIRECTION ( 'NONE',  ( -0.000000000000000000, -0.000000000000000000, 1.000000000000000000 ) ) ;
#560 = ORIENTED_EDGE ( 'NONE', *, *, #1167, .T. ) ;
#561 = VERTEX_POINT ( 'NONE', #1402 ) ;
#562 = CARTESIAN_POINT ( 'NONE',  ( -2.696443307086614727, 2.850000000000000533, -0.3333333299999999833 ) ) ;
#563 = ORIENTED_EDGE ( 'NONE', *, *, #1167, .F. ) ;
#564 = DIRECTION ( 'NONE',  ( -2.230636716204929905E-14, -0.5773502691896278405, 0.8164965809277244801 ) ) ;
#565 = EDGE_CURVE ( 'NONE', #1315, #702, #2088, .T. ) ;
#566 = CARTESIAN_POINT ( 'NONE',  ( -3.411456692913385158, -2.830220976616277806, -0.1489889971370029487 ) ) ;
#567 = ORIENTED_EDGE ( 'NONE', *, *, #687, .F. ) ;
#568 = EDGE_CURVE ( 'NONE', #1299, #900, #1065, .T. ) ;
#569 = VECTOR ( 'NONE', #797, 39.37007874015748143 ) ;
#570 = CARTESIAN_POINT ( 'NONE',  ( 3.153556692913386250, -3.100000000000000089, 6.829619984160660511E-17 ) ) ;
#571 = DIRECTION ( 'NONE',  ( 0.7071067811865474617, 0.000000000000000000, 0.7071067811865474617 ) ) ;
#572 = FACE_OUTER_BOUND ( 'NONE', #1486, .T. ) ;
#573 = ORIENTED_EDGE ( 'NONE', *, *, #742, .F. ) ;
#574 = VECTOR ( 'NONE', #629, 39.37007874015748143 ) ;
#575 = AXIS2_PLACEMENT_3D ( 'NONE', #136, #2028, #151 ) ;
#576 = VECTOR ( 'NONE', #152, 39.37007874015748854 ) ;
#577 = ORIENTED_EDGE ( 'NONE', *, *, #224, .F. ) ;
#578 = VECTOR ( 'NONE', #642, 39.37007874015748143 ) ;
#579 = CARTESIAN_POINT ( 'NONE',  ( -3.386456692913388355, 3.554790026246719137, -0.1666666666666666297 ) ) ;
#580 = AXIS2_PLACEMENT_3D ( 'NONE', #1804, #1780, #1298 ) ;
#581 = ORIENTED_EDGE ( 'NONE', *, *, #2150, .F. ) ;
#582 = DIRECTION ( 'NONE',  ( 0.7071067811865359154, 0.5000000000000081046, -0.5000000000000083267 ) ) ;
#583 = CARTESIAN_POINT ( 'NONE',  ( 3.043806692913386236, -3.100000000000000089, 6.829619984160660511E-17 ) ) ;
#584 = EDGE_CURVE ( 'NONE', #911, #1910, #1927, .T. ) ;
#585 = ORIENTED_EDGE ( 'NONE', *, *, #1989, .T. ) ;
#586 = LINE ( 'NONE', #1255, #1646 ) ;
#587 = FACE_OUTER_BOUND ( 'NONE', #93, .T. ) ;
#588 = FACE_OUTER_BOUND ( 'NONE', #1497, .T. ) ;
#589 = ORIENTED_EDGE ( 'NONE', *, *, #1913, .F. ) ;
#590 = CIRCLE ( 'NONE', #658, 0.1097500000000001114 ) ;
#591 = ORIENTED_EDGE ( 'NONE', *, *, #1496, .F. ) ;
#592 = ADVANCED_FACE ( 'NONE', ( #1479 ), #1175, .F. ) ;
#593 = DIRECTION ( 'NONE',  ( -1.564009651591969438E-14, 0.5773502691896226224, 0.8164965809277282549 ) ) ;
#594 = EDGE_CURVE ( 'NONE', #1985, #1299, #532, .T. ) ;
#595 = VERTEX_POINT ( 'NONE', #1569 ) ;
#596 = ORIENTED_EDGE ( 'NONE', *, *, #1884, .T. ) ;
#597 = CARTESIAN_POINT ( 'NONE',  ( 3.429790026246720025, -4.542858267086613999, -0.2916666666666665186 ) ) ;
#598 = CARTESIAN_POINT ( 'NONE',  ( -3.244790026246718195, -4.567858267086614354, -0.04166666666666703212 ) ) ;
#599 = CARTESIAN_POINT ( 'NONE',  ( -3.386456692913383915, -2.812543307086613265, -0.1666666666666670182 ) ) ;
#600 = ORIENTED_EDGE ( 'NONE', *, *, #703, .F. ) ;
#601 = ORIENTED_EDGE ( 'NONE', *, *, #451, .F. ) ;
#602 = CARTESIAN_POINT ( 'NONE',  ( 3.429790026246719581, -4.717858267086612933, -0.2916666666666659080 ) ) ;
#603 = ORIENTED_EDGE ( 'NONE', *, *, #688, .F. ) ;
#604 = APPLICATION_PROTOCOL_DEFINITION ( 'draft international standard', 'automotive_design', 1998, #1926 ) ;
#605 = ORIENTED_EDGE ( 'NONE', *, *, #730, .F. ) ;
#606 = DIRECTION ( 'NONE',  ( 0.4999999999999946154, -0.7071067811865552333, -0.4999999999999946154 ) ) ;
#607 = PLANE ( 'NONE',  #251 ) ;
#608 = LINE ( 'NONE', #1291, #2086 ) ;
#609 = ORIENTED_EDGE ( 'NONE', *, *, #985, .T. ) ;
#610 = DIRECTION ( 'NONE',  ( 0.000000000000000000, 0.000000000000000000, 1.000000000000000000 ) ) ;
#611 = LINE ( 'NONE', #43, #715 ) ;
#612 = VECTOR ( 'NONE', #964, 39.37007874015748143 ) ;
#613 = AXIS2_PLACEMENT_3D ( 'NONE', #1342, #1851, #863 ) ;
#614 = CONICAL_SURFACE ( 'NONE', #791, 0.1097500000000001114, 0.7853981633974489451 ) ;
#615 = CIRCLE ( 'NONE', #1868, 0.08474999999999968670 ) ;
#616 = EDGE_CURVE ( 'NONE', #219, #1787, #430, .T. ) ;
#617 = EDGE_LOOP ( 'NONE', ( #2097, #228, #799, #960 ) ) ;
#618 = AXIS2_PLACEMENT_3D ( 'NONE', #1199, #1897, #348 ) ;
#619 = LINE ( 'NONE', #1493, #569 ) ;
#620 = DIRECTION ( 'NONE',  ( -0.000000000000000000, 0.000000000000000000, 1.000000000000000000 ) ) ;
#621 = ORIENTED_EDGE ( 'NONE', *, *, #1259, .T. ) ;
#622 = ORIENTED_EDGE ( 'NONE', *, *, #224, .T. ) ;
#623 = DIRECTION ( 'NONE',  ( 1.000000000000000000, 0.000000000000000000, 0.000000000000000000 ) ) ;
#624 = ORIENTED_EDGE ( 'NONE', *, *, #1622, .F. ) ;
#625 = CARTESIAN_POINT ( 'NONE',  ( 3.043806692913386236, 3.100000000000000089, 6.829619984160660511E-17 ) ) ;
#626 = ADVANCED_FACE ( 'NONE', ( #914 ), #103, .T. ) ;
#627 = LINE ( 'NONE', #1456, #504 ) ;
#628 = DIRECTION ( 'NONE',  ( 0.7071067811865475727, -0.000000000000000000, 0.7071067811865475727 ) ) ;
#629 = DIRECTION ( 'NONE',  ( -0.8164965809277334730, -0.5773502691896152950, -4.547005518844537013E-15 ) ) ;
#630 = VERTEX_POINT ( 'NONE', #1432 ) ;
#631 = ORIENTED_EDGE ( 'NONE', *, *, #61, .T. ) ;
#632 = CARTESIAN_POINT ( 'NONE',  ( -3.211456692913386313, 3.554790026246719137, -0.1666666666666666297 ) ) ;
#633 = ORIENTED_EDGE ( 'NONE', *, *, #985, .F. ) ;
#634 = CARTESIAN_POINT ( 'NONE',  ( -3.411456692913385602, -2.544865637556949167, -0.1843443361963315319 ) ) ;
#635 = FACE_OUTER_BOUND ( 'NONE', #330, .T. ) ;
#636 = ORIENTED_EDGE ( 'NONE', *, *, #2151, .F. ) ;
#637 = ADVANCED_FACE ( 'NONE', ( #198 ), #1747, .T. ) ;
#638 = DIRECTION ( 'NONE',  ( -0.7071067811865340280, -0.5000000000000093259, -0.5000000000000097700 ) ) ;
#639 = LINE ( 'NONE', #312, #1467 ) ;
#640 = ORIENTED_EDGE ( 'NONE', *, *, #1572, .F. ) ;
#641 = DIRECTION ( 'NONE',  ( -0.7071067811865480168, 0.000000000000000000, 0.7071067811865469066 ) ) ;
#642 = DIRECTION ( 'NONE',  ( -1.000000000000000000, -1.315127208407396470E-16, -0.000000000000000000 ) ) ;
#643 = VERTEX_POINT ( 'NONE', #47 ) ;
#644 = VECTOR ( 'NONE', #1227, 39.37007874015748143 ) ;
#645 = LINE ( 'NONE', #1997, #1827 ) ;
#646 = AXIS2_PLACEMENT_3D ( 'NONE', #562, #1813, #1963 ) ;
#647 = AXIS2_PLACEMENT_3D ( 'NONE', #334, #2200, #1537 ) ;
#648 = DIRECTION ( 'NONE',  ( 1.000000000000000000, 0.000000000000000000, 0.000000000000000000 ) ) ;
#649 = VECTOR ( 'NONE', #891, 39.37007874015748143 ) ;
#650 = CARTESIAN_POINT ( 'NONE',  ( 3.429790026246720025, -4.542858267086613999, -0.04166666666666671986 ) ) ;
#651 = ADVANCED_FACE ( 'NONE', ( #893 ), #221, .T. ) ;
#652 = FACE_BOUND ( 'NONE', #1803, .T. ) ;
#653 = ORIENTED_EDGE ( 'NONE', *, *, #192, .F. ) ;
#654 = ORIENTED_EDGE ( 'NONE', *, *, #1548, .F. ) ;
#655 = DIRECTION ( 'NONE',  ( 0.000000000000000000, 0.000000000000000000, 1.000000000000000000 ) ) ;
#656 = ORIENTED_EDGE ( 'NONE', *, *, #848, .T. ) ;
#657 = DIRECTION ( 'NONE',  ( 0.5773502691896362782, 4.486912934894941513E-15, 0.8164965809277184849 ) ) ;
#658 = AXIS2_PLACEMENT_3D ( 'NONE', #513, #1876, #337 ) ;
#659 = LINE ( 'NONE', #1696, #576 ) ;
#660 = LINE ( 'NONE', #174, #966 ) ;
#661 = DIRECTION ( 'NONE',  ( 0.000000000000000000, -0.000000000000000000, 1.000000000000000000 ) ) ;
#662 = ORIENTED_EDGE ( 'NONE', *, *, #1973, .T. ) ;
#663 = CARTESIAN_POINT ( 'NONE',  ( -3.369790026246718195, -4.717858267086612933, -0.1666666666666666574 ) ) ;
#664 = VERTEX_POINT ( 'NONE', #1644 ) ;
#665 = FACE_OUTER_BOUND ( 'NONE', #921, .T. ) ;
#666 = FACE_OUTER_BOUND ( 'NONE', #1446, .T. ) ;
#667 = EDGE_CURVE ( 'NONE', #630, #2105, #745, .T. ) ;
#668 = DIRECTION ( 'NONE',  ( -0.7071067811865495711, 0.000000000000000000, -0.7071067811865454633 ) ) ;
#669 = CARTESIAN_POINT ( 'NONE',  ( -3.386456692913388355, 3.429790026246719137, -0.04166666666666665741 ) ) ;
#670 = ORIENTED_EDGE ( 'NONE', *, *, #1519, .T. ) ;
#671 = CARTESIAN_POINT ( 'NONE',  ( 3.447467695776384566, -4.742858267086614177, -0.3093443361963295057 ) ) ;
#672 = ORIENTED_EDGE ( 'NONE', *, *, #568, .F. ) ;
#673 = PLANE ( 'NONE',  #897 ) ;
#674 = VECTOR ( 'NONE', #164, 39.37007874015748143 ) ;
#675 = VECTOR ( 'NONE', #414, 39.37007874015748143 ) ;
#676 = DIRECTION ( 'NONE',  ( 0.7071067811865480168, 0.000000000000000000, -0.7071067811865469066 ) ) ;
#677 = AXIS2_PLACEMENT_3D ( 'NONE', #1195, #2210, #368 ) ;
#678 = AXIS2_PLACEMENT_3D ( 'NONE', #1836, #134, #297 ) ;
#679 = EDGE_CURVE ( 'NONE', #1303, #524, #1905, .T. ) ;
#680 = CYLINDRICAL_SURFACE ( 'NONE', #929, 0.08474999999999968670 ) ;
#681 = FACE_OUTER_BOUND ( 'NONE', #1656, .T. ) ;
#682 = EDGE_LOOP ( 'NONE', ( #308, #1575, #241, #1499 ) ) ;
#683 = DIRECTION ( 'NONE',  ( 1.000000000000000000, 0.000000000000000000, 0.000000000000000000 ) ) ;
#684 = FACE_OUTER_BOUND ( 'NONE', #819, .T. ) ;
#685 = VERTEX_POINT ( 'NONE', #387 ) ;
#686 = DIRECTION ( 'NONE',  ( 4.390764800575796183E-15, 0.5773502691896282846, 0.8164965809277242581 ) ) ;
#687 = EDGE_CURVE ( 'NONE', #305, #1098, #367, .T. ) ;
#688 = EDGE_CURVE ( 'NONE', #233, #1128, #2107, .T. ) ;
#689 = DIRECTION ( 'NONE',  ( -0.4999999999999995004, -0.7071067811865477948, -0.5000000000000002220 ) ) ;
#690 = VECTOR ( 'NONE', #1198, 39.37007874015748143 ) ;
#691 = CARTESIAN_POINT ( 'NONE',  ( 3.429790026246720025, -4.567858267086611690, -0.2916666666666665186 ) ) ;
#692 = DIRECTION ( 'NONE',  ( 1.310346476547643606E-16, -1.000000000000000000, 0.000000000000000000 ) ) ;
#693 = ORIENTED_EDGE ( 'NONE', *, *, #1640, .F. ) ;
#694 = LINE ( 'NONE', #1530, #158 ) ;
#695 = DIRECTION ( 'NONE',  ( -0.000000000000000000, -0.000000000000000000, 1.000000000000000000 ) ) ;
#696 = ADVANCED_FACE ( 'NONE', ( #399 ), #175, .F. ) ;
#697 = ORIENTED_EDGE ( 'NONE', *, *, #1653, .F. ) ;
#698 = DIRECTION ( 'NONE',  ( -0.7071067811865474617, 0.000000000000000000, 0.7071067811865474617 ) ) ;
#699 = CARTESIAN_POINT ( 'NONE',  ( -3.236456692913382671, -2.562543307086613709, -0.1666666666666670737 ) ) ;
#700 = DIRECTION ( 'NONE',  ( 0.000000000000000000, 0.000000000000000000, 1.000000000000000000 ) ) ;
#701 = CARTESIAN_POINT ( 'NONE',  ( -2.946443307086613839, -3.100000000000000089, 0.000000000000000000 ) ) ;
#702 = VERTEX_POINT ( 'NONE', #2124 ) ;
#703 = EDGE_CURVE ( 'NONE', #305, #418, #894, .T. ) ;
#704 = FACE_OUTER_BOUND ( 'NONE', #770, .T. ) ;
#705 = CARTESIAN_POINT ( 'NONE',  ( -3.411456692913386046, 3.596456692913386100, 0.000000000000000000 ) ) ;
#706 = ORIENTED_EDGE ( 'NONE', *, *, #300, .T. ) ;
#707 = CARTESIAN_POINT ( 'NONE',  ( -3.784503566022511034, -1.787487986319491684, -0.1666666666666711261 ) ) ;
#708 = DIMENSIONAL_EXPONENTS ( 1.000000000000000000, 0.000000000000000000, 0.000000000000000000, 0.000000000000000000, 0.000000000000000000, 0.000000000000000000, 0.000000000000000000 ) ;
#709 = PLANE ( 'NONE',  #2160 ) ;
#710 = CIRCLE ( 'NONE', #1064, 0.08474999999999968670 ) ;
#711 = CARTESIAN_POINT ( 'NONE',  ( 3.596456692913386544, 3.596456692913386100, -0.3333333299999999833 ) ) ;
#712 = AXIS2_PLACEMENT_3D ( 'NONE', #411, #723, #1264 ) ;
#713 = ORIENTED_EDGE ( 'NONE', *, *, #1377, .F. ) ;
#714 = CONICAL_SURFACE ( 'NONE', #214, 0.1097500000000001114, 0.7853981633974544962 ) ;
#715 = VECTOR ( 'NONE', #2116, 39.37007874015748143 ) ;
#716 = EDGE_CURVE ( 'NONE', #170, #2143, #126, .T. ) ;
#717 = PLANE ( 'NONE',  #372 ) ;
#718 = LINE ( 'NONE', #2091, #1001 ) ;
#719 = VECTOR ( 'NONE', #1719, 39.37007874015748854 ) ;
#720 = ORIENTED_EDGE ( 'NONE', *, *, #760, .F. ) ;
#721 = PLANE ( 'NONE',  #1792 ) ;
#722 = DIRECTION ( 'NONE',  ( 0.000000000000000000, 0.7071067811865480168, 0.7071067811865469066 ) ) ;
#723 = DIRECTION ( 'NONE',  ( -0.000000000000000000, -0.000000000000000000, 1.000000000000000000 ) ) ;
#724 = LINE ( 'NONE', #749, #267 ) ;
#725 = CARTESIAN_POINT ( 'NONE',  ( 3.429790026246720025, -4.567858267086611690, -0.2916666666666665186 ) ) ;
#726 = DIRECTION ( 'NONE',  ( 9.299353671878037126E-17, -0.7071067811865473507, -0.7071067811865476838 ) ) ;
#727 = ORIENTED_EDGE ( 'NONE', *, *, #1101, .F. ) ;
#728 = ORIENTED_EDGE ( 'NONE', *, *, #1009, .F. ) ;
#729 = FACE_OUTER_BOUND ( 'NONE', #979, .T. ) ;
#730 = EDGE_CURVE ( 'NONE', #990, #1910, #1340, .T. ) ;
#731 = VERTEX_POINT ( 'NONE', #1695 ) ;
#732 = CARTESIAN_POINT ( 'NONE',  ( -3.386456692913383915, -2.687543307086613265, -0.04166666666666724722 ) ) ;
#733 = ADVANCED_FACE ( 'NONE', ( #299 ), #466, .F. ) ;
#734 = CARTESIAN_POINT ( 'NONE',  ( -1.936693307086614579, 3.100000000000000089, 6.829619984160660511E-17 ) ) ;
#735 = EDGE_LOOP ( 'NONE', ( #824, #2013, #48, #973 ) ) ;
#736 = DIRECTION ( 'NONE',  ( -9.265548792707385937E-17, 0.7071067811865479058, -0.7071067811865471286 ) ) ;
#737 = CARTESIAN_POINT ( 'NONE',  ( -1.796443307086614594, 2.850000000000000533, -0.3333333299999999833 ) ) ;
#738 = CARTESIAN_POINT ( 'NONE',  ( -3.211456692913386313, 3.304790026246719137, -0.1666666666666666297 ) ) ;
#739 = ORIENTED_EDGE ( 'NONE', *, *, #871, .T. ) ;
#740 = ORIENTED_EDGE ( 'NONE', *, *, #253, .F. ) ;
#741 = PLANE ( 'NONE',  #646 ) ;
#742 = EDGE_CURVE ( 'NONE', #561, #643, #645, .T. ) ;
#743 = ORIENTED_EDGE ( 'NONE', *, *, #2077, .F. ) ;
#744 = DIRECTION ( 'NONE',  ( -0.7071067811865474617, 0.000000000000000000, 0.7071067811865474617 ) ) ;
#745 = LINE ( 'NONE', #277, #2157 ) ;
#746 = EDGE_LOOP ( 'NONE', ( #1322, #1612, #983, #633 ) ) ;
#747 = PRODUCT_DEFINITION ( 'UNKNOWN', '', #1439, #1056 ) ;
#748 = AXIS2_PLACEMENT_3D ( 'NONE', #650, #628, #1458 ) ;
#749 = CARTESIAN_POINT ( 'NONE',  ( 3.068806692913386591, -3.100000000000000089, 0.000000000000000000 ) ) ;
#750 = LINE ( 'NONE', #1930, #2008 ) ;
#751 = CARTESIAN_POINT ( 'NONE',  ( 3.429790026246720025, -4.567858267086611690, -0.04166666666666671986 ) ) ;
#752 = VERTEX_POINT ( 'NONE', #1015 ) ;
#753 = VECTOR ( 'NONE', #1785, 39.37007874015748143 ) ;
#754 = VECTOR ( 'NONE', #2204, 39.37007874015748143 ) ;
#755 = EDGE_CURVE ( 'NONE', #664, #561, #813, .T. ) ;
#756 = AXIS2_PLACEMENT_3D ( 'NONE', #173, #689, #676 ) ;
#757 = VERTEX_POINT ( 'NONE', #1307 ) ;
#758 = DIRECTION ( 'NONE',  ( -9.265548792707384704E-17, 0.7071067811865476838, -0.7071067811865473507 ) ) ;
#759 = ORIENTED_EDGE ( 'NONE', *, *, #275, .T. ) ;
#760 = EDGE_CURVE ( 'NONE', #379, #1073, #317, .T. ) ;
#761 = CARTESIAN_POINT ( 'NONE',  ( -3.411456692913385158, -2.705220976616277362, -0.3093443361963306715 ) ) ;
#762 = LINE ( 'NONE', #737, #1287 ) ;
#763 = CARTESIAN_POINT ( 'NONE',  ( -3.211456692913386313, 3.554790026246719137, -0.1666666666666666297 ) ) ;
#764 = ORIENTED_EDGE ( 'NONE', *, *, #1766, .T. ) ;
#765 = VECTOR ( 'NONE', #843, 39.37007874015748143 ) ;
#766 = ORIENTED_EDGE ( 'NONE', *, *, #1727, .T. ) ;
#767 = CARTESIAN_POINT ( 'NONE',  ( -2.517583501240212129, -1.795903089795951368, -0.1666666666666696273 ) ) ;
#768 = ORIENTED_EDGE ( 'NONE', *, *, #2037, .F. ) ;
#769 = PLANE ( 'NONE',  #2227 ) ;
#770 = EDGE_LOOP ( 'NONE', ( #653, #1137, #433, #1243 ) ) ;
#771 = PLANE ( 'NONE',  #748 ) ;
#772 = FACE_OUTER_BOUND ( 'NONE', #1918, .T. ) ;
#773 = EDGE_CURVE ( 'NONE', #1313, #1228, #455, .T. ) ;
#774 = CARTESIAN_POINT ( 'NONE',  ( -3.211456692913384980, -1.305260650680309054, 1.305260650680310608 ) ) ;
#775 = EDGE_LOOP ( 'NONE', ( #2103, #1684, #1886, #581 ) ) ;
#776 = ADVANCED_FACE ( 'NONE', ( #1870 ), #836, .F. ) ;
#777 = ORIENTED_EDGE ( 'NONE', *, *, #1766, .F. ) ;
#778 = CARTESIAN_POINT ( 'NONE',  ( 3.429790026246719137, -4.742858267086614177, -0.3270220057259949908 ) ) ;
#779 = ORIENTED_EDGE ( 'NONE', *, *, #1878, .F. ) ;
#780 = DIRECTION ( 'NONE',  ( -1.000000000000000000, -0.000000000000000000, -0.000000000000000000 ) ) ;
#781 = LINE ( 'NONE', #963, #2007 ) ;
#782 = DIRECTION ( 'NONE',  ( -0.000000000000000000, -1.000000000000000000, -0.000000000000000000 ) ) ;
#783 = VERTEX_POINT ( 'NONE', #1525 ) ;
#784 = AXIS2_PLACEMENT_3D ( 'NONE', #1421, #793, #884 ) ;
#785 = EDGE_CURVE ( 'NONE', #752, #731, #1857, .T. ) ;
#786 = EDGE_CURVE ( 'NONE', #412, #1462, #2177, .T. ) ;
#787 = CARTESIAN_POINT ( 'NONE',  ( -3.119790026246718195, -4.717858267086612933, -0.1666666666666667129 ) ) ;
#788 = DIRECTION ( 'NONE',  ( 1.000000000000000000, 0.000000000000000000, 0.000000000000000000 ) ) ;
#789 = VECTOR ( 'NONE', #1096, 39.37007874015748854 ) ;
#790 = AXIS2_PLACEMENT_3D ( 'NONE', #1514, #804, #2036 ) ;
#791 = AXIS2_PLACEMENT_3D ( 'NONE', #236, #559, #1106 ) ;
#792 = VERTEX_POINT ( 'NONE', #1677 ) ;
#793 = DIRECTION ( 'NONE',  ( -0.000000000000000000, -0.000000000000000000, 1.000000000000000000 ) ) ;
#794 = VECTOR ( 'NONE', #1592, 39.37007874015748854 ) ;
#795 = DIRECTION ( 'NONE',  ( -0.7071067811865483499, 0.000000000000000000, -0.7071067811865466846 ) ) ;
#796 = ORIENTED_EDGE ( 'NONE', *, *, #1368, .T. ) ;
#797 = DIRECTION ( 'NONE',  ( -0.000000000000000000, -1.000000000000000000, -0.000000000000000000 ) ) ;
#798 = CARTESIAN_POINT ( 'NONE',  ( 3.554790026246720025, -4.542858267086613999, -0.1666666666666666297 ) ) ;
#799 = ORIENTED_EDGE ( 'NONE', *, *, #1898, .T. ) ;
#800 = ORIENTED_EDGE ( 'NONE', *, *, #1518, .T. ) ;
#801 = DIRECTION ( 'NONE',  ( 0.4999999999999985567, 0.7071067811865475727, -0.5000000000000015543 ) ) ;
#802 = VECTOR ( 'NONE', #1619, 39.37007874015748143 ) ;
#803 = VERTEX_POINT ( 'NONE', #826 ) ;
#804 = DIRECTION ( 'NONE',  ( -0.5000000000000009992, 0.7071067811865475727, -0.4999999999999991118 ) ) ;
#805 = EDGE_CURVE ( 'NONE', #856, #418, #1132, .T. ) ;
#806 = EDGE_LOOP ( 'NONE', ( #1278, #591, #1996, #662 ) ) ;
#807 = DIRECTION ( 'NONE',  ( 9.265548792707378541E-17, -0.7071067811865473507, 0.7071067811865476838 ) ) ;
#808 = DIRECTION ( 'NONE',  ( -0.7071067811865480168, 0.000000000000000000, 0.7071067811865469066 ) ) ;
#809 = ORIENTED_EDGE ( 'NONE', *, *, #552, .F. ) ;
#810 = ORIENTED_EDGE ( 'NONE', *, *, #1679, .T. ) ;
#811 = CARTESIAN_POINT ( 'NONE',  ( 2.903556692913386250, 3.346456692913386100, -0.3333333299999999833 ) ) ;
#812 = EDGE_LOOP ( 'NONE', ( #1889, #1464, #846, #957 ) ) ;
#813 = LINE ( 'NONE', #1702, #1691 ) ;
#814 = ADVANCED_FACE ( 'NONE', ( #665 ), #1350, .F. ) ;
#815 = DIRECTION ( 'NONE',  ( -0.7071067811865474617, 0.000000000000000000, -0.7071067811865474617 ) ) ;
#816 = ORIENTED_EDGE ( 'NONE', *, *, #61, .F. ) ;
#817 = DIRECTION ( 'NONE',  ( 0.7071067811865474617, 0.000000000000000000, 0.7071067811865474617 ) ) ;
#818 = FACE_BOUND ( 'NONE', #1673, .T. ) ;
#819 = EDGE_LOOP ( 'NONE', ( #41, #1555, #20, #1297 ) ) ;
#820 = EDGE_CURVE ( 'NONE', #1315, #461, #2006, .T. ) ;
#821 = DIRECTION ( 'NONE',  ( 1.000000000000000000, 0.000000000000000000, 0.000000000000000000 ) ) ;
#822 = DIRECTION ( 'NONE',  ( -0.000000000000000000, -0.000000000000000000, 1.000000000000000000 ) ) ;
#823 = EDGE_CURVE ( 'NONE', #71, #200, #495, .T. ) ;
#824 = ORIENTED_EDGE ( 'NONE', *, *, #1925, .T. ) ;
#825 = VECTOR ( 'NONE', #1170, 39.37007874015748143 ) ;
#826 = CARTESIAN_POINT ( 'NONE',  ( 3.238306692913385909, -3.100000000000000089, -0.3333333299999999833 ) ) ;
#827 = AXIS2_PLACEMENT_3D ( 'NONE', #1484, #281, #1118 ) ;
#828 = VECTOR ( 'NONE', #686, 39.37007874015748143 ) ;
#829 = AXIS2_PLACEMENT_3D ( 'NONE', #1022, #2080, #878 ) ;
#830 = CARTESIAN_POINT ( 'NONE',  ( 3.596456692913386544, 3.596456692913386100, -0.3333333299999999833 ) ) ;
#831 = DIRECTION ( 'NONE',  ( 0.8164965809277244801, 0.5773502691896280625, 3.401240251540920245E-15 ) ) ;
#832 = FACE_BOUND ( 'NONE', #943, .T. ) ;
#833 = ORIENTED_EDGE ( 'NONE', *, *, #1653, .T. ) ;
#834 = DIRECTION ( 'NONE',  ( 0.000000000000000000, 0.7071067811865476838, -0.7071067811865473507 ) ) ;
#835 = ORIENTED_EDGE ( 'NONE', *, *, #805, .T. ) ;
#836 = PLANE ( 'NONE',  #575 ) ;
#837 = EDGE_CURVE ( 'NONE', #1452, #227, #1500, .T. ) ;
#838 = CIRCLE ( 'NONE', #1914, 0.1097500000000001114 ) ;
#839 = CARTESIAN_POINT ( 'NONE',  ( -1.961693307086614713, 3.100000000000000089, -0.3333333299999999833 ) ) ;
#840 = PLANE ( 'NONE',  #1323 ) ;
#841 = DIRECTION ( 'NONE',  ( -0.7071067811865462405, 0.000000000000000000, 0.7071067811865487940 ) ) ;
#842 = EDGE_LOOP ( 'NONE', ( #74, #67, #1623, #640 ) ) ;
#843 = DIRECTION ( 'NONE',  ( -6.969608971200879162E-17, 1.000000000000000000, -0.000000000000000000 ) ) ;
#844 = DIRECTION ( 'NONE',  ( 0.7071067811865480168, 0.000000000000000000, -0.7071067811865469066 ) ) ;
#845 = EDGE_CURVE ( 'NONE', #1777, #865, #1157, .T. ) ;
#846 = ORIENTED_EDGE ( 'NONE', *, *, #1640, .T. ) ;
#847 = DIRECTION ( 'NONE',  ( -0.5000000000000027756, 0.7071067811865435759, -0.5000000000000027756 ) ) ;
#848 = EDGE_CURVE ( 'NONE', #266, #2173, #1179, .T. ) ;
#849 = DIRECTION ( 'NONE',  ( 1.000000000000000000, 0.000000000000000000, 0.000000000000000000 ) ) ;
#850 = PLANE ( 'NONE',  #613 ) ;
#851 = CARTESIAN_POINT ( 'NONE',  ( -3.262467695776382293, -4.742858267086614177, -0.02398899713700279948 ) ) ;
#852 = ORIENTED_EDGE ( 'NONE', *, *, #1685, .F. ) ;
#853 = ADVANCED_BREP_SHAPE_REPRESENTATION ( 'itx_side', ( #66, #866 ), #1833 ) ;
#854 = LINE ( 'NONE', #2047, #1510 ) ;
#855 = ADVANCED_FACE ( 'NONE', ( #1361 ), #1024, .F. ) ;
#856 = VERTEX_POINT ( 'NONE', #551 ) ;
#857 = CARTESIAN_POINT ( 'NONE',  ( -3.211456692913386313, 3.429790026246719137, -0.04166666666666665741 ) ) ;
#858 = AXIS2_PLACEMENT_3D ( 'NONE', #206, #1954, #59 ) ;
#859 = DIRECTION ( 'NONE',  ( -0.000000000000000000, -1.000000000000000000, -0.000000000000000000 ) ) ;
#860 = VECTOR ( 'NONE', #1724, 39.37007874015748143 ) ;
#861 = EDGE_CURVE ( 'NONE', #302, #2132, #32, .T. ) ;
#862 = VECTOR ( 'NONE', #476, 39.37007874015748854 ) ;
#863 = DIRECTION ( 'NONE',  ( -0.7071067811865495711, 0.000000000000000000, -0.7071067811865454633 ) ) ;
#864 = PLANE ( 'NONE',  #1794 ) ;
#865 = VERTEX_POINT ( 'NONE', #1407 ) ;
#866 = AXIS2_PLACEMENT_3D ( 'NONE', #256, #1990, #2144 ) ;
#867 = CYLINDRICAL_SURFACE ( 'NONE', #1338, 0.08474999999999968670 ) ;
#868 = LINE ( 'NONE', #1030, #1832 ) ;
#869 = ORIENTED_EDGE ( 'NONE', *, *, #883, .F. ) ;
#870 = LINE ( 'NONE', #880, #1140 ) ;
#871 = EDGE_CURVE ( 'NONE', #247, #1112, #217, .T. ) ;
#872 = DIRECTION ( 'NONE',  ( 0.000000000000000000, -0.7071067811865476838, -0.7071067811865473507 ) ) ;
#873 = MECHANICAL_DESIGN_GEOMETRIC_PRESENTATION_REPRESENTATION (  '', ( #1844 ), #10 ) ;
#874 = LINE ( 'NONE', #1715, #1935 ) ;
#875 = LINE ( 'NONE', #1706, #434 ) ;
#876 = ORIENTED_EDGE ( 'NONE', *, *, #1235, .F. ) ;
#877 = DIRECTION ( 'NONE',  ( -0.000000000000000000, -0.000000000000000000, 1.000000000000000000 ) ) ;
#878 = DIRECTION ( 'NONE',  ( 1.000000000000000000, 0.000000000000000000, 0.000000000000000000 ) ) ;
#879 = ORIENTED_EDGE ( 'NONE', *, *, #1503, .T. ) ;
#880 = CARTESIAN_POINT ( 'NONE',  ( -4.038020215631564547, 3.429790026246700485, 1.091915338264917379 ) ) ;
#881 = FACE_OUTER_BOUND ( 'NONE', #1800, .T. ) ;
#882 = ADVANCED_FACE ( 'NONE', ( #12 ), #1201, .F. ) ;
#883 = EDGE_CURVE ( 'NONE', #783, #227, #2051, .T. ) ;
#884 = DIRECTION ( 'NONE',  ( 1.000000000000000000, 0.000000000000000000, 0.000000000000000000 ) ) ;
#885 = CYLINDRICAL_SURFACE ( 'NONE', #1362, 0.08474999999999968670 ) ;
#886 = EDGE_LOOP ( 'NONE', ( #2075, #546, #405, #1099 ) ) ;
#887 = CARTESIAN_POINT ( 'NONE',  ( -3.411456692913385158, -2.687543307086614153, -0.006311327607339325789 ) ) ;
#888 = DIRECTION ( 'NONE',  ( -1.000000000000000000, -1.315127208407396470E-16, -0.000000000000000000 ) ) ;
#889 = ORIENTED_EDGE ( 'NONE', *, *, #1611, .F. ) ;
#890 = DIRECTION ( 'NONE',  ( 0.4999999999999917288, -0.7071067811865591191, 0.4999999999999917288 ) ) ;
#891 = DIRECTION ( 'NONE',  ( 9.265548792707384704E-17, -0.7071067811865477948, 0.7071067811865472397 ) ) ;
#892 = AXIS2_PLACEMENT_3D ( 'NONE', #1459, #1413, #2147 ) ;
#893 = FACE_OUTER_BOUND ( 'NONE', #1533, .T. ) ;
#894 = CIRCLE ( 'NONE', #432, 0.08474999999999996425 ) ;
#895 = VERTEX_POINT ( 'NONE', #1385 ) ;
#896 = CIRCLE ( 'NONE', #1725, 0.08474999999999996425 ) ;
#897 = AXIS2_PLACEMENT_3D ( 'NONE', #507, #2062, #517 ) ;
#898 = LINE ( 'NONE', #1104, #1375 ) ;
#899 = DIRECTION ( 'NONE',  ( -0.000000000000000000, -0.000000000000000000, 1.000000000000000000 ) ) ;
#900 = VERTEX_POINT ( 'NONE', #1044 ) ;
#901 = FACE_OUTER_BOUND ( 'NONE', #2018, .T. ) ;
#902 = ORIENTED_EDGE ( 'NONE', *, *, #1805, .F. ) ;
#903 = CARTESIAN_POINT ( 'NONE',  ( -3.386456692913388355, 3.429790026246719137, -0.2916666666666664631 ) ) ;
#904 = DIRECTION ( 'NONE',  ( 0.000000000000000000, -1.000000000000000000, 0.000000000000000000 ) ) ;
#905 = ORIENTED_EDGE ( 'NONE', *, *, #1805, .T. ) ;
#906 = CARTESIAN_POINT ( 'NONE',  ( -3.211456692913386313, 3.429790026246719581, -0.07702200572599351980 ) ) ;
#907 = LINE ( 'NONE', #211, #1614 ) ;
#908 = LINE ( 'NONE', #1596, #2048 ) ;
#909 = EDGE_LOOP ( 'NONE', ( #135, #1434, #1524, #589 ) ) ;
#910 = CARTESIAN_POINT ( 'NONE',  ( 3.153556692913386250, 3.100000000000000089, 0.000000000000000000 ) ) ;
#911 = VERTEX_POINT ( 'NONE', #1544 ) ;
#912 = FACE_BOUND ( 'NONE', #1426, .T. ) ;
#913 = ADVANCED_FACE ( 'NONE', ( #1923 ), #721, .F. ) ;
#914 = FACE_OUTER_BOUND ( 'NONE', #1932, .T. ) ;
#915 = EDGE_CURVE ( 'NONE', #95, #2105, #383, .T. ) ;
#916 = ORIENTED_EDGE ( 'NONE', *, *, #1377, .T. ) ;
#917 = DIRECTION ( 'NONE',  ( -0.000000000000000000, -0.000000000000000000, 1.000000000000000000 ) ) ;
#918 = DIRECTION ( 'NONE',  ( 1.000000000000000000, 0.000000000000000000, 0.000000000000000000 ) ) ;
#919 = CARTESIAN_POINT ( 'NONE',  ( -3.211456692913384980, -2.687543307086613265, -0.2563113276073415436 ) ) ;
#920 = EDGE_LOOP ( 'NONE', ( #1116, #1807, #1151, #987 ) ) ;
#921 = EDGE_LOOP ( 'NONE', ( #978, #1508, #1262, #1292 ) ) ;
#922 = CARTESIAN_POINT ( 'NONE',  ( 3.269434687187390498, -4.742858267086614177, -0.1666666666666666852 ) ) ;
#923 = EDGE_CURVE ( 'NONE', #1987, #1303, #970, .T. ) ;
#924 = EDGE_CURVE ( 'NONE', #803, #2092, #615, .T. ) ;
#925 = ORIENTED_EDGE ( 'NONE', *, *, #1113, .F. ) ;
#926 =( CONVERSION_BASED_UNIT ( 'INCH', #1998 ) LENGTH_UNIT ( ) NAMED_UNIT ( #182 ) );
#927 = EDGE_LOOP ( 'NONE', ( #2057, #1419, #215, #1223 ) ) ;
#928 = EDGE_CURVE ( 'NONE', #1993, #1177, #2223, .T. ) ;
#929 = AXIS2_PLACEMENT_3D ( 'NONE', #1859, #520, #2218 ) ;
#930 = CARTESIAN_POINT ( 'NONE',  ( -1.796443307086614594, 2.850000000000000533, 0.000000000000000000 ) ) ;
#931 = DIRECTION ( 'NONE',  ( -0.5773502691896245098, -0.8164965809277268116, -5.957178155525759854E-15 ) ) ;
#932 = DIRECTION ( 'NONE',  ( 9.299353671878033428E-17, -0.7071067811865471286, 0.7071067811865479058 ) ) ;
#933 = ORIENTED_EDGE ( 'NONE', *, *, #1386, .T. ) ;
#934 = VECTOR ( 'NONE', #425, 39.37007874015748854 ) ;
#935 = AXIS2_PLACEMENT_3D ( 'NONE', #1821, #822, #788 ) ;
#936 = VECTOR ( 'NONE', #64, 39.37007874015748854 ) ;
#937 = ORIENTED_EDGE ( 'NONE', *, *, #1864, .T. ) ;
#938 = LINE ( 'NONE', #602, #1433 ) ;
#939 = ORIENTED_EDGE ( 'NONE', *, *, #1197, .F. ) ;
#940 = CARTESIAN_POINT ( 'NONE',  ( -2.946443307086613839, -3.100000000000000089, 0.000000000000000000 ) ) ;
#941 = ADVANCED_FACE ( 'NONE', ( #350, #1534, #341 ), #673, .T. ) ;
#942 = ADVANCED_FACE ( 'NONE', ( #1210 ), #1033, .F. ) ;
#943 = EDGE_LOOP ( 'NONE', ( #11, #573, #1067, #1370, #1591, #1663 ) ) ;
#944 = PRODUCT_DEFINITION_SHAPE ( 'NONE', 'NONE',  #747 ) ;
#945 = PLANE ( 'NONE',  #1063 ) ;
#946 = CARTESIAN_POINT ( 'NONE',  ( -3.411456692913385602, -2.527187968027285514, -0.1666666666666676844 ) ) ;
#947 = CARTESIAN_POINT ( 'NONE',  ( 3.340145365306044223, -4.542858267086613999, -0.1666666666666667684 ) ) ;
#948 = ORIENTED_EDGE ( 'NONE', *, *, #837, .T. ) ;
#949 = VECTOR ( 'NONE', #1437, 39.37007874015748143 ) ;
#950 = EDGE_LOOP ( 'NONE', ( #624, #150, #764, #1779 ) ) ;
#951 = LINE ( 'NONE', #767, #468 ) ;
#952 = EDGE_LOOP ( 'NONE', ( #454, #563 ) ) ;
#953 = DIRECTION ( 'NONE',  ( -0.8164965809277242581, -0.5773502691896281735, -1.145765267303536107E-15 ) ) ;
#954 = EDGE_CURVE ( 'NONE', #276, #1274, #870, .T. ) ;
#955 = LINE ( 'NONE', #1483, #1720 ) ;
#956 = CARTESIAN_POINT ( 'NONE',  ( 3.304790026246720469, -4.567858267086611690, -0.1666666666666666297 ) ) ;
#957 = ORIENTED_EDGE ( 'NONE', *, *, #1585, .T. ) ;
#958 = CARTESIAN_POINT ( 'NONE',  ( 3.263306692913386264, -3.100000000000000089, 6.829619984160660511E-17 ) ) ;
#959 = PLANE ( 'NONE',  #362 ) ;
#960 = ORIENTED_EDGE ( 'NONE', *, *, #1250, .T. ) ;
#961 = DIRECTION ( 'NONE',  ( 1.000000000000000000, 0.000000000000000000, 0.000000000000000000 ) ) ;
#962 = DIRECTION ( 'NONE',  ( 0.7071067811865483499, 0.000000000000000000, 0.7071067811865466846 ) ) ;
#963 = CARTESIAN_POINT ( 'NONE',  ( -2.696443307086614727, 2.850000000000000533, 0.000000000000000000 ) ) ;
#964 = DIRECTION ( 'NONE',  ( 1.858863930170778997E-15, 0.5773502691896259531, 0.8164965809277259234 ) ) ;
#965 = ORIENTED_EDGE ( 'NONE', *, *, #1347, .F. ) ;
#966 = VECTOR ( 'NONE', #1560, 39.37007874015748143 ) ;
#967 = ORIENTED_EDGE ( 'NONE', *, *, #1587, .F. ) ;
#968 = EDGE_CURVE ( 'NONE', #1406, #1520, #21, .T. ) ;
#969 = LINE ( 'NONE', #1655, #1217 ) ;
#970 = CIRCLE ( 'NONE', #2009, 0.08474999999999968670 ) ;
#971 = CIRCLE ( 'NONE', #677, 0.1097500000000001114 ) ;
#972 = ADVANCED_FACE ( 'NONE', ( #1224 ), #1911, .T. ) ;
#973 = ORIENTED_EDGE ( 'NONE', *, *, #837, .F. ) ;
#974 = DIRECTION ( 'NONE',  ( -9.265548792707388402E-17, 0.7071067811865480168, 0.7071067811865469066 ) ) ;
#975 = ORIENTED_EDGE ( 'NONE', *, *, #2076, .T. ) ;
#976 = CARTESIAN_POINT ( 'NONE',  ( 3.153556692913386250, 3.100000000000000089, 6.829619984160660511E-17 ) ) ;
#977 = CARTESIAN_POINT ( 'NONE',  ( 3.429790026246720025, -4.717858267086612933, -0.2916666666666665186 ) ) ;
#978 = ORIENTED_EDGE ( 'NONE', *, *, #1587, .T. ) ;
#979 = EDGE_LOOP ( 'NONE', ( #420, #550, #998, #52 ) ) ;
#980 = LINE ( 'NONE', #484, #1214 ) ;
#981 = EDGE_CURVE ( 'NONE', #227, #1875, #429, .T. ) ;
#982 = VECTOR ( 'NONE', #99, 39.37007874015748854 ) ;
#983 = ORIENTED_EDGE ( 'NONE', *, *, #1761, .F. ) ;
#984 = DIRECTION ( 'NONE',  ( -9.265548792707384704E-17, 0.7071067811865476838, -0.7071067811865473507 ) ) ;
#985 = EDGE_CURVE ( 'NONE', #1635, #1764, #611, .T. ) ;
#986 = LINE ( 'NONE', #751, #255 ) ;
#987 = ORIENTED_EDGE ( 'NONE', *, *, #518, .F. ) ;
#988 = LINE ( 'NONE', #1126, #250 ) ;
#989 = DIRECTION ( 'NONE',  ( -9.265548792707384704E-17, 0.7071067811865476838, 0.7071067811865473507 ) ) ;
#990 = VERTEX_POINT ( 'NONE', #1765 ) ;
#991 = EDGE_LOOP ( 'NONE', ( #1428, #1232, #1014, #1707 ) ) ;
#992 = CARTESIAN_POINT ( 'NONE',  ( -2.696443307086613395, -4.492858267086613289, -0.3333333299999999833 ) ) ;
#993 = ORIENTED_EDGE ( 'NONE', *, *, #55, .F. ) ;
#994 = DIRECTION ( 'NONE',  ( 1.000000000000000000, 0.000000000000000000, 0.000000000000000000 ) ) ;
#995 = DIRECTION ( 'NONE',  ( 0.7071067811865462405, 0.000000000000000000, -0.7071067811865487940 ) ) ;
#996 = CARTESIAN_POINT ( 'NONE',  ( -3.211456692913386313, 1.586739349319688852, 1.586739349319689296 ) ) ;
#997 = DIRECTION ( 'NONE',  ( 1.000000000000000000, 0.000000000000000000, 0.000000000000000000 ) ) ;
#998 = ORIENTED_EDGE ( 'NONE', *, *, #1445, .T. ) ;
#999 = ORIENTED_EDGE ( 'NONE', *, *, #1503, .F. ) ;
#1000 = FACE_OUTER_BOUND ( 'NONE', #2033, .T. ) ;
#1001 = VECTOR ( 'NONE', #844, 39.37007874015748854 ) ;
#1002 = VERTEX_POINT ( 'NONE', #922 ) ;
#1003 = AXIS2_PLACEMENT_3D ( 'NONE', #711, #1411, #1047 ) ;
#1004 = CARTESIAN_POINT ( 'NONE',  ( 3.471456692913388320, -4.658932701987732905, -0.1666666666666670737 ) ) ;
#1005 = AXIS2_PLACEMENT_3D ( 'NONE', #763, #1450, #2139 ) ;
#1006 = VECTOR ( 'NONE', #2197, 39.37007874015748143 ) ;
#1007 = FACE_OUTER_BOUND ( 'NONE', #2134, .T. ) ;
#1008 = LINE ( 'NONE', #1527, #2219 ) ;
#1009 = EDGE_CURVE ( 'NONE', #1635, #1406, #1100, .T. ) ;
#1010 = DIRECTION ( 'NONE',  ( 0.000000000000000000, -0.7071067811865479058, -0.7071067811865471286 ) ) ;
#1011 = ORIENTED_EDGE ( 'NONE', *, *, #1965, .T. ) ;
#1012 =( NAMED_UNIT ( * ) PLANE_ANGLE_UNIT ( ) SI_UNIT ( $, .RADIAN. ) );
#1013 = DIRECTION ( 'NONE',  ( 0.000000000000000000, 1.000000000000000000, 0.000000000000000000 ) ) ;
#1014 = ORIENTED_EDGE ( 'NONE', *, *, #1114, .F. ) ;
#1015 = CARTESIAN_POINT ( 'NONE',  ( -3.084434687187389557, -4.742858267086614177, -0.1666666666666666574 ) ) ;
#1016 = DIRECTION ( 'NONE',  ( -6.551732382738218029E-17, 1.000000000000000000, -0.000000000000000000 ) ) ;
#1017 = LINE ( 'NONE', #1728, #2081 ) ;
#1018 = LINE ( 'NONE', #851, #72 ) ;
#1019 = ADVANCED_FACE ( 'NONE', ( #1296 ), #229, .T. ) ;
#1020 = ORIENTED_EDGE ( 'NONE', *, *, #86, .F. ) ;
#1021 = CARTESIAN_POINT ( 'NONE',  ( -3.236456692913382671, -2.687543307086613265, -0.2916666666666667962 ) ) ;
#1022 = CARTESIAN_POINT ( 'NONE',  ( 3.153556692913386250, -3.100000000000000089, 6.829619984160660511E-17 ) ) ;
#1023 = EDGE_LOOP ( 'NONE', ( #939, #1751, #1103, #1415 ) ) ;
#1024 = PLANE ( 'NONE',  #1294 ) ;
#1025 = DIRECTION ( 'NONE',  ( 1.000000000000000000, 6.969608971200879162E-17, -0.000000000000000000 ) ) ;
#1026 = DIRECTION ( 'NONE',  ( -0.7071067811865374697, 0.5000000000000067724, -0.5000000000000073275 ) ) ;
#1027 = DIRECTION ( 'NONE',  ( 0.7071067811865483499, 0.000000000000000000, 0.7071067811865466846 ) ) ;
#1028 = EDGE_LOOP ( 'NONE', ( #2050, #1187, #1403, #1281 ) ) ;
#1029 = LINE ( 'NONE', #1718, #406 ) ;
#1030 = CARTESIAN_POINT ( 'NONE',  ( 3.287112356717055484, -4.742858267086614177, -0.1843443361963315874 ) ) ;
#1031 = EDGE_CURVE ( 'NONE', #856, #1984, #178, .T. ) ;
#1032 = ORIENTED_EDGE ( 'NONE', *, *, #119, .T. ) ;
#1033 = PLANE ( 'NONE',  #2118 ) ;
#1034 = AXIS2_PLACEMENT_3D ( 'NONE', #1628, #1117, #1289 ) ;
#1035 = VECTOR ( 'NONE', #931, 39.37007874015748854 ) ;
#1036 = DIRECTION ( 'NONE',  ( 0.000000000000000000, -1.000000000000000000, 0.000000000000000000 ) ) ;
#1037 = VECTOR ( 'NONE', #655, 39.37007874015748143 ) ;
#1038 = VECTOR ( 'NONE', #1010, 39.37007874015748143 ) ;
#1039 = FACE_OUTER_BOUND ( 'NONE', #1641, .T. ) ;
#1040 = DIRECTION ( 'NONE',  ( -0.000000000000000000, -1.000000000000000000, -0.000000000000000000 ) ) ;
#1041 = VERTEX_POINT ( 'NONE', #1089 ) ;
#1042 = CARTESIAN_POINT ( 'NONE',  ( -1.299986614173230803, 3.346456692913386100, -0.3333333299999999833 ) ) ;
#1043 = ORIENTED_EDGE ( 'NONE', *, *, #119, .F. ) ;
#1044 = CARTESIAN_POINT ( 'NONE',  ( -3.411456692913385158, -4.742858267086614177, 0.000000000000000000 ) ) ;
#1045 = ADVANCED_FACE ( 'NONE', ( #1121 ), #1111, .F. ) ;
#1046 = CARTESIAN_POINT ( 'NONE',  ( -2.696443307086613395, -4.492858267086613289, -0.3333333299999999833 ) ) ;
#1047 = DIRECTION ( 'NONE',  ( -6.551732382738218029E-17, 1.000000000000000000, 0.000000000000000000 ) ) ;
#1048 = FACE_OUTER_BOUND ( 'NONE', #1733, .T. ) ;
#1049 = EDGE_LOOP ( 'NONE', ( #1265, #470, #393, #1495 ) ) ;
#1050 = CYLINDRICAL_SURFACE ( 'NONE', #1577, 0.08474999999999968670 ) ;
#1051 = ORIENTED_EDGE ( 'NONE', *, *, #1302, .T. ) ;
#1052 = CARTESIAN_POINT ( 'NONE',  ( -3.244790026246718195, -4.658932701987733793, -0.2083333333333340642 ) ) ;
#1053 = LINE ( 'NONE', #197, #1435 ) ;
#1054 = DIRECTION ( 'NONE',  ( -0.000000000000000000, -0.000000000000000000, 1.000000000000000000 ) ) ;
#1055 = VERTEX_POINT ( 'NONE', #2142 ) ;
#1056 = PRODUCT_DEFINITION_CONTEXT ( 'detailed design', #2130, 'design' ) ;
#1057 = PLANE ( 'NONE',  #1081 ) ;
#1058 = CARTESIAN_POINT ( 'NONE',  ( 3.153556692913386250, -3.100000000000000089, -0.02500000000000003955 ) ) ;
#1059 = ADVANCED_FACE ( 'NONE', ( #729 ), #1802, .F. ) ;
#1060 = ORIENTED_EDGE ( 'NONE', *, *, #1659, .F. ) ;
#1061 = DIRECTION ( 'NONE',  ( -0.000000000000000000, -0.000000000000000000, 1.000000000000000000 ) ) ;
#1062 = DIRECTION ( 'NONE',  ( 0.000000000000000000, -1.000000000000000000, 0.000000000000000000 ) ) ;
#1063 = AXIS2_PLACEMENT_3D ( 'NONE', #437, #638, #1320 ) ;
#1064 = AXIS2_PLACEMENT_3D ( 'NONE', #1797, #225, #402 ) ;
#1065 = LINE ( 'NONE', #545, #287 ) ;
#1066 = VECTOR ( 'NONE', #1823, 39.37007874015748143 ) ;
#1067 = ORIENTED_EDGE ( 'NONE', *, *, #755, .F. ) ;
#1068 = AXIS2_PLACEMENT_3D ( 'NONE', #2012, #121, #997 ) ;
#1069 = LINE ( 'NONE', #1759, #1664 ) ;
#1070 = CARTESIAN_POINT ( 'NONE',  ( -3.327531127814509215, 3.388123359580053062, -0.1666666666666659913 ) ) ;
#1071 = PLANE ( 'NONE',  #2226 ) ;
#1072 = VERTEX_POINT ( 'NONE', #778 ) ;
#1073 = VERTEX_POINT ( 'NONE', #80 ) ;
#1074 = ADVANCED_FACE ( 'NONE', ( #1261 ), #741, .F. ) ;
#1075 = DIRECTION ( 'NONE',  ( 0.000000000000000000, -0.7071067811865480168, -0.7071067811865469066 ) ) ;
#1076 = VERTEX_POINT ( 'NONE', #1463 ) ;
#1077 = PRODUCT ( 'itx_side', 'itx_side', '', ( #1284 ) ) ;
#1078 = LINE ( 'NONE', #268, #1692 ) ;
#1079 = DIRECTION ( 'NONE',  ( -0.000000000000000000, -0.000000000000000000, 1.000000000000000000 ) ) ;
#1080 = ORIENTED_EDGE ( 'NONE', *, *, #1988, .T. ) ;
#1081 = AXIS2_PLACEMENT_3D ( 'NONE', #597, #2126, #390 ) ;
#1082 = ADVANCED_FACE ( 'NONE', ( #1788 ), #1245, .F. ) ;
#1083 = CARTESIAN_POINT ( 'NONE',  ( 3.153556692913386250, 3.100000000000000089, 6.829619984160660511E-17 ) ) ;
#1084 = EDGE_CURVE ( 'NONE', #1143, #911, #938, .T. ) ;
#1085 = DIRECTION ( 'NONE',  ( -0.7071067811865461294, -0.7071067811865489050, -0.000000000000000000 ) ) ;
#1086 = CARTESIAN_POINT ( 'NONE',  ( 3.263306692913386264, 3.100000000000000089, 6.829619984160660511E-17 ) ) ;
#1087 = ORIENTED_EDGE ( 'NONE', *, *, #594, .T. ) ;
#1088 = EDGE_LOOP ( 'NONE', ( #428, #65, #1739, #622 ) ) ;
#1089 = CARTESIAN_POINT ( 'NONE',  ( 3.429790026246720025, -4.717858267086612933, -0.04166666666666671986 ) ) ;
#1090 = EDGE_LOOP ( 'NONE', ( #605, #577, #1783, #111 ) ) ;
#1092 = ADVANCED_FACE ( 'NONE', ( #901 ), #1590, .T. ) ;
#1091 = LINE ( 'NONE', #1317, #183 ) ;
#1093 = DIRECTION ( 'NONE',  ( -0.000000000000000000, -0.000000000000000000, 1.000000000000000000 ) ) ;
#1094 = EDGE_LOOP ( 'NONE', ( #1837, #2149, #24, #1538 ) ) ;
#1095 = CARTESIAN_POINT ( 'NONE',  ( -3.211456692913386313, 3.340145365306045999, -0.1666666666666671015 ) ) ;
#1096 = DIRECTION ( 'NONE',  ( -0.7071067811865480168, 0.000000000000000000, 0.7071067811865469066 ) ) ;
#1097 = DIRECTION ( 'NONE',  ( 0.7071067811865483499, 0.000000000000000000, 0.7071067811865466846 ) ) ;
#1098 = VERTEX_POINT ( 'NONE', #2133 ) ;
#1099 = ORIENTED_EDGE ( 'NONE', *, *, #1685, .T. ) ;
#1100 = LINE ( 'NONE', #579, #1979 ) ;
#1101 = EDGE_CURVE ( 'NONE', #512, #1055, #1427, .T. ) ;
#1102 = ORIENTED_EDGE ( 'NONE', *, *, #553, .T. ) ;
#1103 = ORIENTED_EDGE ( 'NONE', *, *, #85, .T. ) ;
#1104 = CARTESIAN_POINT ( 'NONE',  ( 3.429790026246723578, -4.658932701987736458, -0.2083333333333367565 ) ) ;
#1105 = LINE ( 'NONE', #39, #467 ) ;
#1106 = DIRECTION ( 'NONE',  ( 1.000000000000000000, 0.000000000000000000, 0.000000000000000000 ) ) ;
#1107 = ORIENTED_EDGE ( 'NONE', *, *, #679, .T. ) ;
#1108 = AXIS2_PLACEMENT_3D ( 'NONE', #663, #493, #463 ) ;
#1109 = CIRCLE ( 'NONE', #1831, 0.08474999999999968670 ) ;
#1110 = VERTEX_POINT ( 'NONE', #1972 ) ;
#1111 = PLANE ( 'NONE',  #499 ) ;
#1112 = VERTEX_POINT ( 'NONE', #1272 ) ;
#1113 = EDGE_CURVE ( 'NONE', #219, #1667, #419, .T. ) ;
#1114 = EDGE_CURVE ( 'NONE', #1172, #1814, #951, .T. ) ;
#1115 = LINE ( 'NONE', #410, #1798 ) ;
#1116 = ORIENTED_EDGE ( 'NONE', *, *, #845, .F. ) ;
#1117 = DIRECTION ( 'NONE',  ( -0.7071067811865461294, 0.5000000000000012212, -0.5000000000000008882 ) ) ;
#1118 = DIRECTION ( 'NONE',  ( 1.000000000000000000, 0.000000000000000000, 0.000000000000000000 ) ) ;
#1119 = EDGE_LOOP ( 'NONE', ( #1942, #2201, #452, #1701 ) ) ;
#1120 = LINE ( 'NONE', #958, #982 ) ;
#1121 = FACE_OUTER_BOUND ( 'NONE', #1822, .T. ) ;
#1122 = EDGE_LOOP ( 'NONE', ( #2140, #1488, #487, #567 ) ) ;
#1123 =( NAMED_UNIT ( * ) SI_UNIT ( $, .STERADIAN. ) SOLID_ANGLE_UNIT ( ) );
#1124 = VERTEX_POINT ( 'NONE', #2026 ) ;
#1125 = EDGE_CURVE ( 'NONE', #1124, #1907, #1509, .T. ) ;
#1126 = CARTESIAN_POINT ( 'NONE',  ( -3.211456692913384980, -2.562543307086613709, -0.1666666666666670737 ) ) ;
#1127 = CARTESIAN_POINT ( 'NONE',  ( 2.903556692913386694, -4.492858267086613289, -0.3333333299999999833 ) ) ;
#1128 = VERTEX_POINT ( 'NONE', #1666 ) ;
#1129 = ORIENTED_EDGE ( 'NONE', *, *, #823, .T. ) ;
#1130 = PLANE ( 'NONE',  #1108 ) ;
#1131 = EDGE_LOOP ( 'NONE', ( #2125, #654, #1562, #1471 ) ) ;
#1132 = LINE ( 'NONE', #1489, #1066 ) ;
#1133 = ORIENTED_EDGE ( 'NONE', *, *, #924, .T. ) ;
#1134 = FACE_OUTER_BOUND ( 'NONE', #746, .T. ) ;
#1135 = EDGE_CURVE ( 'NONE', #503, #1843, #124, .T. ) ;
#1136 = LINE ( 'NONE', #798, #1541 ) ;
#1137 = ORIENTED_EDGE ( 'NONE', *, *, #924, .F. ) ;
#1138 = CARTESIAN_POINT ( 'NONE',  ( -1.660906015986354456, -4.542858267086613999, -1.660906015986356898 ) ) ;
#1139 = FACE_OUTER_BOUND ( 'NONE', #2215, .T. ) ;
#1140 = VECTOR ( 'NONE', #1567, 39.37007874015748143 ) ;
#1141 = AXIS2_PLACEMENT_3D ( 'NONE', #231, #582, #872 ) ;
#1142 = ADVANCED_FACE ( 'NONE', ( #1000 ), #1314, .F. ) ;
#1143 = VERTEX_POINT ( 'NONE', #1642 ) ;
#1144 = CARTESIAN_POINT ( 'NONE',  ( -3.211456692913384980, -2.687543307086613265, -0.2916666666666667962 ) ) ;
#1145 = AXIS2_PLACEMENT_3D ( 'NONE', #940, #421, #116 ) ;
#1146 = ADVANCED_FACE ( 'NONE', ( #274 ), #1174, .F. ) ;
#1147 = DIRECTION ( 'NONE',  ( -0.000000000000000000, -0.000000000000000000, 1.000000000000000000 ) ) ;
#1148 = ORIENTED_EDGE ( 'NONE', *, *, #1782, .F. ) ;
#1149 = DIRECTION ( 'NONE',  ( 1.000000000000000000, 0.000000000000000000, 0.000000000000000000 ) ) ;
#1150 = LINE ( 'NONE', #304, #107 ) ;
#1151 = ORIENTED_EDGE ( 'NONE', *, *, #132, .F. ) ;
#1152 = EDGE_CURVE ( 'NONE', #263, #1777, #315, .T. ) ;
#1153 = CARTESIAN_POINT ( 'NONE',  ( 3.153556692913386250, 3.100000000000000089, -0.3333333299999999833 ) ) ;
#1154 = DIRECTION ( 'NONE',  ( -0.7071067811865341390, 0.5000000000000092149, 0.5000000000000097700 ) ) ;
#1155 = CIRCLE ( 'NONE', #117, 0.08474999999999968670 ) ;
#1156 = ORIENTED_EDGE ( 'NONE', *, *, #259, .T. ) ;
#1157 = LINE ( 'NONE', #1838, #1360 ) ;
#1158 = EDGE_CURVE ( 'NONE', #1589, #865, #980, .T. ) ;
#1159 = FACE_OUTER_BOUND ( 'NONE', #775, .T. ) ;
#1160 = CARTESIAN_POINT ( 'NONE',  ( -3.244790026246718195, -4.742858267086614177, -0.006311327607338511336 ) ) ;
#1161 = LINE ( 'NONE', #2001, #1826 ) ;
#1162 = ORIENTED_EDGE ( 'NONE', *, *, #540, .F. ) ;
#1163 = ORIENTED_EDGE ( 'NONE', *, *, #169, .F. ) ;
#1164 = CARTESIAN_POINT ( 'NONE',  ( -3.031193307086613498, -3.100000000000000089, -0.3333333299999999833 ) ) ;
#1165 = EDGE_LOOP ( 'NONE', ( #1625, #1032, #1482, #879, #1966, #133 ) ) ;
#1166 = CARTESIAN_POINT ( 'NONE',  ( 1.586739349319688852, -4.542858267086613999, 1.586739349319688852 ) ) ;
#1167 = EDGE_CURVE ( 'NONE', #1667, #456, #252, .T. ) ;
#1168 = ADVANCED_FACE ( 'NONE', ( #2175 ), #1130, .T. ) ;
#1169 = DIRECTION ( 'NONE',  ( -0.000000000000000000, -0.000000000000000000, 1.000000000000000000 ) ) ;
#1170 = DIRECTION ( 'NONE',  ( 1.000000000000000000, 0.000000000000000000, 0.000000000000000000 ) ) ;
#1171 = LINE ( 'NONE', #1353, #1038 ) ;
#1172 = VERTEX_POINT ( 'NONE', #1522 ) ;
#1173 = FILL_AREA_STYLE_COLOUR ( '', #1523 ) ;
#1174 = PLANE ( 'NONE',  #1901 ) ;
#1175 = CONICAL_SURFACE ( 'NONE', #712, 0.1097500000000001114, 0.7853981633974544962 ) ;
#1176 = VECTOR ( 'NONE', #2127, 39.37007874015748854 ) ;
#1177 = VERTEX_POINT ( 'NONE', #1164 ) ;
#1178 = AXIS2_PLACEMENT_3D ( 'NONE', #1770, #1079, #232 ) ;
#1179 = LINE ( 'NONE', #309, #394 ) ;
#1180 = VECTOR ( 'NONE', #1242, 39.37007874015748143 ) ;
#1181 = AXIS2_PLACEMENT_3D ( 'NONE', #910, #443, #1778 ) ;
#1182 = EDGE_CURVE ( 'NONE', #184, #276, #1305, .T. ) ;
#1183 = AXIS2_PLACEMENT_3D ( 'NONE', #1658, #1645, #242 ) ;
#1184 = PLANE ( 'NONE',  #181 ) ;
#1185 = LINE ( 'NONE', #36, #644 ) ;
#1186 = CARTESIAN_POINT ( 'NONE',  ( -3.211456692913386313, 1.586739349319688852, 1.586739349319689296 ) ) ;
#1187 = ORIENTED_EDGE ( 'NONE', *, *, #1158, .F. ) ;
#1188 =( CONVERSION_BASED_UNIT ( 'INCH', #1355 ) LENGTH_UNIT ( ) NAMED_UNIT ( #708 ) );
#1189 = CARTESIAN_POINT ( 'NONE',  ( -2.861693307086614180, -3.100000000000000089, 0.000000000000000000 ) ) ;
#1190 = ORIENTED_EDGE ( 'NONE', *, *, #186, .T. ) ;
#1191 = DIRECTION ( 'NONE',  ( -0.000000000000000000, -0.000000000000000000, 1.000000000000000000 ) ) ;
#1192 = CLOSED_SHELL ( 'NONE', ( #1806, #1481, #2011, #1703, #144, #447, #1714, #1059, #1746, #1280, #626, #941, #2079, #1565, #1956, #2098, #1074, #1776, #1082, #1336, #1348, #385, #140, #592, #2178, #696, #1142, #1453, #942, #1891, #882, #1885, #486, #2122, #913, #1873, #14, #637, #2203, #172, #351, #240, #651, #1680, #2182, #1249, #475, #2123, #208, #2039, #733, #1045, #1146, #3, #814, #2030, #1745, #855, #2053, #2170, #776, #1816, #1712, #336, #1318, #377, #1600, #972, #2017, #1168, #1269, #523, #1092, #1019, #319, #422, #1215, #457, #73, #375 ) ) ;
#1193 = DIRECTION ( 'NONE',  ( -0.000000000000000000, -0.000000000000000000, 1.000000000000000000 ) ) ;
#1194 = CARTESIAN_POINT ( 'NONE',  ( -3.369790026246718195, -4.717858267086612933, -0.1666666666666666574 ) ) ;
#1195 = CARTESIAN_POINT ( 'NONE',  ( -2.046443307086614816, 3.100000000000000089, 6.829619984160660511E-17 ) ) ;
#1196 = EDGE_LOOP ( 'NONE', ( #237, #1717, #37, #279 ) ) ;
#1197 = EDGE_CURVE ( 'NONE', #1964, #1406, #2195, .T. ) ;
#1198 = DIRECTION ( 'NONE',  ( 0.000000000000000000, 0.7071067811865473507, -0.7071067811865476838 ) ) ;
#1199 = CARTESIAN_POINT ( 'NONE',  ( 3.429790026246720025, -4.717858267086612933, -0.04166666666666671986 ) ) ;
#1200 = VERTEX_POINT ( 'NONE', #1325 ) ;
#1201 = PLANE ( 'NONE',  #2045 ) ;
#1202 = FACE_OUTER_BOUND ( 'NONE', #90, .T. ) ;
#1203 = LINE ( 'NONE', #153, #825 ) ;
#1204 = LINE ( 'NONE', #669, #2014 ) ;
#1205 = ORIENTED_EDGE ( 'NONE', *, *, #730, .T. ) ;
#1206 = EDGE_CURVE ( 'NONE', #1041, #1143, #2034, .T. ) ;
#1207 = FACE_OUTER_BOUND ( 'NONE', #1584, .T. ) ;
#1208 = PLANE ( 'NONE',  #618 ) ;
#1209 = ORIENTED_EDGE ( 'NONE', *, *, #132, .T. ) ;
#1210 = FACE_OUTER_BOUND ( 'NONE', #364, .T. ) ;
#1211 = AXIS2_PLACEMENT_3D ( 'NONE', #87, #1817, #1504 ) ;
#1212 = VECTOR ( 'NONE', #1276, 39.37007874015748854 ) ;
#1213 = CARTESIAN_POINT ( 'NONE',  ( -3.386456692913383915, -2.812543307086613265, -0.1666666666666670182 ) ) ;
#1214 = VECTOR ( 'NONE', #453, 39.37007874015748143 ) ;
#1215 = ADVANCED_FACE ( 'NONE', ( #2165 ), #959, .T. ) ;
#1216 = AXIS2_PLACEMENT_3D ( 'NONE', #534, #1906, #661 ) ;
#1217 = VECTOR ( 'NONE', #113, 39.37007874015748854 ) ;
#1218 = DIRECTION ( 'NONE',  ( -0.000000000000000000, -1.000000000000000000, -0.000000000000000000 ) ) ;
#1219 = LINE ( 'NONE', #356, #1903 ) ;
#1220 = EDGE_LOOP ( 'NONE', ( #238, #993, #1980, #243 ) ) ;
#1221 =( NAMED_UNIT ( * ) SI_UNIT ( $, .STERADIAN. ) SOLID_ANGLE_UNIT ( ) );
#1222 = CARTESIAN_POINT ( 'NONE',  ( 3.596456692913386988, -4.742858267086614177, -0.3333333299999999833 ) ) ;
#1223 = ORIENTED_EDGE ( 'NONE', *, *, #188, .T. ) ;
#1224 = FACE_OUTER_BOUND ( 'NONE', #1359, .T. ) ;
#1225 = LINE ( 'NONE', #376, #649 ) ;
#1226 = AXIS2_PLACEMENT_3D ( 'NONE', #1896, #877, #1731 ) ;
#1227 = DIRECTION ( 'NONE',  ( 0.000000000000000000, 0.000000000000000000, 1.000000000000000000 ) ) ;
#1228 = VERTEX_POINT ( 'NONE', #307 ) ;
#1229 = EDGE_CURVE ( 'NONE', #1964, #1589, #969, .T. ) ;
#1230 = CARTESIAN_POINT ( 'NONE',  ( 1.843050676927030729, -4.542858267086613999, -1.843050676927030729 ) ) ;
#1231 = DIRECTION ( 'NONE',  ( -0.5773502691896381656, -0.8164965809277172637, 4.110332742144789912E-15 ) ) ;
#1232 = ORIENTED_EDGE ( 'NONE', *, *, #2076, .F. ) ;
#1233 = DIRECTION ( 'NONE',  ( 0.5773502691896129635, -0.8164965809277350273, 4.615110447320634806E-15 ) ) ;
#1234 = CARTESIAN_POINT ( 'NONE',  ( 0.000000000000000000, -4.542858267086613999, 0.000000000000000000 ) ) ;
#1235 = EDGE_CURVE ( 'NONE', #1570, #895, #1846, .T. ) ;
#1236 = DIRECTION ( 'NONE',  ( -0.7071067811865517916, 8.659560562354985860E-17, 0.7071067811865430208 ) ) ;
#1237 = ORIENTED_EDGE ( 'NONE', *, *, #1925, .F. ) ;
#1238 = UNCERTAINTY_MEASURE_WITH_UNIT (LENGTH_MEASURE( 1.000000000000000082E-05 ), #1188, 'distance_accuracy_value', 'NONE');
#1239 = PRODUCT_RELATED_PRODUCT_CATEGORY ( 'part', '', ( #1077 ) ) ;
#1240 = DIRECTION ( 'NONE',  ( -0.000000000000000000, -0.000000000000000000, 1.000000000000000000 ) ) ;
#1241 = CARTESIAN_POINT ( 'NONE',  ( -2.696443307086613395, -4.492858267086613289, -0.3333333299999999833 ) ) ;
#1242 = DIRECTION ( 'NONE',  ( 9.265548792707385937E-17, -0.7071067811865479058, 0.7071067811865471286 ) ) ;
#1243 = ORIENTED_EDGE ( 'NONE', *, *, #923, .T. ) ;
#1244 = ORIENTED_EDGE ( 'NONE', *, *, #1678, .T. ) ;
#1245 = PLANE ( 'NONE',  #216 ) ;
#1246 = ORIENTED_EDGE ( 'NONE', *, *, #2067, .F. ) ;
#1247 = CARTESIAN_POINT ( 'NONE',  ( -3.411456692913386046, 3.429790026246719137, -0.3270220057259907165 ) ) ;
#1248 = CIRCLE ( 'NONE', #533, 0.1097500000000001114 ) ;
#1249 = ADVANCED_FACE ( 'NONE', ( #1139 ), #1675, .F. ) ;
#1250 = EDGE_CURVE ( 'NONE', #1110, #1895, #1337, .T. ) ;
#1251 = DIRECTION ( 'NONE',  ( 9.265548792707385937E-17, -0.7071067811865479058, -0.7071067811865471286 ) ) ;
#1252 = VECTOR ( 'NONE', #2085, 39.37007874015748143 ) ;
#1253 = ORIENTED_EDGE ( 'NONE', *, *, #1135, .F. ) ;
#1254 = VECTOR ( 'NONE', #1257, 39.37007874015748143 ) ;
#1255 = CARTESIAN_POINT ( 'NONE',  ( 3.304790026246720469, -4.542858267086613999, -0.1666666666666666297 ) ) ;
#1256 = CARTESIAN_POINT ( 'NONE',  ( -3.211456692913384980, -2.687543307086613265, -0.07702200572599235406 ) ) ;
#1257 = DIRECTION ( 'NONE',  ( 0.5773502691896340577, -0.8164965809277201503, 1.320434377983364542E-14 ) ) ;
#1258 = ORIENTED_EDGE ( 'NONE', *, *, #679, .F. ) ;
#1259 = EDGE_CURVE ( 'NONE', #71, #1875, #9, .T. ) ;
#1260 = ORIENTED_EDGE ( 'NONE', *, *, #552, .T. ) ;
#1261 = FACE_OUTER_BOUND ( 'NONE', #1688, .T. ) ;
#1262 = ORIENTED_EDGE ( 'NONE', *, *, #529, .F. ) ;
#1263 = DIRECTION ( 'NONE',  ( -0.000000000000000000, 0.000000000000000000, 1.000000000000000000 ) ) ;
#1264 = DIRECTION ( 'NONE',  ( 1.000000000000000000, 0.000000000000000000, 0.000000000000000000 ) ) ;
#1265 = ORIENTED_EDGE ( 'NONE', *, *, #1383, .F. ) ;
#1266 = VECTOR ( 'NONE', #736, 39.37007874015748143 ) ;
#1267 = DIRECTION ( 'NONE',  ( 1.000000000000000000, 0.000000000000000000, 0.000000000000000000 ) ) ;
#1268 = CARTESIAN_POINT ( 'NONE',  ( -2.046443307086614816, 3.100000000000000089, 0.000000000000000000 ) ) ;
#1269 = ADVANCED_FACE ( 'NONE', ( #684 ), #1700, .T. ) ;
#1270 = DIRECTION ( 'NONE',  ( 0.000000000000000000, 0.7071067811865479058, 0.7071067811865471286 ) ) ;
#1271 = ORIENTED_EDGE ( 'NONE', *, *, #522, .F. ) ;
#1272 = CARTESIAN_POINT ( 'NONE',  ( 3.596456692913386544, 3.596456692913386100, 0.000000000000000000 ) ) ;
#1273 = ORIENTED_EDGE ( 'NONE', *, *, #1408, .T. ) ;
#1274 = VERTEX_POINT ( 'NONE', #194 ) ;
#1275 = CARTESIAN_POINT ( 'NONE',  ( -3.236456692913385780, 3.304790026246719137, -0.1666666666666666297 ) ) ;
#1276 = DIRECTION ( 'NONE',  ( 0.7071067811865480168, 0.000000000000000000, -0.7071067811865469066 ) ) ;
#1277 = LINE ( 'NONE', #738, #1400 ) ;
#1278 = ORIENTED_EDGE ( 'NONE', *, *, #155, .F. ) ;
#1279 = EDGE_CURVE ( 'NONE', #1993, #1787, #1554, .T. ) ;
#1280 = ADVANCED_FACE ( 'NONE', ( #526 ), #1888, .T. ) ;
#1281 = ORIENTED_EDGE ( 'NONE', *, *, #1988, .F. ) ;
#1282 = CARTESIAN_POINT ( 'NONE',  ( -3.386456692913388355, 3.554790026246719137, -0.1666666666666666297 ) ) ;
#1283 = ORIENTED_EDGE ( 'NONE', *, *, #253, .T. ) ;
#1284 = PRODUCT_CONTEXT ( 'NONE', #1926, 'mechanical' ) ;
#1285 = EDGE_CURVE ( 'NONE', #1072, #1002, #868, .T. ) ;
#1286 = EDGE_LOOP ( 'NONE', ( #672, #161, #2164, #1830 ) ) ;
#1287 = VECTOR ( 'NONE', #1085, 39.37007874015748143 ) ;
#1288 = VECTOR ( 'NONE', #413, 39.37007874015748143 ) ;
#1289 = DIRECTION ( 'NONE',  ( 9.265548792707378541E-17, -0.7071067811865473507, -0.7071067811865476838 ) ) ;
#1290 = LINE ( 'NONE', #1650, #612 ) ;
#1291 = CARTESIAN_POINT ( 'NONE',  ( 3.238306692913385909, -3.100000000000000089, 0.000000000000000000 ) ) ;
#1292 = ORIENTED_EDGE ( 'NONE', *, *, #1974, .F. ) ;
#1293 = AXIS2_PLACEMENT_3D ( 'NONE', #1547, #1366, #1850 ) ;
#1294 = AXIS2_PLACEMENT_3D ( 'NONE', #2216, #542, #1890 ) ;
#1295 = ORIENTED_EDGE ( 'NONE', *, *, #703, .T. ) ;
#1296 = FACE_OUTER_BOUND ( 'NONE', #1654, .T. ) ;
#1297 = ORIENTED_EDGE ( 'NONE', *, *, #543, .F. ) ;
#1298 = DIRECTION ( 'NONE',  ( -0.7071067811865474617, 0.000000000000000000, 0.7071067811865474617 ) ) ;
#1299 = VERTEX_POINT ( 'NONE', #705 ) ;
#1300 = CARTESIAN_POINT ( 'NONE',  ( -3.411456692913386046, 3.596456692913386100, 0.000000000000000000 ) ) ;
#1301 = CARTESIAN_POINT ( 'NONE',  ( 3.263306692913386264, -3.100000000000000089, 6.829619984160660511E-17 ) ) ;
#1302 = EDGE_CURVE ( 'NONE', #524, #1566, #1693, .T. ) ;
#1303 = VERTEX_POINT ( 'NONE', #202 ) ;
#1304 = ORIENTED_EDGE ( 'NONE', *, *, #1285, .F. ) ;
#1305 = LINE ( 'NONE', #1346, #142 ) ;
#1306 = ORIENTED_EDGE ( 'NONE', *, *, #928, .T. ) ;
#1307 = CARTESIAN_POINT ( 'NONE',  ( 3.068806692913386591, 3.100000000000000089, -0.3333333299999999833 ) ) ;
#1308 = PLANE ( 'NONE',  #580 ) ;
#1309 = PLANE ( 'NONE',  #1430 ) ;
#1310 = LINE ( 'NONE', #956, #1358 ) ;
#1311 = ORIENTED_EDGE ( 'NONE', *, *, #55, .T. ) ;
#1312 = EDGE_CURVE ( 'NONE', #1787, #456, #2059, .T. ) ;
#1313 = VERTEX_POINT ( 'NONE', #1222 ) ;
#1314 = CYLINDRICAL_SURFACE ( 'NONE', #935, 0.08474999999999996425 ) ;
#1315 = VERTEX_POINT ( 'NONE', #2069 ) ;
#1316 = DIRECTION ( 'NONE',  ( -0.8164965809277253683, 0.5773502691896267303, -3.192919293849363098E-15 ) ) ;
#1317 = CARTESIAN_POINT ( 'NONE',  ( -1.494239349319680610, -4.542858267086613999, 1.494239349319689492 ) ) ;
#1318 = ADVANCED_FACE ( 'NONE', ( #1531 ), #1208, .T. ) ;
#1319 = EDGE_CURVE ( 'NONE', #643, #1843, #180, .T. ) ;
#1320 = DIRECTION ( 'NONE',  ( 9.265548792707384704E-17, -0.7071067811865477948, 0.7071067811865472397 ) ) ;
#1321 = DIRECTION ( 'NONE',  ( 1.310346476547643606E-16, -1.000000000000000000, 0.000000000000000000 ) ) ;
#1322 = ORIENTED_EDGE ( 'NONE', *, *, #1009, .T. ) ;
#1323 = AXIS2_PLACEMENT_3D ( 'NONE', #1194, #143, #1549 ) ;
#1324 = CARTESIAN_POINT ( 'NONE',  ( -3.211456692913384980, -2.687543307086613265, -0.2916666666666667962 ) ) ;
#1325 = CARTESIAN_POINT ( 'NONE',  ( -3.236456692913382671, -2.687543307086613265, -0.04166666666666726804 ) ) ;
#1326 = CIRCLE ( 'NONE', #2044, 0.08474999999999968670 ) ;
#1327 = VECTOR ( 'NONE', #2019, 39.37007874015748143 ) ;
#1328 = AXIS2_PLACEMENT_3D ( 'NONE', #415, #932, #301 ) ;
#1329 = EDGE_LOOP ( 'NONE', ( #1971, #357, #1416, #656 ) ) ;
#1330 = CARTESIAN_POINT ( 'NONE',  ( -3.211456692913384980, -1.382282656406301768, -1.382282656406302879 ) ) ;
#1331 = CARTESIAN_POINT ( 'NONE',  ( -3.236456692913385780, 3.554790026246719137, -0.1666666666666666297 ) ) ;
#1332 = FACE_OUTER_BOUND ( 'NONE', #30, .T. ) ;
#1333 = DIRECTION ( 'NONE',  ( 1.000000000000000000, 0.000000000000000000, 0.000000000000000000 ) ) ;
#1334 = ORIENTED_EDGE ( 'NONE', *, *, #285, .T. ) ;
#1335 = EDGE_LOOP ( 'NONE', ( #349, #1946, #248, #2174 ) ) ;
#1336 = ADVANCED_FACE ( 'NONE', ( #360 ), #338, .F. ) ;
#1337 = LINE ( 'NONE', #1855, #1436 ) ;
#1338 = AXIS2_PLACEMENT_3D ( 'NONE', #1553, #525, #1345 ) ;
#1339 = ORIENTED_EDGE ( 'NONE', *, *, #773, .T. ) ;
#1340 = LINE ( 'NONE', #1004, #1399 ) ;
#1341 = CARTESIAN_POINT ( 'NONE',  ( -3.411456692913386046, 3.596456692913386100, -0.3333333299999999833 ) ) ;
#1342 = CARTESIAN_POINT ( 'NONE',  ( -3.244790026246718639, -4.542858267086613999, -0.2916666666666664631 ) ) ;
#1343 = CARTESIAN_POINT ( 'NONE',  ( 3.429790026246720025, -4.567858267086611690, -0.04166666666666671986 ) ) ;
#1344 = ORIENTED_EDGE ( 'NONE', *, *, #1125, .T. ) ;
#1345 = DIRECTION ( 'NONE',  ( 1.000000000000000000, 0.000000000000000000, 0.000000000000000000 ) ) ;
#1346 = CARTESIAN_POINT ( 'NONE',  ( -3.211456692913386313, 1.753406015986357369, -1.753406015986356481 ) ) ;
#1347 = EDGE_CURVE ( 'NONE', #990, #1072, #1732, .T. ) ;
#1348 = ADVANCED_FACE ( 'NONE', ( #1909 ), #1050, .F. ) ;
#1349 = ORIENTED_EDGE ( 'NONE', *, *, #1884, .F. ) ;
#1350 = PLANE ( 'NONE',  #790 ) ;
#1351 = CARTESIAN_POINT ( 'NONE',  ( -2.946443307086613839, -3.100000000000000089, 6.829619984160660511E-17 ) ) ;
#1352 = PLANE ( 'NONE',  #1978 ) ;
#1353 = CARTESIAN_POINT ( 'NONE',  ( -3.236456692913382671, -2.687543307086613265, -0.04166666666666726804 ) ) ;
#1354 = VERTEX_POINT ( 'NONE', #160 ) ;
#1355 = LENGTH_MEASURE_WITH_UNIT ( LENGTH_MEASURE( 0.02539999999999999897 ), #1708 );
#1356 = LINE ( 'NONE', #505, #675 ) ;
#1357 = VECTOR ( 'NONE', #1251, 39.37007874015748143 ) ;
#1358 = VECTOR ( 'NONE', #1638, 39.37007874015748854 ) ;
#1359 = EDGE_LOOP ( 'NONE', ( #833, #1304, #1283, #2115 ) ) ;
#1360 = VECTOR ( 'NONE', #657, 39.37007874015748854 ) ;
#1361 = FACE_OUTER_BOUND ( 'NONE', #491, .T. ) ;
#1362 = AXIS2_PLACEMENT_3D ( 'NONE', #701, #502, #2056 ) ;
#1363 = VECTOR ( 'NONE', #2004, 39.37007874015748143 ) ;
#1364 = VECTOR ( 'NONE', #780, 39.37007874015748143 ) ;
#1365 = EDGE_CURVE ( 'NONE', #1814, #2083, #854, .T. ) ;
#1366 = DIRECTION ( 'NONE',  ( -0.5000000000000022204, 0.7071067811865435759, 0.5000000000000034417 ) ) ;
#1367 = LINE ( 'NONE', #2055, #496 ) ;
#1368 = EDGE_CURVE ( 'NONE', #685, #630, #1574, .T. ) ;
#1369 = CARTESIAN_POINT ( 'NONE',  ( -3.369790026246718195, -4.542858267086613999, -0.1666666666666666574 ) ) ;
#1370 = ORIENTED_EDGE ( 'NONE', *, *, #403, .F. ) ;
#1371 = CARTESIAN_POINT ( 'NONE',  ( -3.244790026246718639, -4.742858267086614177, -0.3270220057259949908 ) ) ;
#1372 = DIRECTION ( 'NONE',  ( -0.5000000000000008882, -0.7071067811865443531, 0.5000000000000037748 ) ) ;
#1373 = EDGE_LOOP ( 'NONE', ( #933, #852, #779, #207 ) ) ;
#1374 = DIRECTION ( 'NONE',  ( -0.000000000000000000, -0.000000000000000000, 1.000000000000000000 ) ) ;
#1375 = VECTOR ( 'NONE', #2110, 39.37007874015748854 ) ;
#1376 = LINE ( 'NONE', #2063, #1472 ) ;
#1377 = EDGE_CURVE ( 'NONE', #461, #752, #718, .T. ) ;
#1378 = CARTESIAN_POINT ( 'NONE',  ( -2.167400902569367904, -3.717640764109404916, -0.1666666666666616892 ) ) ;
#1379 = CARTESIAN_POINT ( 'NONE',  ( -3.244790026246718639, -4.542858267086613999, -0.2563113276073377689 ) ) ;
#1380 = ORIENTED_EDGE ( 'NONE', *, *, #1312, .T. ) ;
#1381 = DIRECTION ( 'NONE',  ( -9.265548792707388402E-17, 0.7071067811865480168, 0.7071067811865469066 ) ) ;
#1382 = CARTESIAN_POINT ( 'NONE',  ( -3.411456692913386046, 3.596456692913386100, -0.3333333299999999833 ) ) ;
#1383 = EDGE_CURVE ( 'NONE', #1200, #266, #1356, .T. ) ;
#1384 = ORIENTED_EDGE ( 'NONE', *, *, #667, .T. ) ;
#1385 = CARTESIAN_POINT ( 'NONE',  ( 2.903556692913386694, -4.492858267086613289, -0.3333333299999999833 ) ) ;
#1386 = EDGE_CURVE ( 'NONE', #412, #200, #1968, .T. ) ;
#1387 = LINE ( 'NONE', #699, #500 ) ;
#1388 = DIRECTION ( 'NONE',  ( 0.000000000000000000, -0.7071067811865476838, 0.7071067811865473507 ) ) ;
#1389 = LINE ( 'NONE', #1698, #323 ) ;
#1390 = ORIENTED_EDGE ( 'NONE', *, *, #1312, .F. ) ;
#1391 = CARTESIAN_POINT ( 'NONE',  ( 3.068806692913386591, 3.100000000000000089, 0.000000000000000000 ) ) ;
#1392 = DIRECTION ( 'NONE',  ( -0.7071067811865495711, 0.000000000000000000, -0.7071067811865454633 ) ) ;
#1393 = ORIENTED_EDGE ( 'NONE', *, *, #1229, .T. ) ;
#1394 = CARTESIAN_POINT ( 'NONE',  ( -3.386456692913388355, 3.429790026246719137, -0.2916666666666664631 ) ) ;
#1395 = VECTOR ( 'NONE', #538, 39.37007874015748854 ) ;
#1396 = VECTOR ( 'NONE', #23, 39.37007874015748143 ) ;
#1397 = VECTOR ( 'NONE', #1169, 39.37007874015748143 ) ;
#1398 = CARTESIAN_POINT ( 'NONE',  ( 1.676384010260364432, -4.542858267086613999, 1.676384010260364432 ) ) ;
#1399 = VECTOR ( 'NONE', #1668, 39.37007874015748143 ) ;
#1400 = VECTOR ( 'NONE', #262, 39.37007874015748143 ) ;
#1401 = VECTOR ( 'NONE', #695, 39.37007874015748143 ) ;
#1402 = CARTESIAN_POINT ( 'NONE',  ( -2.696443307086613395, -4.492858267086613289, 0.000000000000000000 ) ) ;
#1403 = ORIENTED_EDGE ( 'NONE', *, *, #1229, .F. ) ;
#1404 = CARTESIAN_POINT ( 'NONE',  ( 1.843050676927030729, -4.542858267086613999, -1.843050676927030729 ) ) ;
#1405 = DIRECTION ( 'NONE',  ( 1.000000000000000000, 0.000000000000000000, 0.000000000000000000 ) ) ;
#1406 = VERTEX_POINT ( 'NONE', #1606 ) ;
#1407 = CARTESIAN_POINT ( 'NONE',  ( -3.211456692913386313, 3.429790026246719581, -0.2563113276073403779 ) ) ;
#1408 = EDGE_CURVE ( 'NONE', #1177, #219, #1105, .T. ) ;
#1409 = PLANE ( 'NONE',  #33 ) ;
#1410 = PRESENTATION_LAYER_ASSIGNMENT (  '', '', ( #1844 ) ) ;
#1411 = DIRECTION ( 'NONE',  ( 1.000000000000000000, 6.551732382738218029E-17, -0.000000000000000000 ) ) ;
#1412 = FACE_OUTER_BOUND ( 'NONE', #1119, .T. ) ;
#1413 = DIRECTION ( 'NONE',  ( -0.000000000000000000, -0.000000000000000000, 1.000000000000000000 ) ) ;
#1414 = CARTESIAN_POINT ( 'NONE',  ( -3.211456692913386313, 3.429790026246719137, -0.2916666666666664631 ) ) ;
#1415 = ORIENTED_EDGE ( 'NONE', *, *, #127, .T. ) ;
#1416 = ORIENTED_EDGE ( 'NONE', *, *, #1383, .T. ) ;
#1417 = DIRECTION ( 'NONE',  ( -0.7071067811865461294, -0.7071067811865489050, 0.000000000000000000 ) ) ;
#1418 = EDGE_CURVE ( 'NONE', #1570, #561, #245, .T. ) ;
#1419 = ORIENTED_EDGE ( 'NONE', *, *, #2114, .T. ) ;
#1420 = PLANE ( 'NONE',  #108 ) ;
#1421 = CARTESIAN_POINT ( 'NONE',  ( -2.946443307086613839, -3.100000000000000089, 6.829619984160660511E-17 ) ) ;
#1422 = ORIENTED_EDGE ( 'NONE', *, *, #1552, .F. ) ;
#1423 = CARTESIAN_POINT ( 'NONE',  ( -3.155145365306046834, -4.542858267086613999, -0.1666666666666666852 ) ) ;
#1424 = LINE ( 'NONE', #2111, #1899 ) ;
#1425 = DIRECTION ( 'NONE',  ( -0.5773502691896142958, -2.147308333128334104E-15, 0.8164965809277340281 ) ) ;
#1426 = EDGE_LOOP ( 'NONE', ( #1306, #2135 ) ) ;
#1427 = LINE ( 'NONE', #396, #2084 ) ;
#1428 = ORIENTED_EDGE ( 'NONE', *, *, #1259, .F. ) ;
#1429 = PLANE ( 'NONE',  #1141 ) ;
#1430 = AXIS2_PLACEMENT_3D ( 'NONE', #1637, #606, #2010 ) ;
#1431 = EDGE_CURVE ( 'NONE', #2035, #512, #1760, .T. ) ;
#1432 = CARTESIAN_POINT ( 'NONE',  ( -3.244790026246718639, -4.567858267086614354, -0.2916666666666664631 ) ) ;
#1433 = VECTOR ( 'NONE', #1442, 39.37007874015748854 ) ;
#1434 = ORIENTED_EDGE ( 'NONE', *, *, #192, .T. ) ;
#1435 = VECTOR ( 'NONE', #1924, 39.37007874015748143 ) ;
#1436 = VECTOR ( 'NONE', #371, 39.37007874015748854 ) ;
#1437 = DIRECTION ( 'NONE',  ( -0.7071067811865461294, -0.7071067811865489050, -0.000000000000000000 ) ) ;
#1438 = DIRECTION ( 'NONE',  ( -0.7071067811865474617, 0.000000000000000000, 0.7071067811865474617 ) ) ;
#1439 = PRODUCT_DEFINITION_FORMATION_WITH_SPECIFIED_SOURCE ( 'ANY', '', #1077, .NOT_KNOWN. ) ;
#1440 = PLANE ( 'NONE',  #1328 ) ;
#1441 = EDGE_LOOP ( 'NONE', ( #967, #1676, #743, #473 ) ) ;
#1442 = DIRECTION ( 'NONE',  ( 0.7071067811865474617, 0.000000000000000000, -0.7071067811865474617 ) ) ;
#1443 = ORIENTED_EDGE ( 'NONE', *, *, #1031, .F. ) ;
#1444 = FACE_OUTER_BOUND ( 'NONE', #950, .T. ) ;
#1445 = EDGE_CURVE ( 'NONE', #379, #792, #1862, .T. ) ;
#1446 = EDGE_LOOP ( 'NONE', ( #327, #713, #1632, #423 ) ) ;
#1447 = AXIS2_PLACEMENT_3D ( 'NONE', #167, #159, #1381 ) ;
#1448 = FACE_OUTER_BOUND ( 'NONE', #1604, .T. ) ;
#1449 = LINE ( 'NONE', #1595, #789 ) ;
#1450 = DIRECTION ( 'NONE',  ( -9.299353671878043289E-17, 0.7071067811865476838, 0.7071067811865473507 ) ) ;
#1451 = ORIENTED_EDGE ( 'NONE', *, *, #2109, .F. ) ;
#1452 = VERTEX_POINT ( 'NONE', #1256 ) ;
#1453 = ADVANCED_FACE ( 'NONE', ( #772 ), #1791, .F. ) ;
#1454 = CARTESIAN_POINT ( 'NONE',  ( 1.753406015986355593, -4.542858267086613999, -1.753406015986355593 ) ) ;
#1455 = ORIENTED_EDGE ( 'NONE', *, *, #1721, .F. ) ;
#1456 = CARTESIAN_POINT ( 'NONE',  ( -3.211456692913384980, -1.471927317346976016, -1.471927317346977793 ) ) ;
#1457 = ORIENTED_EDGE ( 'NONE', *, *, #2109, .T. ) ;
#1458 = DIRECTION ( 'NONE',  ( 0.7071067811865474617, 0.000000000000000000, -0.7071067811865474617 ) ) ;
#1459 = CARTESIAN_POINT ( 'NONE',  ( 3.153556692913386250, 3.100000000000000089, -0.02500000000000003955 ) ) ;
#1460 = DIRECTION ( 'NONE',  ( 0.000000000000000000, -0.7071067811865473507, -0.7071067811865476838 ) ) ;
#1461 = ORIENTED_EDGE ( 'NONE', *, *, #118, .T. ) ;
#1462 = VERTEX_POINT ( 'NONE', #946 ) ;
#1463 = CARTESIAN_POINT ( 'NONE',  ( 3.238306692913385909, 3.100000000000000089, -0.3333333299999999833 ) ) ;
#1464 = ORIENTED_EDGE ( 'NONE', *, *, #1835, .T. ) ;
#1465 = EDGE_CURVE ( 'NONE', #302, #2035, #63, .T. ) ;
#1466 = CONICAL_SURFACE ( 'NONE', #1790, 0.1097500000000001114, 0.7853981633974544962 ) ;
#1467 = VECTOR ( 'NONE', #1818, 39.37007874015748854 ) ;
#1468 = VECTOR ( 'NONE', #1849, 39.37007874015748854 ) ;
#1469 = CARTESIAN_POINT ( 'NONE',  ( -2.156193307086614830, 3.100000000000000089, 6.829619984160660511E-17 ) ) ;
#1470 = LINE ( 'NONE', #1829, #574 ) ;
#1471 = ORIENTED_EDGE ( 'NONE', *, *, #1678, .F. ) ;
#1472 = VECTOR ( 'NONE', #519, 39.37007874015748143 ) ;
#1473 = VECTOR ( 'NONE', #984, 39.37007874015748143 ) ;
#1474 = EDGE_LOOP ( 'NONE', ( #298, #948, #2102, #101 ) ) ;
#1475 = VECTOR ( 'NONE', #2225, 39.37007874015748854 ) ;
#1476 = CARTESIAN_POINT ( 'NONE',  ( -2.946443307086613839, -3.100000000000000089, 6.829619984160660511E-17 ) ) ;
#1477 = EDGE_CURVE ( 'NONE', #512, #1124, #750, .T. ) ;
#1478 = ORIENTED_EDGE ( 'NONE', *, *, #1973, .F. ) ;
#1479 = FACE_OUTER_BOUND ( 'NONE', #131, .T. ) ;
#1480 = PLANE ( 'NONE',  #1183 ) ;
#1481 = ADVANCED_FACE ( 'NONE', ( #587 ), #1588, .F. ) ;
#1482 = ORIENTED_EDGE ( 'NONE', *, *, #346, .T. ) ;
#1483 = CARTESIAN_POINT ( 'NONE',  ( -1.299986614173230803, 3.346456692913386100, -0.3333333299999999833 ) ) ;
#1484 = CARTESIAN_POINT ( 'NONE',  ( 3.153556692913386250, -3.100000000000000089, -0.3333333299999999833 ) ) ;
#1485 = ORIENTED_EDGE ( 'NONE', *, *, #458, .T. ) ;
#1486 = EDGE_LOOP ( 'NONE', ( #60, #1742, #2027, #766 ) ) ;
#1487 = DIRECTION ( 'NONE',  ( -0.000000000000000000, -0.000000000000000000, 1.000000000000000000 ) ) ;
#1488 = ORIENTED_EDGE ( 'NONE', *, *, #417, .T. ) ;
#1489 = CARTESIAN_POINT ( 'NONE',  ( -2.131193307086614475, 3.100000000000000089, 0.000000000000000000 ) ) ;
#1490 = EDGE_CURVE ( 'NONE', #2083, #1128, #1959, .T. ) ;
#1491 = EDGE_CURVE ( 'NONE', #1764, #170, #907, .T. ) ;
#1492 =( NAMED_UNIT ( * ) PLANE_ANGLE_UNIT ( ) SI_UNIT ( $, .RADIAN. ) );
#1493 = CARTESIAN_POINT ( 'NONE',  ( 3.429790026246720025, -4.542858267086613999, -0.04166666666666671986 ) ) ;
#1494 = CARTESIAN_POINT ( 'NONE',  ( -3.411456692913386046, 3.590145365306043335, -0.1666666666666666852 ) ) ;
#1495 = ORIENTED_EDGE ( 'NONE', *, *, #2131, .T. ) ;
#1496 = EDGE_CURVE ( 'NONE', #1076, #757, #710, .T. ) ;
#1497 = EDGE_LOOP ( 'NONE', ( #195, #1148, #1237, #1819 ) ) ;
#1498 = DIRECTION ( 'NONE',  ( 0.7071067811865495711, 0.000000000000000000, 0.7071067811865454633 ) ) ;
#1499 = ORIENTED_EDGE ( 'NONE', *, *, #848, .F. ) ;
#1500 = LINE ( 'NONE', #1330, #1327 ) ;
#1501 = LINE ( 'NONE', #1331, #147 ) ;
#1502 = EDGE_LOOP ( 'NONE', ( #1190, #1349, #999, #1311 ) ) ;
#1503 = EDGE_CURVE ( 'NONE', #1354, #595, #762, .T. ) ;
#1504 = DIRECTION ( 'NONE',  ( 0.000000000000000000, 0.7071067811865477948, -0.7071067811865472397 ) ) ;
#1505 = FACE_BOUND ( 'NONE', #1801, .T. ) ;
#1506 = ORIENTED_EDGE ( 'NONE', *, *, #1679, .F. ) ;
#1507 = VECTOR ( 'NONE', #1917, 39.37007874015748854 ) ;
#1508 = ORIENTED_EDGE ( 'NONE', *, *, #1948, .F. ) ;
#1509 = LINE ( 'NONE', #100, #754 ) ;
#1510 = VECTOR ( 'NONE', #888, 39.37007874015748143 ) ;
#1511 = AXIS2_PLACEMENT_3D ( 'NONE', #1476, #1487, #623 ) ;
#1512 = VECTOR ( 'NONE', #808, 39.37007874015748854 ) ;
#1513 = EDGE_LOOP ( 'NONE', ( #1133, #2192 ) ) ;
#1514 = CARTESIAN_POINT ( 'NONE',  ( -1.750550676927034033, -4.542858267086613999, -1.750550676927027594 ) ) ;
#1515 = CARTESIAN_POINT ( 'NONE',  ( 3.153556692913386250, 3.100000000000000089, -0.02500000000000003955 ) ) ;
#1516 = DIRECTION ( 'NONE',  ( 9.265548792707385937E-17, -0.7071067811865479058, -0.7071067811865471286 ) ) ;
#1517 = DIRECTION ( 'NONE',  ( -0.7071067811865474617, 0.000000000000000000, 0.7071067811865474617 ) ) ;
#1518 = EDGE_CURVE ( 'NONE', #1110, #170, #76, .T. ) ;
#1519 = EDGE_CURVE ( 'NONE', #731, #1315, #1449, .T. ) ;
#1520 = VERTEX_POINT ( 'NONE', #1629 ) ;
#1521 = PLANE ( 'NONE',  #1447 ) ;
#1522 = CARTESIAN_POINT ( 'NONE',  ( -3.211456692913384980, -2.777187968027288179, -0.1666666666666671015 ) ) ;
#1523 = COLOUR_RGB ( '',0.7921568627450980005, 0.8196078431372548767, 0.9333333333333333481 ) ;
#1524 = ORIENTED_EDGE ( 'NONE', *, *, #1532, .T. ) ;
#1525 = CARTESIAN_POINT ( 'NONE',  ( -3.236456692913382671, -2.562543307086613709, -0.1666666666666670737 ) ) ;
#1526 = CARTESIAN_POINT ( 'NONE',  ( -3.369790026246718195, -4.567858267086614354, -0.1666666666666666574 ) ) ;
#1527 = CARTESIAN_POINT ( 'NONE',  ( -3.411456692913386046, 3.596456692913386100, -0.3333333299999999833 ) ) ;
#1528 = LINE ( 'NONE', #1729, #2158 ) ;
#1529 = ORIENTED_EDGE ( 'NONE', *, *, #1491, .F. ) ;
#1530 = CARTESIAN_POINT ( 'NONE',  ( -3.959452795499701860, 2.282319132426272379, -0.1666666666666556940 ) ) ;
#1531 = FACE_OUTER_BOUND ( 'NONE', #1090, .T. ) ;
#1532 = EDGE_CURVE ( 'NONE', #1303, #1987, #1326, .T. ) ;
#1533 = EDGE_LOOP ( 'NONE', ( #388, #427, #2003, #122 ) ) ;
#1534 = FACE_BOUND ( 'NONE', #462, .T. ) ;
#1535 = PLANE ( 'NONE',  #1293 ) ;
#1536 = LINE ( 'NONE', #996, #1540 ) ;
#1537 = DIRECTION ( 'NONE',  ( 1.000000000000000000, 0.000000000000000000, 0.000000000000000000 ) ) ;
#1538 = ORIENTED_EDGE ( 'NONE', *, *, #1477, .F. ) ;
#1539 = CARTESIAN_POINT ( 'NONE',  ( -3.244790026246718639, -4.717858267086612933, -0.2916666666666664631 ) ) ;
#1540 = VECTOR ( 'NONE', #1388, 39.37007874015748143 ) ;
#1541 = VECTOR ( 'NONE', #782, 39.37007874015748143 ) ;
#1542 = ORIENTED_EDGE ( 'NONE', *, *, #716, .F. ) ;
#1543 = VECTOR ( 'NONE', #1075, 39.37007874015748854 ) ;
#1544 = CARTESIAN_POINT ( 'NONE',  ( 3.429790026246720025, -4.717858267086612933, -0.2916666666666665186 ) ) ;
#1545 = AXIS2_PLACEMENT_3D ( 'NONE', #226, #726, #440 ) ;
#1546 = AXIS2_PLACEMENT_3D ( 'NONE', #1744, #1263, #384 ) ;
#1547 = CARTESIAN_POINT ( 'NONE',  ( -1.583884010260357522, -4.542858267086613999, 1.583884010260361297 ) ) ;
#1548 = EDGE_CURVE ( 'NONE', #1820, #685, #1620, .T. ) ;
#1549 = DIRECTION ( 'NONE',  ( -0.7071067811865462405, 0.000000000000000000, 0.7071067811865487940 ) ) ;
#1550 = CARTESIAN_POINT ( 'NONE',  ( -3.411456692913386046, 3.596456692913386100, -0.3333333299999999833 ) ) ;
#1551 = VERTEX_POINT ( 'NONE', #50 ) ;
#1552 = EDGE_CURVE ( 'NONE', #1002, #1970, #1424, .T. ) ;
#1553 = CARTESIAN_POINT ( 'NONE',  ( 3.153556692913386250, -3.100000000000000089, 0.000000000000000000 ) ) ;
#1554 = LINE ( 'NONE', #1189, #1401 ) ;
#1555 = ORIENTED_EDGE ( 'NONE', *, *, #44, .F. ) ;
#1556 = DIRECTION ( 'NONE',  ( 9.299353671878043289E-17, -0.7071067811865476838, 0.7071067811865473507 ) ) ;
#1557 = AXIS2_PLACEMENT_3D ( 'NONE', #1138, #1834, #641 ) ;
#1558 = EDGE_CURVE ( 'NONE', #895, #643, #235, .T. ) ;
#1559 = CARTESIAN_POINT ( 'NONE',  ( -3.236456692913382671, -2.687543307086613265, -0.2916666666666667962 ) ) ;
#1560 = DIRECTION ( 'NONE',  ( 0.000000000000000000, 0.7071067811865479058, 0.7071067811865471286 ) ) ;
#1561 = PLANE ( 'NONE',  #1939 ) ;
#1562 = ORIENTED_EDGE ( 'NONE', *, *, #485, .F. ) ;
#1563 = FILL_AREA_STYLE ('',( #1173 ) ) ;
#1564 = DIRECTION ( 'NONE',  ( -6.969608971200879162E-17, 1.000000000000000000, -0.000000000000000000 ) ) ;
#1565 = ADVANCED_FACE ( 'NONE', ( #652, #438, #818, #1505, #832, #2191 ), #607, .T. ) ;
#1566 = VERTEX_POINT ( 'NONE', #1301 ) ;
#1567 = DIRECTION ( 'NONE',  ( -0.5773502691896321704, -1.346073880468487108E-14, 0.8164965809277215936 ) ) ;
#1568 = DIRECTION ( 'NONE',  ( 0.000000000000000000, -0.000000000000000000, -1.000000000000000000 ) ) ;
#1569 = CARTESIAN_POINT ( 'NONE',  ( -1.796443307086614594, 2.850000000000000533, -0.3333333299999999833 ) ) ;
#1570 = VERTEX_POINT ( 'NONE', #1992 ) ;
#1571 = EDGE_CURVE ( 'NONE', #2092, #803, #320, .T. ) ;
#1572 = EDGE_CURVE ( 'NONE', #702, #2105, #472, .T. ) ;
#1573 = CARTESIAN_POINT ( 'NONE',  ( 3.572467695776383678, -4.742858267086614177, -0.1489889971370028099 ) ) ;
#1574 = LINE ( 'NONE', #548, #536 ) ;
#1575 = ORIENTED_EDGE ( 'NONE', *, *, #2114, .F. ) ;
#1576 = DIRECTION ( 'NONE',  ( -0.7071067811865474617, 0.000000000000000000, 0.7071067811865474617 ) ) ;
#1577 = AXIS2_PLACEMENT_3D ( 'NONE', #1741, #168, #1405 ) ;
#1578 = AXIS2_PLACEMENT_3D ( 'NONE', #2161, #1809, #189 ) ;
#1579 = AXIS2_PLACEMENT_3D ( 'NONE', #1369, #511, #841 ) ;
#1580 = FACE_OUTER_BOUND ( 'NONE', #306, .T. ) ;
#1581 = VECTOR ( 'NONE', #265, 39.37007874015748854 ) ;
#1582 = VECTOR ( 'NONE', #544, 39.37007874015748854 ) ;
#1583 = DIRECTION ( 'NONE',  ( 0.000000000000000000, -0.000000000000000000, -1.000000000000000000 ) ) ;
#1584 = EDGE_LOOP ( 'NONE', ( #436, #1107, #1051, #1598 ) ) ;
#1585 = EDGE_CURVE ( 'NONE', #1910, #1041, #460, .T. ) ;
#1586 = CARTESIAN_POINT ( 'NONE',  ( -3.031193307086613498, -3.100000000000000089, -0.02500000000000003955 ) ) ;
#1587 = EDGE_CURVE ( 'NONE', #630, #1758, #1290, .T. ) ;
#1588 = CYLINDRICAL_SURFACE ( 'NONE', #1977, 0.08474999999999996425 ) ;
#1589 = VERTEX_POINT ( 'NONE', #1982 ) ;
#1590 = PLANE ( 'NONE',  #213 ) ;
#1591 = ORIENTED_EDGE ( 'NONE', *, *, #186, .F. ) ;
#1592 = DIRECTION ( 'NONE',  ( 0.8164965809277257014, -0.5773502691896260641, -3.136832882163177305E-15 ) ) ;
#1593 = DIRECTION ( 'NONE',  ( 1.310346476547643606E-16, -1.000000000000000000, 0.000000000000000000 ) ) ;
#1594 = CARTESIAN_POINT ( 'NONE',  ( -2.946443307086613839, -3.100000000000000089, -0.3333333299999999833 ) ) ;
#1595 = CARTESIAN_POINT ( 'NONE',  ( -3.244790026246718195, -4.717858267086612933, -0.04166666666666703212 ) ) ;
#1596 = CARTESIAN_POINT ( 'NONE',  ( -2.596150921372047726, -2.687543307086610600, -0.9471957728462189197 ) ) ;
#1597 = ORIENTED_EDGE ( 'NONE', *, *, #518, .T. ) ;
#1598 = ORIENTED_EDGE ( 'NONE', *, *, #56, .F. ) ;
#1599 = DIRECTION ( 'NONE',  ( -0.7071067811865500152, -0.4999999999999982236, 0.4999999999999983347 ) ) ;
#1600 = ADVANCED_FACE ( 'NONE', ( #1852 ), #2023, .T. ) ;
#1601 = ORIENTED_EDGE ( 'NONE', *, *, #565, .F. ) ;
#1602 = CARTESIAN_POINT ( 'NONE',  ( -3.211456692913384980, -2.562543307086613709, -0.1666666666666670737 ) ) ;
#1603 = DIRECTION ( 'NONE',  ( -0.7071067811865483499, 0.000000000000000000, -0.7071067811865466846 ) ) ;
#1604 = EDGE_LOOP ( 'NONE', ( #727, #527, #1955, #114 ) ) ;
#1605 = DIRECTION ( 'NONE',  ( 1.000000000000000000, 0.000000000000000000, 0.000000000000000000 ) ) ;
#1606 = CARTESIAN_POINT ( 'NONE',  ( -3.386456692913388355, 3.554790026246719137, -0.1666666666666666297 ) ) ;
#1607 = LINE ( 'NONE', #1786, #1254 ) ;
#1608 = EDGE_LOOP ( 'NONE', ( #2089, #112 ) ) ;
#1609 = ORIENTED_EDGE ( 'NONE', *, *, #1408, .F. ) ;
#1610 = CARTESIAN_POINT ( 'NONE',  ( -3.386456692913388355, 3.429790026246719137, -0.2916666666666664631 ) ) ;
#1611 = EDGE_CURVE ( 'NONE', #1124, #1722, #1310, .T. ) ;
#1612 = ORIENTED_EDGE ( 'NONE', *, *, #127, .F. ) ;
#1613 = CIRCLE ( 'NONE', #784, 0.1097500000000001114 ) ;
#1614 = VECTOR ( 'NONE', #1944, 39.37007874015748143 ) ;
#1615 = AXIS2_PLACEMENT_3D ( 'NONE', #54, #2104, #1986 ) ;
#1616 = EDGE_LOOP ( 'NONE', ( #800, #1529, #1643, #2005 ) ) ;
#1617 = VECTOR ( 'NONE', #995, 39.37007874015748143 ) ;
#1618 = EDGE_CURVE ( 'NONE', #2132, #1722, #639, .T. ) ;
#1619 = DIRECTION ( 'NONE',  ( -0.000000000000000000, -0.000000000000000000, 1.000000000000000000 ) ) ;
#1620 = LINE ( 'NONE', #598, #1212 ) ;
#1621 = DIRECTION ( 'NONE',  ( 0.000000000000000000, 0.000000000000000000, 1.000000000000000000 ) ) ;
#1622 = EDGE_CURVE ( 'NONE', #441, #702, #1672, .T. ) ;
#1623 = ORIENTED_EDGE ( 'NONE', *, *, #915, .T. ) ;
#1624 = CARTESIAN_POINT ( 'NONE',  ( -3.056193307086613853, -3.100000000000000089, 6.829619984160660511E-17 ) ) ;
#1625 = ORIENTED_EDGE ( 'NONE', *, *, #1235, .T. ) ;
#1626 = DIRECTION ( 'NONE',  ( 0.7071067811865495711, 0.000000000000000000, 0.7071067811865454633 ) ) ;
#1627 = VECTOR ( 'NONE', #123, 39.37007874015748143 ) ;
#1628 = CARTESIAN_POINT ( 'NONE',  ( -3.386456692913388355, 3.429790026246719137, -0.04166666666666665741 ) ) ;
#1629 = CARTESIAN_POINT ( 'NONE',  ( -3.386456692913388355, 3.429790026246719137, -0.2916666666666664631 ) ) ;
#1630 = CARTESIAN_POINT ( 'NONE',  ( 3.554790026246720025, -4.717858267086612933, -0.1666666666666666297 ) ) ;
#1631 = ORIENTED_EDGE ( 'NONE', *, *, #1989, .F. ) ;
#1632 = ORIENTED_EDGE ( 'NONE', *, *, #820, .F. ) ;
#1633 = DIRECTION ( 'NONE',  ( -0.5773502691896139627, -0.8164965809277343611, 2.247462639710825244E-15 ) ) ;
#1634 = EDGE_CURVE ( 'NONE', #1843, #2119, #110, .T. ) ;
#1635 = VERTEX_POINT ( 'NONE', #1494 ) ;
#1636 = FACE_OUTER_BOUND ( 'NONE', #2070, .T. ) ;
#1637 = CARTESIAN_POINT ( 'NONE',  ( 3.304790026246720469, -4.717858267086612933, -0.1666666666666666297 ) ) ;
#1638 = DIRECTION ( 'NONE',  ( 0.7071067811865474617, 0.000000000000000000, 0.7071067811865474617 ) ) ;
#1639 = ORIENTED_EDGE ( 'NONE', *, *, #353, .T. ) ;
#1640 = EDGE_CURVE ( 'NONE', #2035, #1910, #1136, .T. ) ;
#1641 = EDGE_LOOP ( 'NONE', ( #57, #796, #1384, #166 ) ) ;
#1642 = CARTESIAN_POINT ( 'NONE',  ( 3.304790026246720469, -4.717858267086612933, -0.1666666666666666297 ) ) ;
#1643 = ORIENTED_EDGE ( 'NONE', *, *, #1761, .T. ) ;
#1644 = CARTESIAN_POINT ( 'NONE',  ( -2.696443307086614727, 2.850000000000000533, 0.000000000000000000 ) ) ;
#1645 = DIRECTION ( 'NONE',  ( 0.7071067811865359154, 0.5000000000000084377, 0.5000000000000082157 ) ) ;
#1646 = VECTOR ( 'NONE', #401, 39.37007874015748143 ) ;
#1647 = ORIENTED_EDGE ( 'NONE', *, *, #584, .T. ) ;
#1648 = VECTOR ( 'NONE', #698, 39.37007874015748854 ) ;
#1649 = DIRECTION ( 'NONE',  ( -1.000000000000000000, -0.000000000000000000, -0.000000000000000000 ) ) ;
#1650 = CARTESIAN_POINT ( 'NONE',  ( -3.244790026246715531, -3.717640764109410689, 0.9107224570106828843 ) ) ;
#1651 = ORIENTED_EDGE ( 'NONE', *, *, #1669, .F. ) ;
#1652 = VECTOR ( 'NONE', #859, 39.37007874015748143 ) ;
#1653 = EDGE_CURVE ( 'NONE', #1143, #1002, #1470, .T. ) ;
#1654 = EDGE_LOOP ( 'NONE', ( #1457, #1542, #1961, #258 ) ) ;
#1655 = CARTESIAN_POINT ( 'NONE',  ( -2.342634271763003984, 2.290734235902733396, -0.1666666666666657970 ) ) ;
#1656 = EDGE_LOOP ( 'NONE', ( #621, #1856, #869, #369 ) ) ;
#1657 = DIRECTION ( 'NONE',  ( -0.7071067811865517916, 8.659560562354985860E-17, 0.7071067811865430208 ) ) ;
#1658 = CARTESIAN_POINT ( 'NONE',  ( -3.211456692913386313, 1.676384010260363988, 1.676384010260363100 ) ) ;
#1659 = EDGE_CURVE ( 'NONE', #1985, #42, #1161, .T. ) ;
#1660 = EDGE_LOOP ( 'NONE', ( #693, #2043, #1485, #1647 ) ) ;
#1661 = DIRECTION ( 'NONE',  ( -1.000000000000000000, -1.315127208407396470E-16, -0.000000000000000000 ) ) ;
#1662 = DIRECTION ( 'NONE',  ( -0.5000000000000109912, -0.7071067811865321406, 0.5000000000000109912 ) ) ;
#1663 = ORIENTED_EDGE ( 'NONE', *, *, #1634, .F. ) ;
#1664 = VECTOR ( 'NONE', #1605, 39.37007874015748143 ) ;
#1665 = DIRECTION ( 'NONE',  ( -0.000000000000000000, -0.000000000000000000, 1.000000000000000000 ) ) ;
#1666 = CARTESIAN_POINT ( 'NONE',  ( -3.411456692913385158, -2.847898646145941459, -0.1666666666666666574 ) ) ;
#1667 = VERTEX_POINT ( 'NONE', #293 ) ;
#1668 = DIRECTION ( 'NONE',  ( -0.8164965809277155984, 0.5773502691896404970, -4.418808006418804277E-15 ) ) ;
#1669 = EDGE_CURVE ( 'NONE', #1787, #219, #361, .T. ) ;
#1670 = CARTESIAN_POINT ( 'NONE',  ( -1.796443307086614594, 2.850000000000000533, 0.000000000000000000 ) ) ;
#1671 = LINE ( 'NONE', #1469, #1753 ) ;
#1672 = LINE ( 'NONE', #2162, #1936 ) ;
#1673 = EDGE_LOOP ( 'NONE', ( #1812, #282 ) ) ;
#1674 = EDGE_LOOP ( 'NONE', ( #177, #603, #1271, #1853 ) ) ;
#1675 = PLANE ( 'NONE',  #678 ) ;
#1676 = ORIENTED_EDGE ( 'NONE', *, *, #1368, .F. ) ;
#1677 = CARTESIAN_POINT ( 'NONE',  ( 3.238306692913385909, 3.100000000000000089, -0.02500000000000003955 ) ) ;
#1678 = EDGE_CURVE ( 'NONE', #222, #444, #1683, .T. ) ;
#1679 = EDGE_CURVE ( 'NONE', #2143, #1635, #1150, .T. ) ;
#1680 = ADVANCED_FACE ( 'NONE', ( #1738 ), #2220, .F. ) ;
#1681 = CARTESIAN_POINT ( 'NONE',  ( -3.236456692913385780, 3.554790026246719137, -0.1666666666666666297 ) ) ;
#1682 = DIRECTION ( 'NONE',  ( 1.488165994383635919E-16, -1.000000000000000000, 0.000000000000000000 ) ) ;
#1683 = LINE ( 'NONE', #145, #1512 ) ;
#1684 = ORIENTED_EDGE ( 'NONE', *, *, #1735, .F. ) ;
#1685 = EDGE_CURVE ( 'NONE', #2173, #200, #1528, .T. ) ;
#1686 = VECTOR ( 'NONE', #88, 39.37007874015748143 ) ;
#1687 = AXIS2_PLACEMENT_3D ( 'NONE', #1757, #1054, #961 ) ;
#1688 = EDGE_LOOP ( 'NONE', ( #1879, #1754, #601, #1260 ) ) ;
#1689 = CARTESIAN_POINT ( 'NONE',  ( -1.494239349319681054, -4.542858267086613999, 1.494239349319689714 ) ) ;
#1690 = VECTOR ( 'NONE', #815, 39.37007874015748854 ) ;
#1691 = VECTOR ( 'NONE', #2186, 39.37007874015748143 ) ;
#1692 = VECTOR ( 'NONE', #795, 39.37007874015748143 ) ;
#1693 = CIRCLE ( 'NONE', #829, 0.1097500000000001114 ) ;
#1694 = ORIENTED_EDGE ( 'NONE', *, *, #742, .T. ) ;
#1695 = CARTESIAN_POINT ( 'NONE',  ( -3.119790026246718195, -4.717858267086612933, -0.1666666666666667129 ) ) ;
#1696 = CARTESIAN_POINT ( 'NONE',  ( -3.236456692913385780, 3.554790026246719137, -0.1666666666666666297 ) ) ;
#1697 = FACE_OUTER_BOUND ( 'NONE', #909, .T. ) ;
#1698 = CARTESIAN_POINT ( 'NONE',  ( -3.386456692913388355, 3.304790026246719137, -0.1666666666666666297 ) ) ;
#1699 = ORIENTED_EDGE ( 'NONE', *, *, #56, .T. ) ;
#1700 = PLANE ( 'NONE',  #257 ) ;
#1701 = ORIENTED_EDGE ( 'NONE', *, *, #1206, .T. ) ;
#1702 = CARTESIAN_POINT ( 'NONE',  ( -2.696443307086614727, 2.850000000000000533, 0.000000000000000000 ) ) ;
#1703 = ADVANCED_FACE ( 'NONE', ( #1860 ), #885, .F. ) ;
#1704 = LINE ( 'NONE', #163, #1652 ) ;
#1705 = CARTESIAN_POINT ( 'NONE',  ( -3.244790026246718195, -4.542858267086613999, -0.07702200572599565698 ) ) ;
#1706 = CARTESIAN_POINT ( 'NONE',  ( -3.369790026246718195, -4.567858267086614354, -0.1666666666666666574 ) ) ;
#1707 = ORIENTED_EDGE ( 'NONE', *, *, #2205, .F. ) ;
#1708 =( LENGTH_UNIT ( ) NAMED_UNIT ( * ) SI_UNIT ( $, .METRE. ) );
#1709 = DIRECTION ( 'NONE',  ( 0.000000000000000000, -0.000000000000000000, 1.000000000000000000 ) ) ;
#1710 = ORIENTED_EDGE ( 'NONE', *, *, #1491, .T. ) ;
#1711 = CARTESIAN_POINT ( 'NONE',  ( 1.676384010260364432, -4.542858267086613999, 1.676384010260364432 ) ) ;
#1712 = ADVANCED_FACE ( 'NONE', ( #681 ), #190, .F. ) ;
#1713 = DIRECTION ( 'NONE',  ( -0.000000000000000000, -0.000000000000000000, 1.000000000000000000 ) ) ;
#1714 = ADVANCED_FACE ( 'NONE', ( #1048 ), #431, .F. ) ;
#1715 = CARTESIAN_POINT ( 'NONE',  ( -2.696443307086614727, 2.850000000000000533, -0.3333333299999999833 ) ) ;
#1716 = DIRECTION ( 'NONE',  ( 0.000000000000000000, -0.7071067811865476838, 0.7071067811865473507 ) ) ;
#1717 = ORIENTED_EDGE ( 'NONE', *, *, #1974, .T. ) ;
#1718 = CARTESIAN_POINT ( 'NONE',  ( -3.386456692913388355, 3.554790026246719137, -0.1666666666666666574 ) ) ;
#1719 = DIRECTION ( 'NONE',  ( 0.7071067811865517916, 0.000000000000000000, 0.7071067811865430208 ) ) ;
#1720 = VECTOR ( 'NONE', #2190, 39.37007874015748143 ) ;
#1721 = EDGE_CURVE ( 'NONE', #1098, #2181, #971, .T. ) ;
#1722 = VERTEX_POINT ( 'NONE', #1343 ) ;
#1723 = VECTOR ( 'NONE', #1316, 39.37007874015748143 ) ;
#1724 = DIRECTION ( 'NONE',  ( 0.000000000000000000, 0.000000000000000000, 1.000000000000000000 ) ) ;
#1725 = AXIS2_PLACEMENT_3D ( 'NONE', #508, #1193, #849 ) ;
#1726 = DIRECTION ( 'NONE',  ( -9.265548792707385937E-17, 0.7071067811865479058, 0.7071067811865471286 ) ) ;
#1727 = EDGE_CURVE ( 'NONE', #1520, #1110, #1389, .T. ) ;
#1728 = CARTESIAN_POINT ( 'NONE',  ( -3.244790026246715087, -5.325816871631608329, 1.030248671598238630 ) ) ;
#1729 = CARTESIAN_POINT ( 'NONE',  ( -3.386456692913383915, -2.687543307086613265, -0.2916666666666667407 ) ) ;
#1730 = ORIENTED_EDGE ( 'NONE', *, *, #968, .T. ) ;
#1731 = DIRECTION ( 'NONE',  ( 1.000000000000000000, 0.000000000000000000, 0.000000000000000000 ) ) ;
#1732 = LINE ( 'NONE', #671, #1395 ) ;
#1733 = EDGE_LOOP ( 'NONE', ( #2141, #1845, #2145, #345 ) ) ;
#1734 = CARTESIAN_POINT ( 'NONE',  ( 3.153556692913386250, -3.100000000000000089, -0.3333333299999999833 ) ) ;
#1735 = EDGE_CURVE ( 'NONE', #441, #1820, #875, .T. ) ;
#1736 = LINE ( 'NONE', #1559, #469 ) ;
#1737 = DIRECTION ( 'NONE',  ( 0.7071067811865479058, 0.000000000000000000, 0.7071067811865470176 ) ) ;
#1738 = FACE_OUTER_BOUND ( 'NONE', #1196, .T. ) ;
#1739 = ORIENTED_EDGE ( 'NONE', *, *, #1552, .T. ) ;
#1740 = DIRECTION ( 'NONE',  ( -1.000000000000000000, -1.315127208407396470E-16, -0.000000000000000000 ) ) ;
#1741 = CARTESIAN_POINT ( 'NONE',  ( 3.153556692913386250, 3.100000000000000089, 0.000000000000000000 ) ) ;
#1742 = ORIENTED_EDGE ( 'NONE', *, *, #1152, .T. ) ;
#1743 = CARTESIAN_POINT ( 'NONE',  ( 3.304790026246720469, -4.717858267086612933, -0.1666666666666666297 ) ) ;
#1744 = CARTESIAN_POINT ( 'NONE',  ( 0.000000000000000000, 0.000000000000000000, -0.3333333299999999833 ) ) ;
#1745 = ADVANCED_FACE ( 'NONE', ( #490 ), #1561, .F. ) ;
#1746 = ADVANCED_FACE ( 'NONE', ( #2074, #176, #2065 ), #864, .T. ) ;
#1747 = PLANE ( 'NONE',  #858 ) ;
#1748 = ORIENTED_EDGE ( 'NONE', *, *, #1916, .F. ) ;
#1749 = DIRECTION ( 'NONE',  ( -0.000000000000000000, -0.000000000000000000, 1.000000000000000000 ) ) ;
#1750 = DIRECTION ( 'NONE',  ( 1.000000000000000000, 0.000000000000000000, 0.000000000000000000 ) ) ;
#1751 = ORIENTED_EDGE ( 'NONE', *, *, #1958, .T. ) ;
#1752 = DIRECTION ( 'NONE',  ( 0.000000000000000000, -0.7071067811865477948, 0.7071067811865472397 ) ) ;
#1753 = VECTOR ( 'NONE', #129, 39.37007874015748854 ) ;
#1754 = ORIENTED_EDGE ( 'NONE', *, *, #1418, .F. ) ;
#1755 = AXIS2_PLACEMENT_3D ( 'NONE', #521, #1883, #165 ) ;
#1756 = DIRECTION ( 'NONE',  ( 0.000000000000000000, -0.000000000000000000, -1.000000000000000000 ) ) ;
#1757 = CARTESIAN_POINT ( 'NONE',  ( -2.946443307086613839, -3.100000000000000089, -0.02500000000000003955 ) ) ;
#1758 = VERTEX_POINT ( 'NONE', #1379 ) ;
#1759 = CARTESIAN_POINT ( 'NONE',  ( -3.411456692913385158, -4.742858267086614177, -0.3333333299999999833 ) ) ;
#1760 = LINE ( 'NONE', #725, #934 ) ;
#1761 = EDGE_CURVE ( 'NONE', #1764, #1895, #1204, .T. ) ;
#1762 = FACE_OUTER_BOUND ( 'NONE', #1049, .T. ) ;
#1763 = ORIENTED_EDGE ( 'NONE', *, *, #1465, .T. ) ;
#1764 = VERTEX_POINT ( 'NONE', #16 ) ;
#1765 = CARTESIAN_POINT ( 'NONE',  ( 3.590145365306047331, -4.742858267086614177, -0.1666666666666665186 ) ) ;
#1766 = EDGE_CURVE ( 'NONE', #1820, #1315, #1219, .T. ) ;
#1767 = ORIENTED_EDGE ( 'NONE', *, *, #1558, .T. ) ;
#1768 = VECTOR ( 'NONE', #1865, 39.37007874015748143 ) ;
#1769 = CARTESIAN_POINT ( 'NONE',  ( 3.429790026246720025, -4.717858267086612933, -0.04166666666666671986 ) ) ;
#1770 = CARTESIAN_POINT ( 'NONE',  ( -2.946443307086613839, -3.100000000000000089, 6.829619984160660511E-17 ) ) ;
#1771 = ORIENTED_EDGE ( 'NONE', *, *, #1912, .F. ) ;
#1772 = DIRECTION ( 'NONE',  ( 0.7071067811865474617, 0.000000000000000000, -0.7071067811865474617 ) ) ;
#1773 = DIRECTION ( 'NONE',  ( -0.000000000000000000, -0.000000000000000000, 1.000000000000000000 ) ) ;
#1774 = LINE ( 'NONE', #2187, #1617 ) ;
#1775 = ORIENTED_EDGE ( 'NONE', *, *, #923, .F. ) ;
#1776 = ADVANCED_FACE ( 'NONE', ( #1874 ), #326, .F. ) ;
#1777 = VERTEX_POINT ( 'NONE', #2032 ) ;
#1778 = DIRECTION ( 'NONE',  ( 1.000000000000000000, 0.000000000000000000, 0.000000000000000000 ) ) ;
#1779 = ORIENTED_EDGE ( 'NONE', *, *, #565, .T. ) ;
#1780 = DIRECTION ( 'NONE',  ( -0.7071067811865475727, 0.000000000000000000, -0.7071067811865475727 ) ) ;
#1781 = CARTESIAN_POINT ( 'NONE',  ( -2.046443307086614816, 3.100000000000000089, -0.02500000000000003955 ) ) ;
#1782 = EDGE_CURVE ( 'NONE', #1200, #1814, #1171, .T. ) ;
#1783 = ORIENTED_EDGE ( 'NONE', *, *, #2138, .F. ) ;
#1784 = CARTESIAN_POINT ( 'NONE',  ( 3.519434687187395383, -4.542858267086613999, -0.1666666666666662688 ) ) ;
#1785 = DIRECTION ( 'NONE',  ( 0.5773502691896345018, -1.288384999876978927E-14, 0.8164965809277197062 ) ) ;
#1786 = CARTESIAN_POINT ( 'NONE',  ( -3.386456692913383915, -2.562543307086613709, -0.1666666666666670737 ) ) ;
#1787 = VERTEX_POINT ( 'NONE', #2042 ) ;
#1788 = FACE_OUTER_BOUND ( 'NONE', #1502, .T. ) ;
#1789 = EDGE_LOOP ( 'NONE', ( #1205, #397, #740, #965 ) ) ;
#1790 = AXIS2_PLACEMENT_3D ( 'NONE', #976, #270, #1149 ) ;
#1791 = CONICAL_SURFACE ( 'NONE', #137, 0.1097500000000001114, 0.7853981633974489451 ) ;
#1792 = AXIS2_PLACEMENT_3D ( 'NONE', #204, #2071, #1752 ) ;
#1793 = ORIENTED_EDGE ( 'NONE', *, *, #805, .F. ) ;
#1794 = AXIS2_PLACEMENT_3D ( 'NONE', #1550, #6, #692 ) ;
#1795 = AXIS2_PLACEMENT_3D ( 'NONE', #1382, #1013, #1866 ) ;
#1796 = PLANE ( 'NONE',  #1211 ) ;
#1797 = CARTESIAN_POINT ( 'NONE',  ( 3.153556692913386250, 3.100000000000000089, -0.3333333299999999833 ) ) ;
#1798 = VECTOR ( 'NONE', #953, 39.37007874015748854 ) ;
#1799 = FACE_OUTER_BOUND ( 'NONE', #1122, .T. ) ;
#1800 = EDGE_LOOP ( 'NONE', ( #1694, #81, #876, #191 ) ) ;
#1801 = EDGE_LOOP ( 'NONE', ( #816, #482 ) ) ;
#1802 = CYLINDRICAL_SURFACE ( 'NONE', #1181, 0.08474999999999968670 ) ;
#1803 = EDGE_LOOP ( 'NONE', ( #1455, #1020 ) ) ;
#1804 = CARTESIAN_POINT ( 'NONE',  ( 3.304790026246720469, -4.542858267086613999, -0.1666666666666666297 ) ) ;
#1805 = EDGE_CURVE ( 'NONE', #53, #461, #1018, .T. ) ;
#1806 = ADVANCED_FACE ( 'NONE', ( #1799 ), #614, .F. ) ;
#1807 = ORIENTED_EDGE ( 'NONE', *, *, #1152, .F. ) ;
#1808 = AXIS2_PLACEMENT_3D ( 'NONE', #1230, #380, #210 ) ;
#1809 = DIRECTION ( 'NONE',  ( -0.000000000000000000, -0.000000000000000000, 1.000000000000000000 ) ) ;
#1810 = DIRECTION ( 'NONE',  ( 0.7071067811865462405, 0.000000000000000000, -0.7071067811865487940 ) ) ;
#1811 = ORIENTED_EDGE ( 'NONE', *, *, #259, .F. ) ;
#1812 = ORIENTED_EDGE ( 'NONE', *, *, #275, .F. ) ;
#1813 = DIRECTION ( 'NONE',  ( -1.000000000000000000, -1.488165994383635919E-16, 0.000000000000000000 ) ) ;
#1814 = VERTEX_POINT ( 'NONE', #1931 ) ;
#1815 = SHAPE_DEFINITION_REPRESENTATION ( #944, #853 ) ;
#1816 = ADVANCED_FACE ( 'NONE', ( #588 ), #1071, .F. ) ;
#1817 = DIRECTION ( 'NONE',  ( 0.7071067811865571207, 0.4999999999999930056, 0.4999999999999933942 ) ) ;
#1818 = DIRECTION ( 'NONE',  ( 2.179357711234711674E-15, -0.5773502691896226224, 0.8164965809277280329 ) ) ;
#1819 = ORIENTED_EDGE ( 'NONE', *, *, #464, .F. ) ;
#1820 = VERTEX_POINT ( 'NONE', #392 ) ;
#1821 = CARTESIAN_POINT ( 'NONE',  ( -2.046443307086614816, 3.100000000000000089, 0.000000000000000000 ) ) ;
#1822 = EDGE_LOOP ( 'NONE', ( #283, #889, #1344, #2015 ) ) ;
#1823 = DIRECTION ( 'NONE',  ( -0.000000000000000000, -0.000000000000000000, 1.000000000000000000 ) ) ;
#1824 = DIRECTION ( 'NONE',  ( -0.7071067811865466846, 0.000000000000000000, 0.7071067811865483499 ) ) ;
#1825 = VECTOR ( 'NONE', #1603, 39.37007874015748854 ) ;
#1826 = VECTOR ( 'NONE', #1321, 39.37007874015748143 ) ;
#1827 = VECTOR ( 'NONE', #2167, 39.37007874015748143 ) ;
#1828 = DIRECTION ( 'NONE',  ( -1.000000000000000000, -0.000000000000000000, -0.000000000000000000 ) ) ;
#1829 = CARTESIAN_POINT ( 'NONE',  ( 3.304790026246720469, -4.717858267086612933, -0.1666666666666666297 ) ) ;
#1830 = ORIENTED_EDGE ( 'NONE', *, *, #2037, .T. ) ;
#1831 = AXIS2_PLACEMENT_3D ( 'NONE', #1515, #1713, #648 ) ;
#1832 = VECTOR ( 'NONE', #329, 39.37007874015748854 ) ;
#1833 =( GEOMETRIC_REPRESENTATION_CONTEXT ( 3 ) GLOBAL_UNCERTAINTY_ASSIGNED_CONTEXT ( ( #1919 ) ) GLOBAL_UNIT_ASSIGNED_CONTEXT ( ( #926, #1492, #1123 ) ) REPRESENTATION_CONTEXT ( 'NONE', 'WORKASPACE' ) );
#1834 = DIRECTION ( 'NONE',  ( 0.5000000000000009992, 0.7071067811865455743, 0.5000000000000017764 ) ) ;
#1835 = EDGE_CURVE ( 'NONE', #1722, #2035, #986, .T. ) ;
#1836 = CARTESIAN_POINT ( 'NONE',  ( -3.244790026246718195, -4.542858267086613999, -0.04166666666666703212 ) ) ;
#1837 = ORIENTED_EDGE ( 'NONE', *, *, #1101, .T. ) ;
#1838 = CARTESIAN_POINT ( 'NONE',  ( -2.342634271763009757, 3.429790026246726242, 0.9723891236773168911 ) ) ;
#1839 = LINE ( 'NONE', #1414, #1867 ) ;
#1840 = EDGE_LOOP ( 'NONE', ( #609, #1710, #535, #810 ) ) ;
#1841 = CARTESIAN_POINT ( 'NONE',  ( 3.263306692913386264, 3.100000000000000089, 6.829619984160660511E-17 ) ) ;
#1842 = DIRECTION ( 'NONE',  ( -0.000000000000000000, -1.000000000000000000, -0.000000000000000000 ) ) ;
#1843 = VERTEX_POINT ( 'NONE', #2128 ) ;
#1844 = STYLED_ITEM ( 'NONE', ( #2046 ), #66 ) ;
#1845 = ORIENTED_EDGE ( 'NONE', *, *, #760, .T. ) ;
#1846 = LINE ( 'NONE', #992, #1363 ) ;
#1847 = EDGE_CURVE ( 'NONE', #1907, #1055, #1960, .T. ) ;
#1848 = ORIENTED_EDGE ( 'NONE', *, *, #687, .T. ) ;
#1849 = DIRECTION ( 'NONE',  ( 4.038221641405481204E-15, -0.5773502691896276184, 0.8164965809277245912 ) ) ;
#1850 = DIRECTION ( 'NONE',  ( -0.7071067811865483499, 0.000000000000000000, -0.7071067811865466846 ) ) ;
#1851 = DIRECTION ( 'NONE',  ( 0.7071067811865454633, 0.000000000000000000, -0.7071067811865495711 ) ) ;
#1852 = FACE_OUTER_BOUND ( 'NONE', #1789, .T. ) ;
#1853 = ORIENTED_EDGE ( 'NONE', *, *, #2131, .F. ) ;
#1854 = LINE ( 'NONE', #787, #1627 ) ;
#1855 = CARTESIAN_POINT ( 'NONE',  ( -3.386456692913388355, 3.429790026246719137, -0.04166666666666663660 ) ) ;
#1856 = ORIENTED_EDGE ( 'NONE', *, *, #981, .F. ) ;
#1857 = LINE ( 'NONE', #2207, #1723 ) ;
#1858 = CARTESIAN_POINT ( 'NONE',  ( -2.861693307086614180, -3.100000000000000089, -0.3333333299999999833 ) ) ;
#1859 = CARTESIAN_POINT ( 'NONE',  ( 3.153556692913386250, -3.100000000000000089, 0.000000000000000000 ) ) ;
#1860 = FACE_OUTER_BOUND ( 'NONE', #2194, .T. ) ;
#1861 = ORIENTED_EDGE ( 'NONE', *, *, #1319, .T. ) ;
#1862 = CIRCLE ( 'NONE', #892, 0.08474999999999968670 ) ;
#1863 = VECTOR ( 'NONE', #1236, 39.37007874015748854 ) ;
#1864 = EDGE_CURVE ( 'NONE', #200, #2083, #1983, .T. ) ;
#1865 = DIRECTION ( 'NONE',  ( -0.000000000000000000, -0.000000000000000000, 1.000000000000000000 ) ) ;
#1866 = DIRECTION ( 'NONE',  ( 0.000000000000000000, -0.000000000000000000, 1.000000000000000000 ) ) ;
#1867 = VECTOR ( 'NONE', #2101, 39.37007874015748143 ) ;
#1868 = AXIS2_PLACEMENT_3D ( 'NONE', #1734, #1191, #374 ) ;
#1869 = ORIENTED_EDGE ( 'NONE', *, *, #1950, .T. ) ;
#1870 = FACE_OUTER_BOUND ( 'NONE', #991, .T. ) ;
#1871 = CARTESIAN_POINT ( 'NONE',  ( 3.238306692913385909, -3.100000000000000089, -0.02500000000000003955 ) ) ;
#1872 = CARTESIAN_POINT ( 'NONE',  ( -3.369790026246718195, -4.567858267086614354, -0.1666666666666666574 ) ) ;
#1873 = ADVANCED_FACE ( 'NONE', ( #1762 ), #1440, .F. ) ;
#1874 = FACE_OUTER_BOUND ( 'NONE', #2185, .T. ) ;
#1875 = VERTEX_POINT ( 'NONE', #919 ) ;
#1876 = DIRECTION ( 'NONE',  ( -0.000000000000000000, -0.000000000000000000, 1.000000000000000000 ) ) ;
#1877 = CARTESIAN_POINT ( 'NONE',  ( -3.784503566022510590, -2.687543307086609268, -1.066721987433787433 ) ) ;
#1878 = EDGE_CURVE ( 'NONE', #1462, #2173, #1607, .T. ) ;
#1879 = ORIENTED_EDGE ( 'NONE', *, *, #755, .T. ) ;
#1880 = DIRECTION ( 'NONE',  ( 1.000000000000000000, 0.000000000000000000, 0.000000000000000000 ) ) ;
#1881 = CARTESIAN_POINT ( 'NONE',  ( 3.429790026246719137, -4.742858267086614177, -0.006311327607338179137 ) ) ;
#1882 = LINE ( 'NONE', #1378, #2155 ) ;
#1883 = DIRECTION ( 'NONE',  ( 0.7071067811865610064, 0.4999999999999900635, -0.4999999999999908407 ) ) ;
#1884 = EDGE_CURVE ( 'NONE', #595, #2024, #246, .T. ) ;
#1885 = ADVANCED_FACE ( 'NONE', ( #572 ), #40, .F. ) ;
#1886 = ORIENTED_EDGE ( 'NONE', *, *, #529, .T. ) ;
#1887 = CARTESIAN_POINT ( 'NONE',  ( -2.046443307086614816, 3.100000000000000089, 6.829619984160660511E-17 ) ) ;
#1888 = PLANE ( 'NONE',  #1795 ) ;
#1889 = ORIENTED_EDGE ( 'NONE', *, *, #339, .F. ) ;
#1890 = DIRECTION ( 'NONE',  ( 0.000000000000000000, 0.7071067811865473507, 0.7071067811865476838 ) ) ;
#1891 = ADVANCED_FACE ( 'NONE', ( #51 ), #77, .F. ) ;
#1892 = LINE ( 'NONE', #1526, #539 ) ;
#1893 = LINE ( 'NONE', #354, #674 ) ;
#1894 = DIRECTION ( 'NONE',  ( 0.5773502691896262862, -2.275505845553882641E-15, -0.8164965809277257014 ) ) ;
#1895 = VERTEX_POINT ( 'NONE', #2148 ) ;
#1896 = CARTESIAN_POINT ( 'NONE',  ( 3.153556692913386250, -3.100000000000000089, 6.829619984160660511E-17 ) ) ;
#1897 = DIRECTION ( 'NONE',  ( -0.5000000000000082157, -0.7071067811865359154, -0.5000000000000082157 ) ) ;
#1898 = EDGE_CURVE ( 'NONE', #263, #1110, #1277, .T. ) ;
#1899 = VECTOR ( 'NONE', #571, 39.37007874015748854 ) ;
#1900 = ORIENTED_EDGE ( 'NONE', *, *, #318, .T. ) ;
#1901 = AXIS2_PLACEMENT_3D ( 'NONE', #1689, #801, #1498 ) ;
#1902 = DIRECTION ( 'NONE',  ( 0.000000000000000000, 0.7071067811865476838, 0.7071067811865473507 ) ) ;
#1903 = VECTOR ( 'NONE', #1040, 39.37007874015748143 ) ;
#1904 = DIRECTION ( 'NONE',  ( 0.4999999999999973355, 0.7071067811865513475, 0.4999999999999973355 ) ) ;
#1905 = LINE ( 'NONE', #583, #1863 ) ;
#1906 = DIRECTION ( 'NONE',  ( 0.000000000000000000, 1.000000000000000000, 0.000000000000000000 ) ) ;
#1907 = VERTEX_POINT ( 'NONE', #947 ) ;
#1908 = CARTESIAN_POINT ( 'NONE',  ( 3.238306692913385909, 3.100000000000000089, 0.000000000000000000 ) ) ;
#1909 = FACE_OUTER_BOUND ( 'NONE', #806, .T. ) ;
#1910 = VERTEX_POINT ( 'NONE', #1630 ) ;
#1911 = PLANE ( 'NONE',  #290 ) ;
#1912 = EDGE_CURVE ( 'NONE', #1274, #263, #404, .T. ) ;
#1913 = EDGE_CURVE ( 'NONE', #803, #1987, #608, .T. ) ;
#1914 = AXIS2_PLACEMENT_3D ( 'NONE', #1887, #2224, #683 ) ;
#1915 = FACE_OUTER_BOUND ( 'NONE', #373, .T. ) ;
#1916 = EDGE_CURVE ( 'NONE', #1777, #1520, #1839, .T. ) ;
#1917 = DIRECTION ( 'NONE',  ( 0.7071067811865474617, 0.000000000000000000, 0.7071067811865474617 ) ) ;
#1918 = EDGE_LOOP ( 'NONE', ( #340, #600, #1848, #78 ) ) ;
#1919 = UNCERTAINTY_MEASURE_WITH_UNIT (LENGTH_MEASURE( 1.000000000000000082E-05 ), #926, 'distance_accuracy_value', 'NONE');
#1920 = LINE ( 'NONE', #930, #949 ) ;
#1921 = CARTESIAN_POINT ( 'NONE',  ( -3.386456692913383915, -2.687543307086613265, -0.2916666666666667962 ) ) ;
#1922 = ORIENTED_EDGE ( 'NONE', *, *, #954, .T. ) ;
#1923 = FACE_OUTER_BOUND ( 'NONE', #1329, .T. ) ;
#1924 = DIRECTION ( 'NONE',  ( -6.551732382738218029E-17, 1.000000000000000000, -0.000000000000000000 ) ) ;
#1925 = EDGE_CURVE ( 'NONE', #1452, #1200, #908, .T. ) ;
#1926 = APPLICATION_CONTEXT ( 'automotive_design' ) ;
#1927 = LINE ( 'NONE', #555, #1507 ) ;
#1928 = ORIENTED_EDGE ( 'NONE', *, *, #954, .F. ) ;
#1929 = FACE_OUTER_BOUND ( 'NONE', #1660, .T. ) ;
#1930 = CARTESIAN_POINT ( 'NONE',  ( 3.304790026246720469, -4.567858267086611690, -0.1666666666666666297 ) ) ;
#1931 = CARTESIAN_POINT ( 'NONE',  ( -3.236456692913382671, -2.812543307086613265, -0.1666666666666670182 ) ) ;
#1932 = EDGE_LOOP ( 'NONE', ( #1246, #2066, #1011, #739 ) ) ;
#1933 = ORIENTED_EDGE ( 'NONE', *, *, #515, .F. ) ;
#1934 = DIRECTION ( 'NONE',  ( -9.265548792707384704E-17, 0.7071067811865476838, 0.7071067811865473507 ) ) ;
#1935 = VECTOR ( 'NONE', #1682, 39.37007874015748143 ) ;
#1936 = VECTOR ( 'NONE', #1842, 39.37007874015748143 ) ;
#1937 = VECTOR ( 'NONE', #1233, 39.37007874015748143 ) ;
#1938 = EDGE_LOOP ( 'NONE', ( #1922, #272, #1393, #506 ) ) ;
#1939 = AXIS2_PLACEMENT_3D ( 'NONE', #1186, #154, #1716 ) ;
#1940 = PLANE ( 'NONE',  #1546 ) ;
#1941 = CARTESIAN_POINT ( 'NONE',  ( -3.369790026246718195, -4.717858267086612933, -0.1666666666666666574 ) ) ;
#1942 = ORIENTED_EDGE ( 'NONE', *, *, #285, .F. ) ;
#1943 = DIRECTION ( 'NONE',  ( 1.000000000000000000, 0.000000000000000000, 0.000000000000000000 ) ) ;
#1944 = DIRECTION ( 'NONE',  ( 9.265548792707379774E-17, -0.7071067811865473507, -0.7071067811865476838 ) ) ;
#1945 = CARTESIAN_POINT ( 'NONE',  ( -1.796443307086614594, 2.850000000000000533, -0.3333333299999999833 ) ) ;
#1946 = ORIENTED_EDGE ( 'NONE', *, *, #188, .F. ) ;
#1947 = VERTEX_POINT ( 'NONE', #1086 ) ;
#1948 = EDGE_CURVE ( 'NONE', #1951, #1758, #1774, .T. ) ;
#1949 = DIRECTION ( 'NONE',  ( 0.5773502691896242878, -0.8164965809277271447, 2.503857664561938095E-15 ) ) ;
#1950 = EDGE_CURVE ( 'NONE', #418, #305, #896, .T. ) ;
#1951 = VERTEX_POINT ( 'NONE', #2038 ) ;
#1952 = CIRCLE ( 'NONE', #389, 0.1097500000000001114 ) ;
#1953 = FACE_OUTER_BOUND ( 'NONE', #1028, .T. ) ;
#1954 = DIRECTION ( 'NONE',  ( -1.000000000000000000, -0.000000000000000000, 0.000000000000000000 ) ) ;
#1955 = ORIENTED_EDGE ( 'NONE', *, *, #1465, .F. ) ;
#1956 = ADVANCED_FACE ( 'NONE', ( #2217 ), #1184, .F. ) ;
#1957 = LINE ( 'NONE', #1573, #2094 ) ;
#1958 = EDGE_CURVE ( 'NONE', #1964, #1274, #659, .T. ) ;
#1959 = LINE ( 'NONE', #391, #27 ) ;
#1960 = LINE ( 'NONE', #2112, #936 ) ;
#1961 = ORIENTED_EDGE ( 'NONE', *, *, #1518, .F. ) ;
#1962 = ORIENTED_EDGE ( 'NONE', *, *, #1279, .T. ) ;
#1963 = DIRECTION ( 'NONE',  ( 1.488165994383635919E-16, -1.000000000000000000, 0.000000000000000000 ) ) ;
#1964 = VERTEX_POINT ( 'NONE', #1681 ) ;
#1965 = EDGE_CURVE ( 'NONE', #1313, #247, #2054, .T. ) ;
#1966 = ORIENTED_EDGE ( 'NONE', *, *, #2214, .T. ) ;
#1967 = DIRECTION ( 'NONE',  ( 0.7071067811865474617, 0.000000000000000000, 0.7071067811865474617 ) ) ;
#1968 = LINE ( 'NONE', #1921, #753 ) ;
#1969 = DIRECTION ( 'NONE',  ( 0.7071067811865474617, 0.000000000000000000, -0.7071067811865474617 ) ) ;
#1970 = VERTEX_POINT ( 'NONE', #1881 ) ;
#1971 = ORIENTED_EDGE ( 'NONE', *, *, #386, .F. ) ;
#1972 = CARTESIAN_POINT ( 'NONE',  ( -3.386456692913388355, 3.304790026246719137, -0.1666666666666666297 ) ) ;
#1973 = EDGE_CURVE ( 'NONE', #792, #379, #1109, .T. ) ;
#1974 = EDGE_CURVE ( 'NONE', #630, #441, #1892, .T. ) ;
#1975 = EDGE_LOOP ( 'NONE', ( #395, #2221, #465, #1087 ) ) ;
#1976 = APPLICATION_PROTOCOL_DEFINITION ( 'draft international standard', 'automotive_design', 1998, #2130 ) ;
#1977 = AXIS2_PLACEMENT_3D ( 'NONE', #1268, #2100, #381 ) ;
#1978 = AXIS2_PLACEMENT_3D ( 'NONE', #489, #2199, #700 ) ;
#1979 = VECTOR ( 'NONE', #1949, 39.37007874015748143 ) ;
#1980 = ORIENTED_EDGE ( 'NONE', *, *, #346, .F. ) ;
#1981 = FACE_OUTER_BOUND ( 'NONE', #735, .T. ) ;
#1982 = CARTESIAN_POINT ( 'NONE',  ( -3.211456692913386313, 3.519434687187393163, -0.1666666666666668795 ) ) ;
#1983 = LINE ( 'NONE', #599, #1180 ) ;
#1984 = VERTEX_POINT ( 'NONE', #839 ) ;
#1985 = VERTEX_POINT ( 'NONE', #1341 ) ;
#1986 = DIRECTION ( 'NONE',  ( 1.000000000000000000, 0.000000000000000000, 0.000000000000000000 ) ) ;
#1987 = VERTEX_POINT ( 'NONE', #1871 ) ;
#1988 = EDGE_CURVE ( 'NONE', #1777, #1964, #1501, .T. ) ;
#1989 = EDGE_CURVE ( 'NONE', #1984, #305, #2021, .T. ) ;
#1990 = DIRECTION ( 'NONE',  ( 0.000000000000000000, 0.000000000000000000, 1.000000000000000000 ) ) ;
#1991 = FACE_OUTER_BOUND ( 'NONE', #812, .T. ) ;
#1992 = CARTESIAN_POINT ( 'NONE',  ( -2.696443307086613395, -4.492858267086613289, -0.3333333299999999833 ) ) ;
#1993 = VERTEX_POINT ( 'NONE', #1858 ) ;
#1994 = DIRECTION ( 'NONE',  ( 9.299353671878033428E-17, -0.7071067811865471286, -0.7071067811865479058 ) ) ;
#1995 = CARTESIAN_POINT ( 'NONE',  ( -3.386456692913383915, -2.687543307086613265, -0.2916666666666667962 ) ) ;
#1996 = ORIENTED_EDGE ( 'NONE', *, *, #156, .T. ) ;
#1997 = CARTESIAN_POINT ( 'NONE',  ( -2.696443307086613395, -4.492858267086613289, 0.000000000000000000 ) ) ;
#1998 = LENGTH_MEASURE_WITH_UNIT ( LENGTH_MEASURE( 0.02539999999999999897 ), #2156 );
#1999 = EDGE_CURVE ( 'NONE', #2132, #1907, #342, .T. ) ;
#2000 = PLANE ( 'NONE',  #69 ) ;
#2001 = CARTESIAN_POINT ( 'NONE',  ( -3.411456692913386046, 3.596456692913386100, -0.3333333299999999833 ) ) ;
#2002 = ORIENTED_EDGE ( 'NONE', *, *, #1548, .T. ) ;
#2003 = ORIENTED_EDGE ( 'NONE', *, *, #1847, .T. ) ;
#2004 = DIRECTION ( 'NONE',  ( 1.000000000000000000, 0.000000000000000000, 0.000000000000000000 ) ) ;
#2005 = ORIENTED_EDGE ( 'NONE', *, *, #1250, .F. ) ;
#2006 = LINE ( 'NONE', #288, #1468 ) ;
#2007 = VECTOR ( 'NONE', #1649, 39.37007874015748143 ) ;
#2008 = VECTOR ( 'NONE', #1438, 39.37007874015748854 ) ;
#2009 = AXIS2_PLACEMENT_3D ( 'NONE', #528, #1061, #2093 ) ;
#2010 = DIRECTION ( 'NONE',  ( 0.7071067811865474617, 0.000000000000000000, 0.7071067811865474617 ) ) ;
#2011 = ADVANCED_FACE ( 'NONE', ( #1007 ), #714, .F. ) ;
#2012 = CARTESIAN_POINT ( 'NONE',  ( -2.946443307086613839, -3.100000000000000089, -0.02500000000000003955 ) ) ;
#2013 = ORIENTED_EDGE ( 'NONE', *, *, #2052, .F. ) ;
#2014 = VECTOR ( 'NONE', #1894, 39.37007874015748854 ) ;
#2015 = ORIENTED_EDGE ( 'NONE', *, *, #1999, .F. ) ;
#2016 = CARTESIAN_POINT ( 'NONE',  ( 3.304790026246720469, -4.717858267086612933, -0.1666666666666666297 ) ) ;
#2017 = ADVANCED_FACE ( 'NONE', ( #666 ), #479, .T. ) ;
#2018 = EDGE_LOOP ( 'NONE', ( #728, #1506, #1451, #556 ) ) ;
#2019 = DIRECTION ( 'NONE',  ( 0.000000000000000000, 0.7071067811865477948, -0.7071067811865472397 ) ) ;
#2020 = EDGE_CURVE ( 'NONE', #685, #731, #1704, .T. ) ;
#2021 = LINE ( 'NONE', #2029, #1397 ) ;
#2022 = CARTESIAN_POINT ( 'NONE',  ( -2.131193307086614475, 3.100000000000000089, -0.02500000000000003955 ) ) ;
#2023 = PLANE ( 'NONE',  #105 ) ;
#2024 = VERTEX_POINT ( 'NONE', #1670 ) ;
#2025 = PLANE ( 'NONE',  #82 ) ;
#2026 = CARTESIAN_POINT ( 'NONE',  ( 3.304790026246720469, -4.567858267086611690, -0.1666666666666666297 ) ) ;
#2027 = ORIENTED_EDGE ( 'NONE', *, *, #1916, .T. ) ;
#2028 = DIRECTION ( 'NONE',  ( 0.7071067811865571207, -0.4999999999999929501, -0.4999999999999935052 ) ) ;
#2029 = CARTESIAN_POINT ( 'NONE',  ( -1.961693307086614713, 3.100000000000000089, 0.000000000000000000 ) ) ;
#2030 = ADVANCED_FACE ( 'NONE', ( #1159 ), #1535, .F. ) ;
#2031 = DIRECTION ( 'NONE',  ( 2.275505845553878697E-15, -0.5773502691896292838, 0.8164965809277234809 ) ) ;
#2032 = CARTESIAN_POINT ( 'NONE',  ( -3.236456692913385780, 3.429790026246719137, -0.2916666666666664631 ) ) ;
#2033 = EDGE_LOOP ( 'NONE', ( #1793, #450, #585, #1295 ) ) ;
#2034 = LINE ( 'NONE', #2016, #862 ) ;
#2035 = VERTEX_POINT ( 'NONE', #4 ) ;
#2036 = DIRECTION ( 'NONE',  ( 0.7071067811865462405, 0.000000000000000000, -0.7071067811865487940 ) ) ;
#2037 = EDGE_CURVE ( 'NONE', #42, #900, #1376, .T. ) ;
#2038 = CARTESIAN_POINT ( 'NONE',  ( -3.334434687187389557, -4.542858267086613999, -0.1666666666666666297 ) ) ;
#2039 = ADVANCED_FACE ( 'NONE', ( #1202 ), #128, .F. ) ;
#2040 = LINE ( 'NONE', #501, #355 ) ;
#2041 = VECTOR ( 'NONE', #2179, 39.37007874015748854 ) ;
#2042 = CARTESIAN_POINT ( 'NONE',  ( -2.861693307086614180, -3.100000000000000089, -0.02500000000000003955 ) ) ;
#2043 = ORIENTED_EDGE ( 'NONE', *, *, #1431, .T. ) ;
#2044 = AXIS2_PLACEMENT_3D ( 'NONE', #1058, #1773, #1750 ) ;
#2045 = AXIS2_PLACEMENT_3D ( 'NONE', #857, #1556, #365 ) ;
#2046 = PRESENTATION_STYLE_ASSIGNMENT (( #328 ) ) ;
#2047 = CARTESIAN_POINT ( 'NONE',  ( -3.211456692913384980, -2.812543307086613265, -0.1666666666666670182 ) ) ;
#2048 = VECTOR ( 'NONE', #1425, 39.37007874015748854 ) ;
#2049 = VECTOR ( 'NONE', #564, 39.37007874015748854 ) ;
#2050 = ORIENTED_EDGE ( 'NONE', *, *, #845, .T. ) ;
#2051 = LINE ( 'NONE', #707, #1937 ) ;
#2052 = EDGE_CURVE ( 'NONE', #783, #1200, #1387, .T. ) ;
#2053 = ADVANCED_FACE ( 'NONE', ( #1953 ), #1429, .F. ) ;
#2054 = LINE ( 'NONE', #830, #2193 ) ;
#2055 = CARTESIAN_POINT ( 'NONE',  ( -3.327531127814503886, -2.687543307086612820, -0.1249999999999990147 ) ) ;
#2056 = DIRECTION ( 'NONE',  ( 1.000000000000000000, 0.000000000000000000, 0.000000000000000000 ) ) ;
#2057 = ORIENTED_EDGE ( 'NONE', *, *, #786, .T. ) ;
#2058 = CARTESIAN_POINT ( 'NONE',  ( -3.211456692913386313, 1.676384010260363766, 1.676384010260362878 ) ) ;
#2059 = LINE ( 'NONE', #514, #719 ) ;
#2060 = AXIS2_PLACEMENT_3D ( 'NONE', #1594, #1240, #62 ) ;
#2061 = ORIENTED_EDGE ( 'NONE', *, *, #861, .F. ) ;
#2062 = DIRECTION ( 'NONE',  ( 0.000000000000000000, -1.000000000000000000, 0.000000000000000000 ) ) ;
#2063 = CARTESIAN_POINT ( 'NONE',  ( -3.411456692913385158, -4.742858267086614177, -0.3333333299999999833 ) ) ;
#2064 = DIRECTION ( 'NONE',  ( -1.000000000000000000, -0.000000000000000000, -0.000000000000000000 ) ) ;
#2065 = FACE_OUTER_BOUND ( 'NONE', #1286, .T. ) ;
#2066 = ORIENTED_EDGE ( 'NONE', *, *, #773, .F. ) ;
#2067 = EDGE_CURVE ( 'NONE', #1228, #1112, #1053, .T. ) ;
#2068 = CARTESIAN_POINT ( 'NONE',  ( 2.903556692913386250, 3.346456692913386100, -0.3333333299999999833 ) ) ;
#2069 = CARTESIAN_POINT ( 'NONE',  ( -3.244790026246718195, -4.717858267086612933, -0.04166666666666703212 ) ) ;
#2070 = EDGE_LOOP ( 'NONE', ( #1609, #294, #1962, #407 ) ) ;
#2071 = DIRECTION ( 'NONE',  ( -9.299353671878035893E-17, 0.7071067811865472397, 0.7071067811865477948 ) ) ;
#2072 = DIRECTION ( 'NONE',  ( 0.000000000000000000, 0.7071067811865479058, -0.7071067811865471286 ) ) ;
#2073 = DIRECTION ( 'NONE',  ( -0.5773502691896386096, -3.974122885192656646E-15, 0.8164965809277168196 ) ) ;
#2074 = FACE_BOUND ( 'NONE', #1840, .T. ) ;
#2075 = ORIENTED_EDGE ( 'NONE', *, *, #823, .F. ) ;
#2076 = EDGE_CURVE ( 'NONE', #1814, #71, #1736, .T. ) ;
#2077 = EDGE_CURVE ( 'NONE', #222, #685, #2087, .T. ) ;
#2078 = LINE ( 'NONE', #1908, #802 ) ;
#2079 = ADVANCED_FACE ( 'NONE', ( #35, #912, #220, #187, #366, #1915 ), #1940, .F. ) ;
#2080 = DIRECTION ( 'NONE',  ( -0.000000000000000000, -0.000000000000000000, 1.000000000000000000 ) ) ;
#2081 = VECTOR ( 'NONE', #2031, 39.37007874015748143 ) ;
#2082 = VECTOR ( 'NONE', #1517, 39.37007874015748854 ) ;
#2083 = VERTEX_POINT ( 'NONE', #1213 ) ;
#2084 = VECTOR ( 'NONE', #593, 39.37007874015748143 ) ;
#2085 = DIRECTION ( 'NONE',  ( 9.265548792707382239E-17, -0.7071067811865476838, -0.7071067811865473507 ) ) ;
#2086 = VECTOR ( 'NONE', #1147, 39.37007874015748143 ) ;
#2087 = LINE ( 'NONE', #2121, #794 ) ;
#2088 = LINE ( 'NONE', #1941, #1825 ) ;
#2089 = ORIENTED_EDGE ( 'NONE', *, *, #439, .T. ) ;
#2090 = LINE ( 'NONE', #25, #1288 ) ;
#2091 = CARTESIAN_POINT ( 'NONE',  ( -3.102112356717054098, -4.742858267086614177, -0.1489889971370023380 ) ) ;
#2092 = VERTEX_POINT ( 'NONE', #530 ) ;
#2093 = DIRECTION ( 'NONE',  ( 1.000000000000000000, 0.000000000000000000, 0.000000000000000000 ) ) ;
#2094 = VECTOR ( 'NONE', #1772, 39.37007874015748854 ) ;
#2095 = FACE_OUTER_BOUND ( 'NONE', #886, .T. ) ;
#2096 = CARTESIAN_POINT ( 'NONE',  ( 0.000000000000000000, -4.542858267086613999, 0.000000000000000000 ) ) ;
#2097 = ORIENTED_EDGE ( 'NONE', *, *, #85, .F. ) ;
#2098 = ADVANCED_FACE ( 'NONE', ( #881 ), #709, .F. ) ;
#2099 = CARTESIAN_POINT ( 'NONE',  ( 3.304790026246720469, -4.542858267086613999, -0.1666666666666666297 ) ) ;
#2100 = DIRECTION ( 'NONE',  ( -0.000000000000000000, -0.000000000000000000, 1.000000000000000000 ) ) ;
#2101 = DIRECTION ( 'NONE',  ( -1.000000000000000000, -1.315127208407396470E-16, -0.000000000000000000 ) ) ;
#2102 = ORIENTED_EDGE ( 'NONE', *, *, #981, .T. ) ;
#2103 = ORIENTED_EDGE ( 'NONE', *, *, #485, .T. ) ;
#2104 = DIRECTION ( 'NONE',  ( -0.000000000000000000, -0.000000000000000000, 1.000000000000000000 ) ) ;
#2105 = VERTEX_POINT ( 'NONE', #205 ) ;
#2106 = LINE ( 'NONE', #1769, #2049 ) ;
#2107 = LINE ( 'NONE', #566, #1357 ) ;
#2108 = ORIENTED_EDGE ( 'NONE', *, *, #1618, .F. ) ;
#2109 = EDGE_CURVE ( 'NONE', #1520, #2143, #554, .T. ) ;
#2110 = DIRECTION ( 'NONE',  ( 3.128019303183924361E-14, 0.5773502691896278405, 0.8164965809277244801 ) ) ;
#2111 = CARTESIAN_POINT ( 'NONE',  ( 3.412112356717055484, -4.742858267086614177, -0.02398899713700195294 ) ) ;
#2112 = CARTESIAN_POINT ( 'NONE',  ( 1.586739349319688852, -4.542858267086613999, 1.586739349319688852 ) ) ;
#2113 = ORIENTED_EDGE ( 'NONE', *, *, #1948, .T. ) ;
#2114 = EDGE_CURVE ( 'NONE', #1462, #233, #1225, .T. ) ;
#2115 = ORIENTED_EDGE ( 'NONE', *, *, #1084, .F. ) ;
#2116 = DIRECTION ( 'NONE',  ( 9.265548792707379774E-17, -0.7071067811865473507, 0.7071067811865476838 ) ) ;
#2117 = AXIS2_PLACEMENT_3D ( 'NONE', #2096, #904, #1583 ) ;
#2118 = AXIS2_PLACEMENT_3D ( 'NONE', #185, #196, #1902 ) ;
#2119 = VERTEX_POINT ( 'NONE', #398 ) ;
#2120 = AXIS2_PLACEMENT_3D ( 'NONE', #1398, #1904, #744 ) ;
#2121 = CARTESIAN_POINT ( 'NONE',  ( -2.158985799092915325, -5.247249451499769179, -0.1666666666666704322 ) ) ;
#2122 = ADVANCED_FACE ( 'NONE', ( #2095 ), #1420, .F. ) ;
#2123 = ADVANCED_FACE ( 'NONE', ( #1580 ), #1409, .T. ) ;
#2124 = CARTESIAN_POINT ( 'NONE',  ( -3.369790026246718195, -4.717858267086612933, -0.1666666666666666574 ) ) ;
#2125 = ORIENTED_EDGE ( 'NONE', *, *, #2077, .T. ) ;
#2126 = DIRECTION ( 'NONE',  ( 0.7071067811865475727, 0.000000000000000000, -0.7071067811865475727 ) ) ;
#2127 = DIRECTION ( 'NONE',  ( 0.8164965809277311415, -0.5773502691896184036, -6.726363230079245926E-15 ) ) ;
#2128 = CARTESIAN_POINT ( 'NONE',  ( 2.903556692913386250, 3.346456692913386100, 0.000000000000000000 ) ) ;
#2129 = EDGE_LOOP ( 'NONE', ( #477, #975, #1129, #937 ) ) ;
#2130 = APPLICATION_CONTEXT ( 'automotive_design' ) ;
#2131 = EDGE_CURVE ( 'NONE', #2083, #266, #58, .T. ) ;
#2132 = VERTEX_POINT ( 'NONE', #13 ) ;
#2133 = CARTESIAN_POINT ( 'NONE',  ( -1.936693307086614579, 3.100000000000000089, 6.829619984160660511E-17 ) ) ;
#2134 = EDGE_LOOP ( 'NONE', ( #157, #2166, #560, #1390 ) ) ;
#2135 = ORIENTED_EDGE ( 'NONE', *, *, #169, .T. ) ;
#2136 = CARTESIAN_POINT ( 'NONE',  ( -3.411456692913386046, 3.269434687187394939, -0.1666666666666667684 ) ) ;
#2137 = DIRECTION ( 'NONE',  ( -0.000000000000000000, -0.000000000000000000, 1.000000000000000000 ) ) ;
#2138 = EDGE_CURVE ( 'NONE', #1041, #1970, #2106, .T. ) ;
#2139 = DIRECTION ( 'NONE',  ( 0.000000000000000000, -0.7071067811865473507, 0.7071067811865476838 ) ) ;
#2140 = ORIENTED_EDGE ( 'NONE', *, *, #1950, .F. ) ;
#2141 = ORIENTED_EDGE ( 'NONE', *, *, #1445, .F. ) ;
#2142 = CARTESIAN_POINT ( 'NONE',  ( 3.429790026246719581, -4.542858267086613999, -0.2563113276073419322 ) ) ;
#2143 = VERTEX_POINT ( 'NONE', #1247 ) ;
#2144 = DIRECTION ( 'NONE',  ( 1.000000000000000000, 0.000000000000000000, 0.000000000000000000 ) ) ;
#2145 = ORIENTED_EDGE ( 'NONE', *, *, #295, .T. ) ;
#2146 = CARTESIAN_POINT ( 'NONE',  ( -3.236456692913382671, -2.562543307086613709, -0.1666666666666670737 ) ) ;
#2147 = DIRECTION ( 'NONE',  ( 1.000000000000000000, 0.000000000000000000, 0.000000000000000000 ) ) ;
#2148 = CARTESIAN_POINT ( 'NONE',  ( -3.386456692913388355, 3.429790026246719137, -0.04166666666666665741 ) ) ;
#2149 = ORIENTED_EDGE ( 'NONE', *, *, #1847, .F. ) ;
#2150 = EDGE_CURVE ( 'NONE', #444, #1951, #1078, .T. ) ;
#2151 = EDGE_CURVE ( 'NONE', #702, #53, #1115, .T. ) ;
#2152 = CARTESIAN_POINT ( 'NONE',  ( -1.299986614173230803, 3.346456692913386100, -0.3333333299999999833 ) ) ;
#2153 = CARTESIAN_POINT ( 'NONE',  ( -3.211456692913384980, -1.215615989739633918, 1.215615989739635916 ) ) ;
#2154 = ORIENTED_EDGE ( 'NONE', *, *, #2150, .T. ) ;
#2155 = VECTOR ( 'NONE', #831, 39.37007874015748143 ) ;
#2156 =( LENGTH_UNIT ( ) NAMED_UNIT ( * ) SI_UNIT ( $, .METRE. ) );
#2157 = VECTOR ( 'NONE', #1218, 39.37007874015748143 ) ;
#2158 = VECTOR ( 'NONE', #199, 39.37007874015748854 ) ;
#2159 = VECTOR ( 'NONE', #974, 39.37007874015748854 ) ;
#2160 = AXIS2_PLACEMENT_3D ( 'NONE', #1046, #1036, #1568 ) ;
#2161 = CARTESIAN_POINT ( 'NONE',  ( -2.046443307086614816, 3.100000000000000089, -0.3333333299999999833 ) ) ;
#2162 = CARTESIAN_POINT ( 'NONE',  ( -3.369790026246718195, -4.542858267086613999, -0.1666666666666666574 ) ) ;
#2163 = ORIENTED_EDGE ( 'NONE', *, *, #2067, .T. ) ;
#2164 = ORIENTED_EDGE ( 'NONE', *, *, #1659, .T. ) ;
#2165 = FACE_OUTER_BOUND ( 'NONE', #1335, .T. ) ;
#2166 = ORIENTED_EDGE ( 'NONE', *, *, #1113, .T. ) ;
#2167 = DIRECTION ( 'NONE',  ( 1.000000000000000000, 0.000000000000000000, 0.000000000000000000 ) ) ;
#2168 = CARTESIAN_POINT ( 'NONE',  ( -3.369790026246718195, -4.542858267086613999, -0.1666666666666666574 ) ) ;
#2169 = EDGE_CURVE ( 'NONE', #1758, #222, #1091, .T. ) ;
#2170 = ADVANCED_FACE ( 'NONE', ( #446 ), #1480, .F. ) ;
#2171 = LINE ( 'NONE', #1841, #2041 ) ;
#2172 = DIRECTION ( 'NONE',  ( -1.000000000000000000, -0.000000000000000000, -0.000000000000000000 ) ) ;
#2173 = VERTEX_POINT ( 'NONE', #435 ) ;
#2174 = ORIENTED_EDGE ( 'NONE', *, *, #1864, .F. ) ;
#2175 = FACE_OUTER_BOUND ( 'NONE', #269, .T. ) ;
#2176 = ORIENTED_EDGE ( 'NONE', *, *, #1197, .T. ) ;
#2177 = LINE ( 'NONE', #634, #2159 ) ;
#2178 = ADVANCED_FACE ( 'NONE', ( #1636 ), #278, .F. ) ;
#2179 = DIRECTION ( 'NONE',  ( 0.7071067811865517916, 0.000000000000000000, 0.7071067811865430208 ) ) ;
#2180 = CARTESIAN_POINT ( 'NONE',  ( -3.244790026246718639, -4.717858267086612933, -0.2916666666666664631 ) ) ;
#2181 = VERTEX_POINT ( 'NONE', #83 ) ;
#2182 = ADVANCED_FACE ( 'NONE', ( #1444 ), #769, .F. ) ;
#2183 = CARTESIAN_POINT ( 'NONE',  ( -3.405145365306046834, -4.742858267086614177, -0.1666666666666666297 ) ) ;
#2184 = DIRECTION ( 'NONE',  ( 0.000000000000000000, 0.7071067811865473507, 0.7071067811865476838 ) ) ;
#2185 = EDGE_LOOP ( 'NONE', ( #1, #809, #400, #596 ) ) ;
#2186 = DIRECTION ( 'NONE',  ( 1.488165994383635919E-16, -1.000000000000000000, 0.000000000000000000 ) ) ;
#2187 = CARTESIAN_POINT ( 'NONE',  ( -1.750550676927034033, -4.542858267086613999, -1.750550676927027594 ) ) ;
#2188 = VECTOR ( 'NONE', #1828, 39.37007874015748143 ) ;
#2189 = VECTOR ( 'NONE', #834, 39.37007874015748143 ) ;
#2190 = DIRECTION ( 'NONE',  ( -1.000000000000000000, -0.000000000000000000, -0.000000000000000000 ) ) ;
#2191 = FACE_OUTER_BOUND ( 'NONE', #2206, .T. ) ;
#2192 = ORIENTED_EDGE ( 'NONE', *, *, #1571, .T. ) ;
#2193 = VECTOR ( 'NONE', #1016, 39.37007874015748143 ) ;
#2194 = EDGE_LOOP ( 'NONE', ( #1163, #1273, #7, #313 ) ) ;
#2195 = LINE ( 'NONE', #632, #578 ) ;
#2196 = ORIENTED_EDGE ( 'NONE', *, *, #1835, .F. ) ;
#2197 = DIRECTION ( 'NONE',  ( -1.000000000000000000, -1.315127208407396470E-16, -0.000000000000000000 ) ) ;
#2198 = DIRECTION ( 'NONE',  ( 0.000000000000000000, 0.7071067811865476838, 0.7071067811865473507 ) ) ;
#2199 = DIRECTION ( 'NONE',  ( -1.000000000000000000, -0.000000000000000000, 0.000000000000000000 ) ) ;
#2200 = DIRECTION ( 'NONE',  ( -0.000000000000000000, -0.000000000000000000, 1.000000000000000000 ) ) ;
#2201 = ORIENTED_EDGE ( 'NONE', *, *, #1611, .T. ) ;
#2202 = CIRCLE ( 'NONE', #2060, 0.08474999999999968670 ) ;
#2203 = ADVANCED_FACE ( 'NONE', ( #635 ), #1308, .F. ) ;
#2204 = DIRECTION ( 'NONE',  ( 0.8164965809277253683, 0.5773502691896268413, -6.734375574605760841E-15 ) ) ;
#2205 = EDGE_CURVE ( 'NONE', #1875, #1172, #627, .T. ) ;
#2206 = EDGE_LOOP ( 'NONE', ( #494, #79, #2163, #1900 ) ) ;
#2207 = CARTESIAN_POINT ( 'NONE',  ( -3.203123359580052121, -4.658932701987733793, -0.1666666666666670737 ) ) ;
#2208 = DIRECTION ( 'NONE',  ( -0.000000000000000000, -0.000000000000000000, 1.000000000000000000 ) ) ;
#2209 = CARTESIAN_POINT ( 'NONE',  ( -3.386456692913383915, -2.687543307086613265, -0.04166666666666726804 ) ) ;
#2210 = DIRECTION ( 'NONE',  ( -0.000000000000000000, -0.000000000000000000, 1.000000000000000000 ) ) ;
#2211 = ORIENTED_EDGE ( 'NONE', *, *, #458, .F. ) ;
#2212 = DIRECTION ( 'NONE',  ( -0.5773502691896300609, -0.8164965809277230369, 8.717430844938769386E-15 ) ) ;
#2213 = CARTESIAN_POINT ( 'NONE',  ( 2.903556692913386250, 3.346456692913386100, 0.000000000000000000 ) ) ;
#2214 = EDGE_CURVE ( 'NONE', #595, #1551, #289, .T. ) ;
#2215 = EDGE_LOOP ( 'NONE', ( #777, #2002, #335, #670 ) ) ;
#2216 = CARTESIAN_POINT ( 'NONE',  ( -3.211456692913386313, 1.753406015986357369, -1.753406015986356481 ) ) ;
#2217 = FACE_OUTER_BOUND ( 'NONE', #516, .T. ) ;
#2218 = DIRECTION ( 'NONE',  ( 1.000000000000000000, 0.000000000000000000, 0.000000000000000000 ) ) ;
#2219 = VECTOR ( 'NONE', #2064, 39.37007874015748143 ) ;
#2220 = PLANE ( 'NONE',  #1579 ) ;
#2221 = ORIENTED_EDGE ( 'NONE', *, *, #871, .F. ) ;
#2222 = VECTOR ( 'NONE', #2172, 39.37007874015748143 ) ;
#2223 = CIRCLE ( 'NONE', #70, 0.08474999999999968670 ) ;
#2224 = DIRECTION ( 'NONE',  ( -0.000000000000000000, -0.000000000000000000, 1.000000000000000000 ) ) ;
#2225 = DIRECTION ( 'NONE',  ( 0.5773502691896134076, -4.326666044363067866E-15, 0.8164965809277348052 ) ) ;
#2226 = AXIS2_PLACEMENT_3D ( 'NONE', #774, #426, #1270 ) ;
#2227 = AXIS2_PLACEMENT_3D ( 'NONE', #2168, #1824, #962 ) ;
ENDSEC;
END-ISO-10303-21;
