ISO-10303-21;
HEADER;
FILE_DESCRIPTION (( 'STEP AP214' ),
    '1' );
FILE_NAME ('itx_io.STEP',
    '2026-09-26T18:51:26',
    ( '' ),
    ( '' ),
    'SwSTEP 2.0',
    'SolidWorks 2025',
    '' );
FILE_SCHEMA (( 'AUTOMOTIVE_DESIGN' ));
ENDSEC;

DATA;
#1 = CARTESIAN_POINT ( 'NONE',  ( 0.5000000000000000000, 3.596456692913386544, -2.197000000000013831 ) ) ;
#2 = CARTESIAN_POINT ( 'NONE',  ( 0.2000000000000000111, -3.767543307086612447, -4.120500000000023810 ) ) ;
#3 = DIRECTION ( 'NONE',  ( -1.000000000000000000, 0.000000000000000000, 0.000000000000000000 ) ) ;
#4 = ORIENTED_EDGE ( 'NONE', *, *, #1654, .T. ) ;
#5 = VECTOR ( 'NONE', #230, 39.37007874015748143 ) ;
#6 = DIRECTION ( 'NONE',  ( 0.000000000000000000, 1.310346476448665228E-16, -1.000000000000000000 ) ) ;
#7 = DIRECTION ( 'NONE',  ( 0.4999999999999908407, 0.7071067811865604513, -0.4999999999999908407 ) ) ;
#8 = EDGE_LOOP ( 'NONE', ( #235, #1388, #781, #1775 ) ) ;
#9 = FACE_OUTER_BOUND ( 'NONE', #1143, .T. ) ;
#10 = DIRECTION ( 'NONE',  ( 0.000000000000000000, 1.000000000000000000, 1.227367808655070612E-16 ) ) ;
#11 = MANIFOLD_SOLID_BREP ( 'Chamfer1', #52 ) ;
#12 = ADVANCED_FACE ( 'NONE', ( #1093 ), #351, .F. ) ;
#13 = DIRECTION ( 'NONE',  ( 0.000000000000000000, 0.7071067811865491270, 0.7071067811865457964 ) ) ;
#14 = AXIS2_PLACEMENT_3D ( 'NONE', #728, #2142, #548 ) ;
#15 = PLANE ( 'NONE',  #1627 ) ;
#16 = EDGE_CURVE ( 'NONE', #257, #178, #1595, .T. ) ;
#17 = CARTESIAN_POINT ( 'NONE',  ( 0.2500000000000000555, -4.567858267716534471, 0.6666666660367439601 ) ) ;
#18 = ORIENTED_EDGE ( 'NONE', *, *, #580, .F. ) ;
#19 = LINE ( 'NONE', #1822, #905 ) ;
#20 = ORIENTED_EDGE ( 'NONE', *, *, #2056, .T. ) ;
#21 = CARTESIAN_POINT ( 'NONE',  ( 0.9822615391730261658, -2.687543307086612820, -0.4749735510439280772 ) ) ;
#22 = CARTESIAN_POINT ( 'NONE',  ( 0.2000000000000000111, 1.488884010575323602, -1.488884010575323602 ) ) ;
#23 = DIRECTION ( 'NONE',  ( -0.000000000000000000, -0.000000000000000000, -1.000000000000000000 ) ) ;
#24 = CARTESIAN_POINT ( 'NONE',  ( 0.5000000000000000000, -2.812543307086613709, -2.197000000000014719 ) ) ;
#25 = EDGE_CURVE ( 'NONE', #494, #2305, #1067, .T. ) ;
#26 = DIRECTION ( 'NONE',  ( -0.000000000000000000, 9.709273186437355514E-17, -1.000000000000000000 ) ) ;
#27 = VERTEX_POINT ( 'NONE', #1807 ) ;
#28 = PLANE ( 'NONE',  #1905 ) ;
#29 = ORIENTED_EDGE ( 'NONE', *, *, #458, .F. ) ;
#30 = FACE_OUTER_BOUND ( 'NONE', #1457, .T. ) ;
#31 = DIRECTION ( 'NONE',  ( 1.000000000000000000, 0.000000000000000000, 0.000000000000000000 ) ) ;
#32 = VERTEX_POINT ( 'NONE', #516 ) ;
#33 = VECTOR ( 'NONE', #415, 39.37007874015748854 ) ;
#34 = CARTESIAN_POINT ( 'NONE',  ( 0.000000000000000000, -2.847898646145942347, 0.5416666660367450703 ) ) ;
#35 = VECTOR ( 'NONE', #476, 39.37007874015748854 ) ;
#36 = DIRECTION ( 'NONE',  ( 0.000000000000000000, 0.7071067811865461294, -0.7071067811865487940 ) ) ;
#37 = PLANE ( 'NONE',  #359 ) ;
#38 = ORIENTED_EDGE ( 'NONE', *, *, #814, .F. ) ;
#39 = EDGE_CURVE ( 'NONE', #1020, #32, #739, .T. ) ;
#40 = EDGE_CURVE ( 'NONE', #1830, #836, #562, .T. ) ;
#41 = DIRECTION ( 'NONE',  ( -0.000000000000000000, 1.000000000000000000, 1.278755497112309149E-16 ) ) ;
#42 = ORIENTED_EDGE ( 'NONE', *, *, #1832, .T. ) ;
#43 = DIRECTION ( 'NONE',  ( 0.7071067811865474617, 0.000000000000000000, 0.7071067811865474617 ) ) ;
#44 = ADVANCED_FACE ( 'NONE', ( #1447 ), #1265, .T. ) ;
#45 = CARTESIAN_POINT ( 'NONE',  ( 0.000000000000000000, 3.596456692913384767, 0.7083333327034108118 ) ) ;
#46 = ORIENTED_EDGE ( 'NONE', *, *, #394, .F. ) ;
#47 = CARTESIAN_POINT ( 'NONE',  ( 0.2500000000000006661, -4.717858267716534826, -4.627296588556430557 ) ) ;
#48 = FACE_OUTER_BOUND ( 'NONE', #1758, .T. ) ;
#49 = VECTOR ( 'NONE', #1489, 39.37007874015748854 ) ;
#50 = EDGE_LOOP ( 'NONE', ( #1325, #69, #555, #745 ) ) ;
#51 = ORIENTED_EDGE ( 'NONE', *, *, #1405, .F. ) ;
#52 = CLOSED_SHELL ( 'NONE', ( #1356, #1802, #460, #2253, #1528, #2078, #970, #1394, #1572, #830, #1532, #2093, #1252, #736, #988, #2081, #163, #668, #2159, #1863, #1856, #848, #2207, #44, #12, #2171, #336, #811, #137, #696, #354, #2002, #575, #397, #932, #1691, #1422, #2044, #1101, #1045, #602, #989, #2112, #428, #1912, #93, #2043, #1254, #1787, #1138, #1284, #272, #872, #432, #197, #284, #1731, #549, #1868, #1080, #1152, #844, #1236, #2302, #755, #1624, #801, #1970, #1524, #1829, #1737, #1660, #869, #1392, #1561, #1755, #553, #1497, #209, #352, #1239, #151, #118, #2080 ) ) ;
#53 = DIRECTION ( 'NONE',  ( 1.025580099404580385E-15, 0.5773502691896109651, 0.8164965809277363595 ) ) ;
#54 = EDGE_LOOP ( 'NONE', ( #1404, #1554, #1035, #1669 ) ) ;
#55 = LINE ( 'NONE', #1297, #786 ) ;
#56 = DIRECTION ( 'NONE',  ( 0.5773502691896280625, -0.8164965809277242581, 2.423734219295943290E-15 ) ) ;
#57 = ORIENTED_EDGE ( 'NONE', *, *, #25, .F. ) ;
#58 = LINE ( 'NONE', #436, #1894 ) ;
#59 = VECTOR ( 'NONE', #1547, 39.37007874015748854 ) ;
#60 = DIRECTION ( 'NONE',  ( 0.000000000000000000, -1.000000000000000000, -5.641723714618867788E-16 ) ) ;
#61 = AXIS2_PLACEMENT_3D ( 'NONE', #1748, #1387, #511 ) ;
#62 = VERTEX_POINT ( 'NONE', #2133 ) ;
#63 = ORIENTED_EDGE ( 'NONE', *, *, #185, .T. ) ;
#64 = DIRECTION ( 'NONE',  ( 0.000000000000000000, 0.7071067811865474617, -0.7071067811865474617 ) ) ;
#65 = ORIENTED_EDGE ( 'NONE', *, *, #1588, .T. ) ;
#66 = LINE ( 'NONE', #1364, #1110 ) ;
#67 = DIRECTION ( 'NONE',  ( -0.000000000000000000, 1.000000000000000000, -0.000000000000000000 ) ) ;
#68 = CARTESIAN_POINT ( 'NONE',  ( 0.000000000000000000, 3.412112356717055928, 0.3989889965070793076 ) ) ;
#69 = ORIENTED_EDGE ( 'NONE', *, *, #827, .F. ) ;
#70 = LINE ( 'NONE', #1345, #1736 ) ;
#71 = CARTESIAN_POINT ( 'NONE',  ( -0.000000000000000000, -2.887543307086613886, -4.020500000000024166 ) ) ;
#72 = VECTOR ( 'NONE', #2079, 39.37007874015748143 ) ;
#73 = ORIENTED_EDGE ( 'NONE', *, *, #505, .F. ) ;
#74 = CARTESIAN_POINT ( 'NONE',  ( 0.1250000000000004718, -4.567858267716532694, -4.752296588556431445 ) ) ;
#75 = ORIENTED_EDGE ( 'NONE', *, *, #1832, .F. ) ;
#76 = DIRECTION ( 'NONE',  ( 0.7071067811865474617, -6.865492910522570878E-17, 0.7071067811865474617 ) ) ;
#77 = DIRECTION ( 'NONE',  ( -0.000000000000000000, -0.000000000000000000, -1.000000000000000000 ) ) ;
#78 = EDGE_CURVE ( 'NONE', #991, #435, #1946, .T. ) ;
#79 = EDGE_CURVE ( 'NONE', #416, #764, #1104, .T. ) ;
#80 = DIRECTION ( 'NONE',  ( 0.4999999999999906741, 0.7071067811865607844, 0.4999999999999905076 ) ) ;
#81 = VERTEX_POINT ( 'NONE', #895 ) ;
#82 = VECTOR ( 'NONE', #193, 39.37007874015748143 ) ;
#83 = LINE ( 'NONE', #1517, #2303 ) ;
#84 = CARTESIAN_POINT ( 'NONE',  ( 0.2916666666666667962, -4.658932702617655686, 0.5416666660367435160 ) ) ;
#85 = EDGE_CURVE ( 'NONE', #393, #817, #215, .T. ) ;
#86 = ORIENTED_EDGE ( 'NONE', *, *, #600, .F. ) ;
#87 = AXIS2_PLACEMENT_3D ( 'NONE', #714, #1817, #1777 ) ;
#88 = CARTESIAN_POINT ( 'NONE',  ( 0.2500000000000006661, -4.567858267716531806, -4.627296588556430557 ) ) ;
#89 = ORIENTED_EDGE ( 'NONE', *, *, #288, .T. ) ;
#90 = CARTESIAN_POINT ( 'NONE',  ( 0.2847500000000000031, -3.767543307086612447, -4.275500000000024059 ) ) ;
#91 = CARTESIAN_POINT ( 'NONE',  ( 0.2000000000000000111, 1.940906015671396645, 1.940906015671396645 ) ) ;
#92 = CARTESIAN_POINT ( 'NONE',  ( 0.5000000000000000000, -2.812543307086613709, -1.697000000000014719 ) ) ;
#93 = ADVANCED_FACE ( 'NONE', ( #2156 ), #931, .F. ) ;
#94 = ORIENTED_EDGE ( 'NONE', *, *, #1892, .F. ) ;
#95 = CARTESIAN_POINT ( 'NONE',  ( 0.2000000000000000111, -2.687543307086614597, 0.4520220050960737090 ) ) ;
#96 = CARTESIAN_POINT ( 'NONE',  ( 0.1249999999999999584, -4.717858267716534826, 0.5416666660367439601 ) ) ;
#97 = AXIS2_PLACEMENT_3D ( 'NONE', #662, #2084, #486 ) ;
#98 = LINE ( 'NONE', #2110, #1651 ) ;
#99 = EDGE_CURVE ( 'NONE', #597, #957, #335, .T. ) ;
#100 = EDGE_LOOP ( 'NONE', ( #1256, #220, #1148, #263 ) ) ;
#101 = AXIS2_PLACEMENT_3D ( 'NONE', #1012, #1488, #1837 ) ;
#102 = DIRECTION ( 'NONE',  ( 0.7071067811865473507, 0.000000000000000000, -0.7071067811865476838 ) ) ;
#103 = EDGE_LOOP ( 'NONE', ( #976, #347, #648, #89 ) ) ;
#104 = CONICAL_SURFACE ( 'NONE', #1007, 0.1097500000000000003, 0.7853981633974517207 ) ;
#105 = DIRECTION ( 'NONE',  ( -1.000000000000000000, -0.000000000000000000, -0.000000000000000000 ) ) ;
#106 = CARTESIAN_POINT ( 'NONE',  ( 0.000000000000000000, -4.512543307086611222, -4.918963255223098407 ) ) ;
#107 = LINE ( 'NONE', #1514, #290 ) ;
#108 = ORIENTED_EDGE ( 'NONE', *, *, #1778, .T. ) ;
#109 = LINE ( 'NONE', #459, #1153 ) ;
#110 = CARTESIAN_POINT ( 'NONE',  ( 0.000000000000000000, -2.812543307086613709, 0.06299999999998576183 ) ) ;
#111 = LINE ( 'NONE', #703, #1291 ) ;
#112 = ORIENTED_EDGE ( 'NONE', *, *, #150, .T. ) ;
#113 = EDGE_CURVE ( 'NONE', #62, #2222, #1427, .T. ) ;
#114 = EDGE_CURVE ( 'NONE', #874, #953, #1766, .T. ) ;
#115 = DIRECTION ( 'NONE',  ( -0.000000000000000000, -1.000000000000000000, -1.955536093163145995E-16 ) ) ;
#116 = VERTEX_POINT ( 'NONE', #2123 ) ;
#117 = CARTESIAN_POINT ( 'NONE',  ( 0.1249999999999999861, -4.567858267716534471, 0.5416666660367439601 ) ) ;
#118 = ADVANCED_FACE ( 'NONE', ( #538 ), #15, .F. ) ;
#119 = PLANE ( 'NONE',  #1462 ) ;
#120 = PLANE ( 'NONE',  #1257 ) ;
#121 = ORIENTED_EDGE ( 'NONE', *, *, #1976, .F. ) ;
#122 = CARTESIAN_POINT ( 'NONE',  ( 0.02500000000000096242, -2.562543307086614153, 0.5416666660367449593 ) ) ;
#123 = ORIENTED_EDGE ( 'NONE', *, *, #968, .F. ) ;
#124 = DIRECTION ( 'NONE',  ( 0.000000000000000000, 0.7071067811865474617, -0.7071067811865474617 ) ) ;
#125 = VERTEX_POINT ( 'NONE', #729 ) ;
#126 = CARTESIAN_POINT ( 'NONE',  ( 0.1250000000000004718, -4.567858267716531806, -4.752296588556431445 ) ) ;
#127 = VECTOR ( 'NONE', #631, 39.37007874015748143 ) ;
#128 = PLANE ( 'NONE',  #1765 ) ;
#129 = ORIENTED_EDGE ( 'NONE', *, *, #1675, .T. ) ;
#130 = STYLED_ITEM ( 'NONE', ( #1724 ), #11 ) ;
#131 = CARTESIAN_POINT ( 'NONE',  ( 0.05000000000000000278, -2.887543307086613886, 0.5416666660367441821 ) ) ;
#132 = EDGE_CURVE ( 'NONE', #1301, #1653, #1438, .T. ) ;
#133 = VECTOR ( 'NONE', #1535, 39.37007874015748854 ) ;
#134 = LINE ( 'NONE', #322, #1344 ) ;
#135 = ORIENTED_EDGE ( 'NONE', *, *, #1212, .F. ) ;
#136 = CARTESIAN_POINT ( 'NONE',  ( 0.5000000000000000000, -2.812543307086613709, -4.300500000000024414 ) ) ;
#137 = ADVANCED_FACE ( 'NONE', ( #378 ), #1792, .F. ) ;
#138 = CARTESIAN_POINT ( 'NONE',  ( 0.2500000000000000555, -4.542858267716534115, 0.6666666660367439601 ) ) ;
#139 = EDGE_LOOP ( 'NONE', ( #344, #1862, #572, #65 ) ) ;
#140 = EDGE_CURVE ( 'NONE', #819, #1496, #956, .T. ) ;
#141 =( CONVERSION_BASED_UNIT ( 'INCH', #1211 ) LENGTH_UNIT ( ) NAMED_UNIT ( #626 ) );
#142 = DIRECTION ( 'NONE',  ( 0.000000000000000000, -1.000000000000000000, 0.000000000000000000 ) ) ;
#143 = EDGE_LOOP ( 'NONE', ( #838, #1559, #2183, #1194 ) ) ;
#144 = CARTESIAN_POINT ( 'NONE',  ( 0.5000000000000000000, -2.812543307086613709, -4.300500000000024414 ) ) ;
#145 = VECTOR ( 'NONE', #777, 39.37007874015748143 ) ;
#146 = VECTOR ( 'NONE', #1168, 39.37007874015748143 ) ;
#147 = EDGE_CURVE ( 'NONE', #842, #1409, #273, .T. ) ;
#148 = LINE ( 'NONE', #1919, #1386 ) ;
#149 = ORIENTED_EDGE ( 'NONE', *, *, #2173, .T. ) ;
#150 = EDGE_CURVE ( 'NONE', #846, #1653, #1334, .T. ) ;
#151 = ADVANCED_FACE ( 'NONE', ( #48 ), #1164, .F. ) ;
#152 = LINE ( 'NONE', #173, #810 ) ;
#153 = ORIENTED_EDGE ( 'NONE', *, *, #16, .T. ) ;
#154 = EDGE_LOOP ( 'NONE', ( #86, #252, #1412, #2184 ) ) ;
#155 = DIRECTION ( 'NONE',  ( -0.5773502691896290617, 4.486912934894967940E-16, -0.8164965809277235920 ) ) ;
#156 = VERTEX_POINT ( 'NONE', #1290 ) ;
#157 = DIRECTION ( 'NONE',  ( -0.000000000000000000, -0.000000000000000000, -1.000000000000000000 ) ) ;
#158 = CARTESIAN_POINT ( 'NONE',  ( 0.000000000000000000, 3.590145365306050440, 0.5416666660367440711 ) ) ;
#159 = VERTEX_POINT ( 'NONE', #71 ) ;
#160 = EDGE_CURVE ( 'NONE', #857, #842, #2192, .T. ) ;
#161 = CARTESIAN_POINT ( 'NONE',  ( 0.2000000000000000111, 1.940906015671396645, 1.940906015671396645 ) ) ;
#162 = ORIENTED_EDGE ( 'NONE', *, *, #523, .F. ) ;
#163 = ADVANCED_FACE ( 'NONE', ( #1828 ), #437, .F. ) ;
#164 = DIRECTION ( 'NONE',  ( -1.000000000000000000, -0.000000000000000000, -0.000000000000000000 ) ) ;
#165 = PLANE ( 'NONE',  #1003 ) ;
#166 = ORIENTED_EDGE ( 'NONE', *, *, #255, .F. ) ;
#167 = DIRECTION ( 'NONE',  ( -0.4999999999999819589, 0.7071067811865707764, -0.4999999999999852895 ) ) ;
#168 = AXIS2_PLACEMENT_3D ( 'NONE', #387, #1435, #1803 ) ;
#169 = DIRECTION ( 'NONE',  ( 0.000000000000000000, 0.7071067811865474617, -0.7071067811865474617 ) ) ;
#170 = ORIENTED_EDGE ( 'NONE', *, *, #1753, .T. ) ;
#171 = FACE_OUTER_BOUND ( 'NONE', #2008, .T. ) ;
#172 = VECTOR ( 'NONE', #990, 39.37007874015748143 ) ;
#173 = CARTESIAN_POINT ( 'NONE',  ( 0.5000000000000000000, -2.812543307086613709, 0.06299999999998576183 ) ) ;
#174 = VECTOR ( 'NONE', #221, 39.37007874015748143 ) ;
#175 = VECTOR ( 'NONE', #105, 39.37007874015748143 ) ;
#176 = CARTESIAN_POINT ( 'NONE',  ( 0.5000000000000000000, -2.812543307086613709, -1.697000000000014719 ) ) ;
#177 = CARTESIAN_POINT ( 'NONE',  ( 0.000000000000000000, 3.447467695776385455, 0.6843443355664090566 ) ) ;
#178 = VERTEX_POINT ( 'NONE', #967 ) ;
#179 = FACE_OUTER_BOUND ( 'NONE', #1692, .T. ) ;
#180 = EDGE_CURVE ( 'NONE', #2305, #629, #589, .T. ) ;
#181 = EDGE_CURVE ( 'NONE', #1343, #857, #1482, .T. ) ;
#182 = PLANE ( 'NONE',  #1602 ) ;
#183 = ORIENTED_EDGE ( 'NONE', *, *, #2102, .F. ) ;
#184 = PLANE ( 'NONE',  #1562 ) ;
#185 = EDGE_CURVE ( 'NONE', #81, #1641, #993, .T. ) ;
#186 = VECTOR ( 'NONE', #1591, 39.37007874015748143 ) ;
#187 = DIRECTION ( 'NONE',  ( 0.000000000000000000, -0.7071067811865474617, -0.7071067811865474617 ) ) ;
#188 = CARTESIAN_POINT ( 'NONE',  ( 2.545970624748550737, -4.542858267716533227, -2.545970624748571609 ) ) ;
#189 = DIRECTION ( 'NONE',  ( -0.000000000000000000, -0.000000000000000000, -1.000000000000000000 ) ) ;
#190 = LINE ( 'NONE', #1959, #541 ) ;
#191 = ORIENTED_EDGE ( 'NONE', *, *, #39, .F. ) ;
#192 = VECTOR ( 'NONE', #1729, 39.37007874015748143 ) ;
#193 = DIRECTION ( 'NONE',  ( 0.7071067811865473507, -6.865492910522573343E-17, 0.7071067811865476838 ) ) ;
#194 = VERTEX_POINT ( 'NONE', #1665 ) ;
#195 = CARTESIAN_POINT ( 'NONE',  ( 0.4406556634887077717, -4.542858267716534115, 0.4406556634887076607 ) ) ;
#196 = CARTESIAN_POINT ( 'NONE',  ( 0.000000000000000000, -2.887543307086613886, 0.5416666660367441821 ) ) ;
#197 = ADVANCED_FACE ( 'NONE', ( #788 ), #1638, .F. ) ;
#198 = EDGE_LOOP ( 'NONE', ( #1820, #1521, #590, #1420 ) ) ;
#199 = VECTOR ( 'NONE', #1852, 39.37007874015748143 ) ;
#200 = CARTESIAN_POINT ( 'NONE',  ( 0.9018666535187025435, 3.429790026246701373, 1.444611345479642983 ) ) ;
#201 = AXIS2_PLACEMENT_3D ( 'NONE', #1774, #1953, #10 ) ;
#202 = DIRECTION ( 'NONE',  ( -1.000000000000000000, -0.000000000000000000, -0.000000000000000000 ) ) ;
#203 = CARTESIAN_POINT ( 'NONE',  ( 0.5000000000000000000, -4.742858267716533405, -4.918963255223098407 ) ) ;
#204 = VERTEX_POINT ( 'NONE', #2017 ) ;
#205 = CARTESIAN_POINT ( 'NONE',  ( 0.02500000000000096589, -2.687543307086614597, 0.4166666660367451813 ) ) ;
#206 = EDGE_LOOP ( 'NONE', ( #749, #854, #2001, #607 ) ) ;
#207 = DIRECTION ( 'NONE',  ( 0.000000000000000000, -0.7071067811865450192, 0.7071067811865500152 ) ) ;
#208 = VECTOR ( 'NONE', #1165, 39.37007874015748143 ) ;
#209 = ADVANCED_FACE ( 'NONE', ( #2206 ), #613, .F. ) ;
#210 = CARTESIAN_POINT ( 'NONE',  ( 0.1249999999999999861, -4.717858267716534826, 0.5416666660367438491 ) ) ;
#211 = VERTEX_POINT ( 'NONE', #799 ) ;
#212 = VECTOR ( 'NONE', #1477, 39.37007874015748854 ) ;
#213 = DIRECTION ( 'NONE',  ( 0.7071067811865473507, 6.865492910522572111E-17, -0.7071067811865475727 ) ) ;
#214 = EDGE_CURVE ( 'NONE', #2266, #1508, #2166, .T. ) ;
#215 = LINE ( 'NONE', #716, #2234 ) ;
#216 = DIRECTION ( 'NONE',  ( 0.000000000000000000, 0.7071067811865474617, 0.7071067811865474617 ) ) ;
#217 = EDGE_CURVE ( 'NONE', #1607, #1846, #227, .T. ) ;
#218 = ORIENTED_EDGE ( 'NONE', *, *, #720, .T. ) ;
#219 = DIRECTION ( 'NONE',  ( 0.7071067811865503483, -6.865492910522543761E-17, 0.7071067811865445751 ) ) ;
#220 = ORIENTED_EDGE ( 'NONE', *, *, #2204, .F. ) ;
#221 = DIRECTION ( 'NONE',  ( -1.000000000000000000, -0.000000000000000000, -0.000000000000000000 ) ) ;
#222 = AXIS2_PLACEMENT_3D ( 'NONE', #1649, #2191, #812 ) ;
#223 = CARTESIAN_POINT ( 'NONE',  ( 0.000000000000000000, -4.742858267716534293, 0.7083333327034097016 ) ) ;
#224 = ORIENTED_EDGE ( 'NONE', *, *, #1118, .T. ) ;
#225 = VECTOR ( 'NONE', #527, 39.37007874015748854 ) ;
#226 = DIRECTION ( 'NONE',  ( -1.000000000000000000, -0.000000000000000000, -0.000000000000000000 ) ) ;
#227 = LINE ( 'NONE', #84, #1504 ) ;
#228 = EDGE_LOOP ( 'NONE', ( #1166, #1491, #1781, #1734 ) ) ;
#229 = ORIENTED_EDGE ( 'NONE', *, *, #1833, .T. ) ;
#230 = DIRECTION ( 'NONE',  ( -0.000000000000000000, -0.000000000000000000, 1.000000000000000000 ) ) ;
#231 = ORIENTED_EDGE ( 'NONE', *, *, #563, .T. ) ;
#232 = PLANE ( 'NONE',  #1776 ) ;
#233 = PRODUCT ( 'itx_io', 'itx_io', '', ( #667 ) ) ;
#234 = LINE ( 'NONE', #1988, #1764 ) ;
#235 = ORIENTED_EDGE ( 'NONE', *, *, #1001, .T. ) ;
#236 = DIRECTION ( 'NONE',  ( -0.7071067811865473507, -6.865492910522574576E-17, 0.7071067811865476838 ) ) ;
#237 = VECTOR ( 'NONE', #1991, 39.37007874015748143 ) ;
#238 = VERTEX_POINT ( 'NONE', #2179 ) ;
#239 = ORIENTED_EDGE ( 'NONE', *, *, #513, .F. ) ;
#240 = AXIS2_PLACEMENT_3D ( 'NONE', #484, #391, #881 ) ;
#241 = CARTESIAN_POINT ( 'NONE',  ( 0.000000000000000000, -2.527187968027285514, 0.5416666660367449593 ) ) ;
#242 = ORIENTED_EDGE ( 'NONE', *, *, #1405, .T. ) ;
#243 = PLANE ( 'NONE',  #101 ) ;
#244 = CARTESIAN_POINT ( 'NONE',  ( 0.2500000000000000000, -4.542858267716534115, 0.6313113269774154324 ) ) ;
#245 = DIRECTION ( 'NONE',  ( 0.000000000000000000, -0.000000000000000000, 1.000000000000000000 ) ) ;
#246 = ORIENTED_EDGE ( 'NONE', *, *, #1569, .T. ) ;
#247 = LINE ( 'NONE', #775, #704 ) ;
#248 = VECTOR ( 'NONE', #1570, 39.37007874015748143 ) ;
#249 = CARTESIAN_POINT ( 'NONE',  ( 0.1250000000000004441, -4.717858267716534826, -4.752296588556431445 ) ) ;
#250 = ORIENTED_EDGE ( 'NONE', *, *, #525, .F. ) ;
#251 = CARTESIAN_POINT ( 'NONE',  ( 0.02500000000000096242, 3.304790026246720913, 0.5416666660367441821 ) ) ;
#252 = ORIENTED_EDGE ( 'NONE', *, *, #40, .F. ) ;
#253 = LINE ( 'NONE', #793, #1223 ) ;
#254 = CARTESIAN_POINT ( 'NONE',  ( 0.02500000000000096242, -2.687543307086613265, 0.6666666660367451813 ) ) ;
#255 = EDGE_CURVE ( 'NONE', #1113, #832, #1117, .T. ) ;
#256 = CARTESIAN_POINT ( 'NONE',  ( 0.000000000000000000, -2.812543307086613709, -2.197000000000014719 ) ) ;
#257 = VERTEX_POINT ( 'NONE', #2006 ) ;
#258 = CARTESIAN_POINT ( 'NONE',  ( 0.2500000000000000555, -4.542858267716534115, 0.4166666660367439046 ) ) ;
#259 = EDGE_CURVE ( 'NONE', #1915, #125, #260, .T. ) ;
#260 = LINE ( 'NONE', #981, #499 ) ;
#261 = AXIS2_PLACEMENT_3D ( 'NONE', #131, #492, #1877 ) ;
#262 = VECTOR ( 'NONE', #2186, 39.37007874015748854 ) ;
#263 = ORIENTED_EDGE ( 'NONE', *, *, #513, .T. ) ;
#264 = EDGE_CURVE ( 'NONE', #1998, #1943, #1762, .T. ) ;
#265 = FACE_OUTER_BOUND ( 'NONE', #1336, .T. ) ;
#266 = ORIENTED_EDGE ( 'NONE', *, *, #16, .F. ) ;
#267 = CARTESIAN_POINT ( 'NONE',  ( 0.2500000000000000555, -4.717858267716534826, 0.4166666660367439046 ) ) ;
#268 = CARTESIAN_POINT ( 'NONE',  ( 0.000000000000000000, -2.812543307086613709, -4.300500000000024414 ) ) ;
#269 = CARTESIAN_POINT ( 'NONE',  ( 0.5000000000000000000, -2.887543307086613886, 0.06299999999998576183 ) ) ;
#270 = ORIENTED_EDGE ( 'NONE', *, *, #1217, .F. ) ;
#271 = CARTESIAN_POINT ( 'NONE',  ( 0.2500000000000011657, -3.460527335606688126, -3.311294166331351541 ) ) ;
#272 = ADVANCED_FACE ( 'NONE', ( #171 ), #2265, .T. ) ;
#273 = LINE ( 'NONE', #425, #1740 ) ;
#274 = LINE ( 'NONE', #1390, #1579 ) ;
#275 = EDGE_LOOP ( 'NONE', ( #2095, #384, #1436, #1972 ) ) ;
#276 = PLANE ( 'NONE',  #1162 ) ;
#277 = EDGE_LOOP ( 'NONE', ( #1055, #423, #1307, #1295 ) ) ;
#278 = DIRECTION ( 'NONE',  ( -0.7071067811865474617, 0.000000000000000000, -0.7071067811865474617 ) ) ;
#279 = DIRECTION ( 'NONE',  ( -0.5773502691896330585, -0.8164965809277208164, -2.315567568186850462E-15 ) ) ;
#280 = LINE ( 'NONE', #1712, #172 ) ;
#281 = ORIENTED_EDGE ( 'NONE', *, *, #1326, .F. ) ;
#282 = DIRECTION ( 'NONE',  ( -0.000000000000000000, -0.000000000000000000, -1.000000000000000000 ) ) ;
#283 = LINE ( 'NONE', #1210, #1200 ) ;
#284 = ADVANCED_FACE ( 'NONE', ( #1421 ), #837, .F. ) ;
#285 = VECTOR ( 'NONE', #868, 39.37007874015748143 ) ;
#286 = EDGE_CURVE ( 'NONE', #809, #178, #1380, .T. ) ;
#287 = DIRECTION ( 'NONE',  ( 0.7071067811865417996, -0.5000000000000041078, -0.5000000000000041078 ) ) ;
#288 = EDGE_CURVE ( 'NONE', #1943, #2036, #1075, .T. ) ;
#289 = ORIENTED_EDGE ( 'NONE', *, *, #2198, .F. ) ;
#290 = VECTOR ( 'NONE', #1183, 39.37007874015748143 ) ;
#291 = VECTOR ( 'NONE', #594, 39.37007874015748143 ) ;
#292 = FACE_OUTER_BOUND ( 'NONE', #1804, .T. ) ;
#293 = ORIENTED_EDGE ( 'NONE', *, *, #2005, .F. ) ;
#294 = AXIS2_PLACEMENT_3D ( 'NONE', #92, #2251, #245 ) ;
#295 = LINE ( 'NONE', #986, #1406 ) ;
#296 = CARTESIAN_POINT ( 'NONE',  ( 0.2000000000000000111, -1.659427317032012850, 1.659427317032015292 ) ) ;
#297 = CARTESIAN_POINT ( 'NONE',  ( 0.000000000000000000, 3.596456692913384767, 0.7083333327034108118 ) ) ;
#298 = ORIENTED_EDGE ( 'NONE', *, *, #1969, .F. ) ;
#299 = PLANE ( 'NONE',  #222 ) ;
#300 = CARTESIAN_POINT ( 'NONE',  ( 0.2500000000000000555, -4.567858267716534471, 0.6666666660367439601 ) ) ;
#301 = VECTOR ( 'NONE', #2066, 39.37007874015748854 ) ;
#302 = FACE_BOUND ( 'NONE', #1074, .T. ) ;
#303 = ORIENTED_EDGE ( 'NONE', *, *, #1685, .T. ) ;
#304 = CARTESIAN_POINT ( 'NONE',  ( 0.000000000000000000, -2.812543307086613709, -2.197000000000014719 ) ) ;
#305 = CARTESIAN_POINT ( 'NONE',  ( 0.2000000000000000111, 0.000000000000000000, 0.000000000000000000 ) ) ;
#306 = PLANE ( 'NONE',  #1677 ) ;
#307 = ORIENTED_EDGE ( 'NONE', *, *, #1507, .F. ) ;
#308 = AXIS2_PLACEMENT_3D ( 'NONE', #1142, #1498, #1473 ) ;
#309 = DIRECTION ( 'NONE',  ( -1.000000000000000000, -0.000000000000000000, 0.000000000000000000 ) ) ;
#310 = EDGE_CURVE ( 'NONE', #1812, #125, #533, .T. ) ;
#311 = SURFACE_SIDE_STYLE ('',( #1222 ) ) ;
#312 = EDGE_CURVE ( 'NONE', #1641, #504, #1028, .T. ) ;
#313 = FACE_OUTER_BOUND ( 'NONE', #1629, .T. ) ;
#314 = VERTEX_POINT ( 'NONE', #1249 ) ;
#315 = FACE_OUTER_BOUND ( 'NONE', #1531, .T. ) ;
#316 = AXIS2_PLACEMENT_3D ( 'NONE', #1773, #309, #1005 ) ;
#317 = AXIS2_PLACEMENT_3D ( 'NONE', #2151, #735, #31 ) ;
#318 = PLANE ( 'NONE',  #1206 ) ;
#319 = ORIENTED_EDGE ( 'NONE', *, *, #1569, .F. ) ;
#320 = CARTESIAN_POINT ( 'NONE',  ( 0.2000000000000000111, 3.340145365306049552, 0.5416666660367440711 ) ) ;
#321 = VERTEX_POINT ( 'NONE', #2230 ) ;
#322 = CARTESIAN_POINT ( 'NONE',  ( 0.02500000000000096242, 3.429790026246720913, 0.4166666660367443487 ) ) ;
#323 = ORIENTED_EDGE ( 'NONE', *, *, #927, .F. ) ;
#324 = CARTESIAN_POINT ( 'NONE',  ( 2.545970624748550737, -4.542858267716533227, -2.545970624748571609 ) ) ;
#325 = EDGE_CURVE ( 'NONE', #1301, #707, #1176, .T. ) ;
#326 = EDGE_CURVE ( 'NONE', #2164, #1641, #1952, .T. ) ;
#327 = FACE_OUTER_BOUND ( 'NONE', #54, .T. ) ;
#328 = ORIENTED_EDGE ( 'NONE', *, *, #772, .F. ) ;
#329 = ADVANCED_BREP_SHAPE_REPRESENTATION ( 'itx_io', ( #11, #2003 ), #1376 ) ;
#330 = FACE_OUTER_BOUND ( 'NONE', #1726, .T. ) ;
#331 =( LENGTH_UNIT ( ) NAMED_UNIT ( * ) SI_UNIT ( $, .METRE. ) );
#332 = DIRECTION ( 'NONE',  ( -1.000000000000000000, -0.000000000000000000, -0.000000000000000000 ) ) ;
#333 = VERTEX_POINT ( 'NONE', #1704 ) ;
#334 = LINE ( 'NONE', #1033, #888 ) ;
#335 = CIRCLE ( 'NONE', #1158, 0.08474999999999996425 ) ;
#336 = ADVANCED_FACE ( 'NONE', ( #826 ), #485, .F. ) ;
#337 = VECTOR ( 'NONE', #1924, 39.37007874015748854 ) ;
#338 = LINE ( 'NONE', #521, #2074 ) ;
#339 = ORIENTED_EDGE ( 'NONE', *, *, #1358, .F. ) ;
#340 = DIRECTION ( 'NONE',  ( 0.7071067811865446862, 1.382772832330714510E-16, -0.7071067811865504593 ) ) ;
#341 = VERTEX_POINT ( 'NONE', #813 ) ;
#342 = CARTESIAN_POINT ( 'NONE',  ( 2.456325963807880264, -4.542858267716533227, -2.456325963807875823 ) ) ;
#343 = CARTESIAN_POINT ( 'NONE',  ( 0.2000000000000000111, -2.967543307086612181, -4.300500000000024414 ) ) ;
#344 = ORIENTED_EDGE ( 'NONE', *, *, #1546, .T. ) ;
#345 = CARTESIAN_POINT ( 'NONE',  ( 0.2000000000000000111, -3.767543307086612447, -4.300500000000024414 ) ) ;
#346 = FACE_OUTER_BOUND ( 'NONE', #2291, .T. ) ;
#347 = ORIENTED_EDGE ( 'NONE', *, *, #386, .T. ) ;
#348 = VECTOR ( 'NONE', #1634, 39.37007874015748143 ) ;
#349 = LINE ( 'NONE', #1054, #133 ) ;
#350 = ORIENTED_EDGE ( 'NONE', *, *, #702, .T. ) ;
#351 = CONICAL_SURFACE ( 'NONE', #240, 0.08474999999999992262, 1.029744258676653867 ) ;
#352 = ADVANCED_FACE ( 'NONE', ( #1891 ), #1201, .F. ) ;
#353 = DIRECTION ( 'NONE',  ( 0.000000000000000000, -0.7071067811865480168, -0.7071067811865469066 ) ) ;
#354 = ADVANCED_FACE ( 'NONE', ( #461 ), #2090, .F. ) ;
#355 = EDGE_CURVE ( 'NONE', #341, #671, #283, .T. ) ;
#356 = DIRECTION ( 'NONE',  ( -0.000000000000000000, -0.000000000000000000, -1.000000000000000000 ) ) ;
#357 = ORIENTED_EDGE ( 'NONE', *, *, #214, .T. ) ;
#358 = FACE_OUTER_BOUND ( 'NONE', #2025, .T. ) ;
#359 = AXIS2_PLACEMENT_3D ( 'NONE', #1243, #566, #2167 ) ;
#360 = CARTESIAN_POINT ( 'NONE',  ( 0.3510110025480361884, -4.542858267716534115, 0.3510110025480364104 ) ) ;
#361 = EDGE_LOOP ( 'NONE', ( #760, #1600, #1696, #1381 ) ) ;
#362 = CARTESIAN_POINT ( 'NONE',  ( 0.2000000000000000111, -2.967543307086612181, -4.300500000000024414 ) ) ;
#363 = VECTOR ( 'NONE', #2024, 39.37007874015748854 ) ;
#364 = PLANE ( 'NONE',  #1137 ) ;
#365 = VERTEX_POINT ( 'NONE', #1534 ) ;
#366 = DIRECTION ( 'NONE',  ( -0.7071067811865473507, 1.382772832330709086E-16, -0.7071067811865476838 ) ) ;
#367 = DIRECTION ( 'NONE',  ( 0.000000000000000000, -0.7071067811865489050, -0.7071067811865462405 ) ) ;
#368 = CARTESIAN_POINT ( 'NONE',  ( 0.2000000000000000111, -3.767543307086612447, -4.300500000000024414 ) ) ;
#369 = VERTEX_POINT ( 'NONE', #300 ) ;
#370 = AXIS2_PLACEMENT_3D ( 'NONE', #2241, #1864, #1876 ) ;
#371 = LINE ( 'NONE', #2169, #82 ) ;
#372 = VERTEX_POINT ( 'NONE', #1016 ) ;
#373 = LINE ( 'NONE', #1987, #291 ) ;
#374 = VECTOR ( 'NONE', #1601, 39.37007874015748143 ) ;
#375 = FACE_OUTER_BOUND ( 'NONE', #731, .T. ) ;
#376 = ORIENTED_EDGE ( 'NONE', *, *, #750, .F. ) ;
#377 = CARTESIAN_POINT ( 'NONE',  ( 0.02500000000000096242, -2.687543307086614597, 0.4166666660367451813 ) ) ;
#378 = FACE_OUTER_BOUND ( 'NONE', #430, .T. ) ;
#379 = CARTESIAN_POINT ( 'NONE',  ( 0.2500000000000000555, -4.542858267716534115, 0.4520220050960724878 ) ) ;
#380 = ORIENTED_EDGE ( 'NONE', *, *, #851, .F. ) ;
#381 = AXIS2_PLACEMENT_3D ( 'NONE', #1631, #2148, #924 ) ;
#382 = EDGE_CURVE ( 'NONE', #2036, #1378, #647, .T. ) ;
#383 = DIRECTION ( 'NONE',  ( 5.448394278086763210E-15, 0.5773502691896305050, 0.8164965809277225928 ) ) ;
#384 = ORIENTED_EDGE ( 'NONE', *, *, #851, .T. ) ;
#385 = DIRECTION ( 'NONE',  ( 0.000000000000000000, -0.7071067811865461294, 0.7071067811865487940 ) ) ;
#386 = EDGE_CURVE ( 'NONE', #409, #1020, #1714, .T. ) ;
#387 = CARTESIAN_POINT ( 'NONE',  ( 0.2000000000000000111, 3.554790026246720469, 0.5416666660367441821 ) ) ;
#388 = VERTEX_POINT ( 'NONE', #1553 ) ;
#389 = DIRECTION ( 'NONE',  ( -0.7071067811865469066, 6.865492910522579506E-17, -0.7071067811865482389 ) ) ;
#390 = AXIS2_PLACEMENT_3D ( 'NONE', #424, #1004, #787 ) ;
#391 = DIRECTION ( 'NONE',  ( -0.000000000000000000, -0.000000000000000000, -1.000000000000000000 ) ) ;
#392 = CARTESIAN_POINT ( 'NONE',  ( 0.02500000000000096242, 3.554790026246720469, 0.5416666660367441821 ) ) ;
#393 = VERTEX_POINT ( 'NONE', #320 ) ;
#394 = EDGE_CURVE ( 'NONE', #1548, #2197, #1064, .T. ) ;
#395 = CARTESIAN_POINT ( 'NONE',  ( 0.2000000000000000111, -2.597898646145942791, 0.5416666660367450703 ) ) ;
#396 = EDGE_LOOP ( 'NONE', ( #652, #1474, #1097, #713 ) ) ;
#397 = ADVANCED_FACE ( 'NONE', ( #30 ), #184, .F. ) ;
#398 = CARTESIAN_POINT ( 'NONE',  ( 0.1749999999999990175, -2.562543307086614153, 0.5416666660367449593 ) ) ;
#399 = VECTOR ( 'NONE', #2000, 39.37007874015748143 ) ;
#400 = CARTESIAN_POINT ( 'NONE',  ( 0.000000000000000000, -4.512543307086611222, -4.020500000000024166 ) ) ;
#401 = ORIENTED_EDGE ( 'NONE', *, *, #1375, .F. ) ;
#402 = CIRCLE ( 'NONE', #1994, 0.1097500000000000003 ) ;
#403 = PLANE ( 'NONE',  #14 ) ;
#404 = VECTOR ( 'NONE', #1727, 39.37007874015748143 ) ;
#405 = CARTESIAN_POINT ( 'NONE',  ( 0.1249999999999999861, -4.567858267716534471, 0.5416666660367439601 ) ) ;
#406 = DIRECTION ( 'NONE',  ( -1.000000000000000000, -0.000000000000000000, -0.000000000000000000 ) ) ;
#407 = ORIENTED_EDGE ( 'NONE', *, *, #1270, .T. ) ;
#408 = DIRECTION ( 'NONE',  ( -1.000000000000000000, -0.000000000000000000, -0.000000000000000000 ) ) ;
#409 = VERTEX_POINT ( 'NONE', #398 ) ;
#410 = LINE ( 'NONE', #902, #374 ) ;
#411 = CARTESIAN_POINT ( 'NONE',  ( 0.5000000000000000000, -2.812543307086613709, 0.06299999999998576183 ) ) ;
#412 = ORIENTED_EDGE ( 'NONE', *, *, #2220, .T. ) ;
#413 = EDGE_CURVE ( 'NONE', #1015, #1020, #1633, .T. ) ;
#414 = CARTESIAN_POINT ( 'NONE',  ( 0.1250000000000004718, -4.717858267716534826, -4.752296588556431445 ) ) ;
#415 = DIRECTION ( 'NONE',  ( 0.5773502691896109651, 4.358715422469466735E-15, -0.8164965809277363595 ) ) ;
#416 = VERTEX_POINT ( 'NONE', #1124 ) ;
#417 = ORIENTED_EDGE ( 'NONE', *, *, #1801, .T. ) ;
#418 = CARTESIAN_POINT ( 'NONE',  ( 0.000000000000000000, -4.512543307086611222, 0.06299999999998576183 ) ) ;
#419 = ORIENTED_EDGE ( 'NONE', *, *, #113, .F. ) ;
#420 = LINE ( 'NONE', #570, #1516 ) ;
#421 = DIRECTION ( 'NONE',  ( -0.7071067811865469066, 0.000000000000000000, -0.7071067811865482389 ) ) ;
#422 = DIRECTION ( 'NONE',  ( 0.8164965809277224817, -0.5773502691896306160, -1.726660245481889778E-15 ) ) ;
#423 = ORIENTED_EDGE ( 'NONE', *, *, #580, .T. ) ;
#424 = CARTESIAN_POINT ( 'NONE',  ( 0.2000000000000000111, -2.967543307086612181, -4.120500000000023810 ) ) ;
#425 = CARTESIAN_POINT ( 'NONE',  ( 0.5000000000000000000, -4.512543307086611222, 0.06299999999998576183 ) ) ;
#426 = VECTOR ( 'NONE', #2023, 39.37007874015748143 ) ;
#427 = VERTEX_POINT ( 'NONE', #2172 ) ;
#428 = ADVANCED_FACE ( 'NONE', ( #1620 ), #232, .F. ) ;
#429 = CARTESIAN_POINT ( 'NONE',  ( 0.000000000000000000, -2.812543307086613709, -4.300500000000024414 ) ) ;
#430 = EDGE_LOOP ( 'NONE', ( #1821, #298, #1487, #916 ) ) ;
#431 = CARTESIAN_POINT ( 'NONE',  ( 0.2500000000000006106, -4.742858267716533405, -4.591941249497105915 ) ) ;
#432 = ADVANCED_FACE ( 'NONE', ( #9 ), #1274, .F. ) ;
#433 = FACE_OUTER_BOUND ( 'NONE', #1102, .T. ) ;
#434 = CARTESIAN_POINT ( 'NONE',  ( 0.5000000000000000000, -2.812543307086613709, -2.197000000000014719 ) ) ;
#435 = VERTEX_POINT ( 'NONE', #951 ) ;
#436 = CARTESIAN_POINT ( 'NONE',  ( 0.000000000000000000, -2.830220976616278250, 0.5593443355664092786 ) ) ;
#437 = PLANE ( 'NONE',  #520 ) ;
#438 = ORIENTED_EDGE ( 'NONE', *, *, #871, .F. ) ;
#439 = LINE ( 'NONE', #2046, #2203 ) ;
#440 = ORIENTED_EDGE ( 'NONE', *, *, #2007, .F. ) ;
#441 = PLANE ( 'NONE',  #2295 ) ;
#442 = EDGE_CURVE ( 'NONE', #1915, #388, #723, .T. ) ;
#443 = FACE_OUTER_BOUND ( 'NONE', #1720, .T. ) ;
#444 = DIRECTION ( 'NONE',  ( -0.7071067811865630048, -0.4999999999999890643, 0.4999999999999890643 ) ) ;
#445 = ORIENTED_EDGE ( 'NONE', *, *, #498, .T. ) ;
#446 = CARTESIAN_POINT ( 'NONE',  ( -0.5400026407408212714, -2.687543307086607935, -0.5944997656314860990 ) ) ;
#447 = VECTOR ( 'NONE', #623, 39.37007874015748143 ) ;
#448 = CARTESIAN_POINT ( 'NONE',  ( 0.5000000000000000000, 3.447456692913386078, 0.06299999999998652511 ) ) ;
#449 = VECTOR ( 'NONE', #818, 39.37007874015748143 ) ;
#450 = CARTESIAN_POINT ( 'NONE',  ( 0.000000000000000000, -2.669865637556949167, 0.6843443355664095007 ) ) ;
#451 = EDGE_LOOP ( 'NONE', ( #1038, #2228, #625, #1831 ) ) ;
#452 = CARTESIAN_POINT ( 'NONE',  ( 0.2847499999999999476, -2.967543307086612181, -4.300500000000024414 ) ) ;
#453 = ORIENTED_EDGE ( 'NONE', *, *, #624, .F. ) ;
#454 = LINE ( 'NONE', #961, #586 ) ;
#455 = LINE ( 'NONE', #2013, #686 ) ;
#456 = CARTESIAN_POINT ( 'NONE',  ( 0.05000000000000000278, -2.887543307086613886, 0.06299999999998576183 ) ) ;
#457 = ORIENTED_EDGE ( 'NONE', *, *, #1743, .F. ) ;
#458 = EDGE_CURVE ( 'NONE', #1029, #2272, #55, .T. ) ;
#459 = CARTESIAN_POINT ( 'NONE',  ( 0.2000000000000000111, -2.812543307086613709, 0.5416666660367449593 ) ) ;
#460 = ADVANCED_FACE ( 'NONE', ( #1785 ), #1667, .F. ) ;
#461 = FACE_OUTER_BOUND ( 'NONE', #1761, .T. ) ;
#462 = EDGE_CURVE ( 'NONE', #1317, #1841, #410, .T. ) ;
#463 = CARTESIAN_POINT ( 'NONE',  ( 0.05000000000000000278, -2.887543307086613886, 0.06299999999998576183 ) ) ;
#464 = ORIENTED_EDGE ( 'NONE', *, *, #1340, .T. ) ;
#465 = AXIS2_PLACEMENT_3D ( 'NONE', #1698, #821, #1529 ) ;
#466 = CARTESIAN_POINT ( 'NONE',  ( 0.2500000000000006661, -4.717858267716534826, -4.877296588556430557 ) ) ;
#467 = ORIENTED_EDGE ( 'NONE', *, *, #2175, .F. ) ;
#468 = FACE_OUTER_BOUND ( 'NONE', #2047, .T. ) ;
#469 = DIRECTION ( 'NONE',  ( 0.000000000000000000, -0.7071067811865480168, -0.7071067811865469066 ) ) ;
#470 = DIRECTION ( 'NONE',  ( 0.000000000000000000, -0.7071067811865461294, 0.7071067811865487940 ) ) ;
#471 = ORIENTED_EDGE ( 'NONE', *, *, #1782, .F. ) ;
#472 = DIRECTION ( 'NONE',  ( -0.000000000000000000, 1.000000000000000000, 1.745589772309433661E-16 ) ) ;
#473 = CARTESIAN_POINT ( 'NONE',  ( 0.1250000000000000000, -4.717858267716534826, 0.5416666660367439601 ) ) ;
#474 = SURFACE_STYLE_USAGE ( .BOTH. , #311 ) ;
#475 = VECTOR ( 'NONE', #1661, 39.37007874015748143 ) ;
#476 = DIRECTION ( 'NONE',  ( 0.7071067811865474617, -6.865492910522569645E-17, 0.7071067811865474617 ) ) ;
#477 = EDGE_LOOP ( 'NONE', ( #757, #183, #870, #552 ) ) ;
#478 = VECTOR ( 'NONE', #1227, 39.37007874015748143 ) ;
#479 = DIRECTION ( 'NONE',  ( 0.7071067811865475727, 1.382772832330709086E-16, -0.7071067811865475727 ) ) ;
#480 = CARTESIAN_POINT ( 'NONE',  ( -2.275137291100257642, -4.742858267716533405, -2.143825964122840766 ) ) ;
#481 = FACE_OUTER_BOUND ( 'NONE', #1136, .T. ) ;
#482 = EDGE_LOOP ( 'NONE', ( #2029, #38 ) ) ;
#483 = CARTESIAN_POINT ( 'NONE',  ( 0.08392556509887878768, 3.388123359580055727, 0.5416666660367438491 ) ) ;
#484 = CARTESIAN_POINT ( 'NONE',  ( 0.2000000000000000111, -2.967543307086612181, -4.120500000000023810 ) ) ;
#485 = CONICAL_SURFACE ( 'NONE', #2087, 0.1097500000000000003, 0.7853981633974517207 ) ;
#486 = DIRECTION ( 'NONE',  ( -0.7071067811865473507, -6.865492910522572111E-17, 0.7071067811865475727 ) ) ;
#487 = ORIENTED_EDGE ( 'NONE', *, *, #876, .F. ) ;
#488 = DIRECTION ( 'NONE',  ( -0.000000000000000000, -0.000000000000000000, 1.000000000000000000 ) ) ;
#489 = DIRECTION ( 'NONE',  ( 0.7071067811865473507, 0.000000000000000000, -0.7071067811865475727 ) ) ;
#490 = ORIENTED_EDGE ( 'NONE', *, *, #1190, .T. ) ;
#491 = VECTOR ( 'NONE', #1811, 39.37007874015748854 ) ;
#492 = DIRECTION ( 'NONE',  ( -0.000000000000000000, 1.260852920152738937E-16, 1.000000000000000000 ) ) ;
#493 = EDGE_CURVE ( 'NONE', #2197, #2011, #2138, .T. ) ;
#494 = VERTEX_POINT ( 'NONE', #2150 ) ;
#495 = FACE_BOUND ( 'NONE', #2300, .T. ) ;
#496 = ORIENTED_EDGE ( 'NONE', *, *, #1340, .F. ) ;
#497 = FACE_OUTER_BOUND ( 'NONE', #1951, .T. ) ;
#498 = EDGE_CURVE ( 'NONE', #1653, #2272, #926, .T. ) ;
#499 = VECTOR ( 'NONE', #1506, 39.37007874015748143 ) ;
#500 = AXIS2_PLACEMENT_3D ( 'NONE', #414, #537, #389 ) ;
#501 = CARTESIAN_POINT ( 'NONE',  ( 0.1999999999999999556, -3.767543307086612447, -4.069577062537438117 ) ) ;
#502 = ORIENTED_EDGE ( 'NONE', *, *, #1636, .F. ) ;
#503 = CARTESIAN_POINT ( 'NONE',  ( 0.02500000000000096242, -2.687543307086613265, 0.6666666660367451813 ) ) ;
#504 = VERTEX_POINT ( 'NONE', #746 ) ;
#505 = EDGE_CURVE ( 'NONE', #494, #1607, #373, .T. ) ;
#506 = AXIS2_PLACEMENT_3D ( 'NONE', #368, #356, #3 ) ;
#507 = DIRECTION ( 'NONE',  ( 0.000000000000000000, -0.7071067811865474617, -0.7071067811865474617 ) ) ;
#508 = ORIENTED_EDGE ( 'NONE', *, *, #1563, .T. ) ;
#509 = CARTESIAN_POINT ( 'NONE',  ( 0.2000000000000000111, 3.429790026246720913, 0.6666666660367440711 ) ) ;
#510 = VECTOR ( 'NONE', #2162, 39.37007874015748143 ) ;
#511 = DIRECTION ( 'NONE',  ( 0.000000000000000000, -0.000000000000000000, -1.000000000000000000 ) ) ;
#512 = ORIENTED_EDGE ( 'NONE', *, *, #2007, .T. ) ;
#513 = EDGE_CURVE ( 'NONE', #1343, #159, #1813, .T. ) ;
#514 = DIRECTION ( 'NONE',  ( -0.7071067811865436870, 0.5000000000000037748, 0.5000000000000018874 ) ) ;
#515 = VECTOR ( 'NONE', #980, 39.37007874015748143 ) ;
#516 = CARTESIAN_POINT ( 'NONE',  ( 0.1749999999999989897, -2.812543307086613709, 0.5416666660367449593 ) ) ;
#517 = PLANE ( 'NONE',  #637 ) ;
#518 = ORIENTED_EDGE ( 'NONE', *, *, #1475, .T. ) ;
#519 = LINE ( 'NONE', #1398, #404 ) ;
#520 = AXIS2_PLACEMENT_3D ( 'NONE', #1865, #60, #601 ) ;
#521 = CARTESIAN_POINT ( 'NONE',  ( 0.5000000000000000000, -2.812543307086613709, -1.697000000000014719 ) ) ;
#522 = EDGE_LOOP ( 'NONE', ( #1238, #1151, #2122, #2051 ) ) ;
#523 = EDGE_CURVE ( 'NONE', #1986, #333, #1086, .T. ) ;
#524 = DIRECTION ( 'NONE',  ( -0.7071067811865503483, 0.000000000000000000, -0.7071067811865445751 ) ) ;
#525 = EDGE_CURVE ( 'NONE', #2168, #1998, #1133, .T. ) ;
#526 = EDGE_CURVE ( 'NONE', #2011, #369, #420, .T. ) ;
#527 = DIRECTION ( 'NONE',  ( 0.5773502691896205130, -0.8164965809277296982, 6.666270646129740356E-15 ) ) ;
#528 = CARTESIAN_POINT ( 'NONE',  ( 0.2000000000000000111, -2.967543307086612181, -4.300500000000024414 ) ) ;
#529 = ORIENTED_EDGE ( 'NONE', *, *, #1921, .F. ) ;
#530 = CARTESIAN_POINT ( 'NONE',  ( 0.000000000000000000, -2.812543307086613709, -1.697000000000014719 ) ) ;
#531 = DIRECTION ( 'NONE',  ( -0.8571673007021120005, 0.000000000000000000, -0.5150380749100547106 ) ) ;
#532 = EDGE_LOOP ( 'NONE', ( #1042, #864, #1879, #1887 ) ) ;
#533 = LINE ( 'NONE', #2129, #72 ) ;
#534 = VECTOR ( 'NONE', #1966, 39.37007874015748143 ) ;
#535 = DIRECTION ( 'NONE',  ( -1.000000000000000000, -0.000000000000000000, -0.000000000000000000 ) ) ;
#536 =( GEOMETRIC_REPRESENTATION_CONTEXT ( 3 ) GLOBAL_UNCERTAINTY_ASSIGNED_CONTEXT ( ( #1797 ) ) GLOBAL_UNIT_ASSIGNED_CONTEXT ( ( #141, #2274, #1415 ) ) REPRESENTATION_CONTEXT ( 'NONE', 'WORKASPACE' ) );
#537 = DIRECTION ( 'NONE',  ( -0.5000000000000028866, 0.7071067811865441310, 0.5000000000000019984 ) ) ;
#538 = FACE_OUTER_BOUND ( 'NONE', #1403, .T. ) ;
#539 = CARTESIAN_POINT ( 'NONE',  ( 0.2000000000000000111, -2.687543307086614597, 0.4166666660367451813 ) ) ;
#540 = ORIENTED_EDGE ( 'NONE', *, *, #1756, .F. ) ;
#541 = VECTOR ( 'NONE', #26, 39.37007874015748143 ) ;
#542 = LINE ( 'NONE', #1997, #1977 ) ;
#543 = ORIENTED_EDGE ( 'NONE', *, *, #1592, .F. ) ;
#544 = DIRECTION ( 'NONE',  ( 0.7071067811865474617, -0.4999999999999997224, 0.5000000000000004441 ) ) ;
#545 = EDGE_CURVE ( 'NONE', #2011, #1730, #1800, .T. ) ;
#546 = PLANE ( 'NONE',  #317 ) ;
#547 = ORIENTED_EDGE ( 'NONE', *, *, #1494, .F. ) ;
#548 = DIRECTION ( 'NONE',  ( 0.000000000000000000, -0.000000000000000000, 1.000000000000000000 ) ) ;
#549 = ADVANCED_FACE ( 'NONE', ( #1283 ), #243, .F. ) ;
#550 = DIRECTION ( 'NONE',  ( 0.000000000000000000, 0.7071067811865474617, 0.7071067811865474617 ) ) ;
#551 = LINE ( 'NONE', #177, #850 ) ;
#552 = ORIENTED_EDGE ( 'NONE', *, *, #1989, .T. ) ;
#553 = ADVANCED_FACE ( 'NONE', ( #468 ), #2059, .F. ) ;
#554 = CARTESIAN_POINT ( 'NONE',  ( 0.05000000000000000278, -2.887543307086613886, 0.06299999999998576183 ) ) ;
#555 = ORIENTED_EDGE ( 'NONE', *, *, #1475, .F. ) ;
#556 = DIRECTION ( 'NONE',  ( 0.7071067811865469066, 0.000000000000000000, 0.7071067811865482389 ) ) ;
#557 = AXIS2_PLACEMENT_3D ( 'NONE', #2012, #1434, #768 ) ;
#558 = VECTOR ( 'NONE', #1835, 39.37007874015748143 ) ;
#559 = DIRECTION ( 'NONE',  ( 0.000000000000000000, -0.7071067811865474617, -0.7071067811865474617 ) ) ;
#560 = CARTESIAN_POINT ( 'NONE',  ( 0.2000000000000000111, -2.967543307086612181, -4.300500000000024414 ) ) ;
#561 = EDGE_CURVE ( 'NONE', #1085, #946, #608, .T. ) ;
#562 = LINE ( 'NONE', #176, #1646 ) ;
#563 = EDGE_CURVE ( 'NONE', #1263, #257, #454, .T. ) ;
#564 = EDGE_CURVE ( 'NONE', #1526, #1744, #1701, .T. ) ;
#565 = EDGE_CURVE ( 'NONE', #2119, #577, #1658, .T. ) ;
#566 = DIRECTION ( 'NONE',  ( -1.000000000000000000, -0.000000000000000000, 0.000000000000000000 ) ) ;
#567 = ORIENTED_EDGE ( 'NONE', *, *, #264, .F. ) ;
#568 = DIRECTION ( 'NONE',  ( -0.000000000000000000, -1.000000000000000000, -1.955536093163145995E-16 ) ) ;
#569 = ORIENTED_EDGE ( 'NONE', *, *, #1507, .T. ) ;
#570 = CARTESIAN_POINT ( 'NONE',  ( 0.2500000000000001110, -4.335131195835788986, 0.3375408846516028682 ) ) ;
#571 = DIRECTION ( 'NONE',  ( -0.7071067811865473507, 6.865492910522573343E-17, -0.7071067811865476838 ) ) ;
#572 = ORIENTED_EDGE ( 'NONE', *, *, #859, .T. ) ;
#573 = DIRECTION ( 'NONE',  ( 0.7071067811865503483, 0.000000000000000000, 0.7071067811865445751 ) ) ;
#574 = DIRECTION ( 'NONE',  ( -0.5000000000000108802, 0.7071067811865319186, -0.5000000000000111022 ) ) ;
#575 = ADVANCED_FACE ( 'NONE', ( #2022 ), #1351, .F. ) ;
#576 = PLANE ( 'NONE',  #1068 ) ;
#577 = VERTEX_POINT ( 'NONE', #2033 ) ;
#578 = LINE ( 'NONE', #1783, #491 ) ;
#579 = ORIENTED_EDGE ( 'NONE', *, *, #462, .F. ) ;
#580 = EDGE_CURVE ( 'NONE', #1015, #1156, #66, .T. ) ;
#581 = CARTESIAN_POINT ( 'NONE',  ( 0.2000000000000000111, -1.659427317032012850, 1.659427317032015514 ) ) ;
#582 = VECTOR ( 'NONE', #155, 39.37007874015748854 ) ;
#583 = PLANE ( 'NONE',  #201 ) ;
#584 = VERTEX_POINT ( 'NONE', #431 ) ;
#585 = VECTOR ( 'NONE', #1207, 39.37007874015748854 ) ;
#586 = VECTOR ( 'NONE', #1847, 39.37007874015748143 ) ;
#587 = FACE_OUTER_BOUND ( 'NONE', #1907, .T. ) ;
#588 = VECTOR ( 'NONE', #2086, 39.37007874015748143 ) ;
#589 = LINE ( 'NONE', #405, #145 ) ;
#590 = ORIENTED_EDGE ( 'NONE', *, *, #2141, .T. ) ;
#591 = ORIENTED_EDGE ( 'NONE', *, *, #1621, .F. ) ;
#592 = CARTESIAN_POINT ( 'NONE',  ( 0.3396446609406729711, -4.542858267716533227, -4.752296588556430557 ) ) ;
#593 = VERTEX_POINT ( 'NONE', #618 ) ;
#594 = DIRECTION ( 'NONE',  ( -0.000000000000000000, -1.000000000000000000, -1.955536093163145995E-16 ) ) ;
#595 = VECTOR ( 'NONE', #1674, 39.37007874015748143 ) ;
#596 = CARTESIAN_POINT ( 'NONE',  ( 0.2000000000000000111, -2.687543307086613265, 0.6666666660367451813 ) ) ;
#597 = VERTEX_POINT ( 'NONE', #90 ) ;
#598 = EDGE_CURVE ( 'NONE', #597, #116, #295, .T. ) ;
#599 = FACE_OUTER_BOUND ( 'NONE', #1130, .T. ) ;
#600 = EDGE_CURVE ( 'NONE', #836, #2164, #806, .T. ) ;
#601 = DIRECTION ( 'NONE',  ( 0.000000000000000000, 5.641723714618867788E-16, -1.000000000000000000 ) ) ;
#602 = ADVANCED_FACE ( 'NONE', ( #782 ), #2048, .F. ) ;
#603 = EDGE_LOOP ( 'NONE', ( #419, #2146, #2208 ) ) ;
#604 = EDGE_LOOP ( 'NONE', ( #339, #2277, #1161, #1230, #2058, #2246 ) ) ;
#605 = VECTOR ( 'NONE', #53, 39.37007874015748854 ) ;
#606 = CARTESIAN_POINT ( 'NONE',  ( 0.2000000000000000111, 3.554790026246720469, 0.5416666660367441821 ) ) ;
#607 = ORIENTED_EDGE ( 'NONE', *, *, #160, .T. ) ;
#608 = LINE ( 'NONE', #1181, #1583 ) ;
#609 = FACE_OUTER_BOUND ( 'NONE', #929, .T. ) ;
#610 = PLANE ( 'NONE',  #2180 ) ;
#611 = ORIENTED_EDGE ( 'NONE', *, *, #682, .T. ) ;
#612 = FACE_OUTER_BOUND ( 'NONE', #1226, .T. ) ;
#613 = PLANE ( 'NONE',  #913 ) ;
#614 = AXIS2_PLACEMENT_3D ( 'NONE', #1501, #77, #987 ) ;
#615 = ORIENTED_EDGE ( 'NONE', *, *, #1451, .F. ) ;
#616 = CARTESIAN_POINT ( 'NONE',  ( 0.08392556509888013383, -2.729209973753281115, 0.5416666660367444042 ) ) ;
#617 = ORIENTED_EDGE ( 'NONE', *, *, #259, .T. ) ;
#618 = CARTESIAN_POINT ( 'NONE',  ( 0.2500000000000004996, -4.742858267716533405, -4.912651927615756087 ) ) ;
#619 = LINE ( 'NONE', #974, #2132 ) ;
#620 = LINE ( 'NONE', #68, #363 ) ;
#621 = EDGE_LOOP ( 'NONE', ( #2149, #633, #1454, #1106 ) ) ;
#622 = DIRECTION ( 'NONE',  ( 0.000000000000000000, -1.000000000000000000, -1.310346476448665228E-16 ) ) ;
#623 = DIRECTION ( 'NONE',  ( 0.7071067811865499042, 6.865492910522547459E-17, -0.7071067811865451302 ) ) ;
#624 = EDGE_CURVE ( 'NONE', #1199, #1260, #402, .T. ) ;
#625 = ORIENTED_EDGE ( 'NONE', *, *, #565, .F. ) ;
#626 = DIMENSIONAL_EXPONENTS ( 1.000000000000000000, 0.000000000000000000, 0.000000000000000000, 0.000000000000000000, 0.000000000000000000, 0.000000000000000000, 0.000000000000000000 ) ;
#627 = EDGE_CURVE ( 'NONE', #238, #194, #2213, .T. ) ;
#628 = FACE_OUTER_BOUND ( 'NONE', #532, .T. ) ;
#629 = VERTEX_POINT ( 'NONE', #117 ) ;
#630 = LINE ( 'NONE', #2117, #588 ) ;
#631 = DIRECTION ( 'NONE',  ( -0.000000000000000000, 1.000000000000000000, -0.000000000000000000 ) ) ;
#632 = DIRECTION ( 'NONE',  ( 0.000000000000000000, 0.7071067811865474617, 0.7071067811865474617 ) ) ;
#633 = ORIENTED_EDGE ( 'NONE', *, *, #1625, .F. ) ;
#634 = EDGE_CURVE ( 'NONE', #946, #1317, #253, .T. ) ;
#635 = CARTESIAN_POINT ( 'NONE',  ( 0.5000000000000000000, 3.596456692913386544, -2.197000000000013831 ) ) ;
#636 = DIRECTION ( 'NONE',  ( 0.000000000000000000, 0.7071067811865480168, 0.7071067811865469066 ) ) ;
#637 = AXIS2_PLACEMENT_3D ( 'NONE', #1383, #142, #1233 ) ;
#638 = LINE ( 'NONE', #2294, #208 ) ;
#639 = ORIENTED_EDGE ( 'NONE', *, *, #1224, .T. ) ;
#640 = LINE ( 'NONE', #2211, #1452 ) ;
#641 = EDGE_LOOP ( 'NONE', ( #1713, #1184, #129, #2190 ) ) ;
#642 = DIRECTION ( 'NONE',  ( 1.281975124255706884E-14, -0.5773502691896277295, 0.8164965809277245912 ) ) ;
#643 = LINE ( 'NONE', #91, #1246 ) ;
#644 = FACE_OUTER_BOUND ( 'NONE', #206, .T. ) ;
#645 = ORIENTED_EDGE ( 'NONE', *, *, #214, .F. ) ;
#646 = LINE ( 'NONE', #258, #515 ) ;
#647 = LINE ( 'NONE', #1360, #861 ) ;
#648 = ORIENTED_EDGE ( 'NONE', *, *, #1451, .T. ) ;
#649 = CONICAL_SURFACE ( 'NONE', #954, 0.08474999999999992262, 1.029744258676653867 ) ;
#650 = AXIS2_PLACEMENT_3D ( 'NONE', #752, #1605, #2298 ) ;
#651 = CARTESIAN_POINT ( 'NONE',  ( 0.2000000000000000111, 1.488884010575323602, -1.488884010575323602 ) ) ;
#652 = ORIENTED_EDGE ( 'NONE', *, *, #78, .F. ) ;
#653 = DIRECTION ( 'NONE',  ( -0.7071067811865451302, 1.382772832330713524E-16, -0.7071067811865499042 ) ) ;
#654 = FACE_OUTER_BOUND ( 'NONE', #277, .T. ) ;
#655 = DIRECTION ( 'NONE',  ( 0.7071067811865398012, -0.5000000000000065503, -0.5000000000000046629 ) ) ;
#656 = ORIENTED_EDGE ( 'NONE', *, *, #382, .F. ) ;
#657 = CARTESIAN_POINT ( 'NONE',  ( 0.000000000000000000, 0.000000000000000000, 0.000000000000000000 ) ) ;
#658 = DIRECTION ( 'NONE',  ( -0.000000000000000000, -1.000000000000000000, -1.227367808655070612E-16 ) ) ;
#659 = VECTOR ( 'NONE', #2054, 39.37007874015748143 ) ;
#660 = ORIENTED_EDGE ( 'NONE', *, *, #1932, .F. ) ;
#661 = VECTOR ( 'NONE', #1910, 39.37007874015748143 ) ;
#662 = CARTESIAN_POINT ( 'NONE',  ( 0.2500000000000000555, -4.717858267716534826, 0.6666666660367439601 ) ) ;
#663 = ORIENTED_EDGE ( 'NONE', *, *, #442, .T. ) ;
#664 = DIRECTION ( 'NONE',  ( -0.000000000000000000, -0.000000000000000000, -1.000000000000000000 ) ) ;
#665 = DIRECTION ( 'NONE',  ( -1.000000000000000000, 0.000000000000000000, -0.000000000000000000 ) ) ;
#666 = ORIENTED_EDGE ( 'NONE', *, *, #39, .T. ) ;
#667 = PRODUCT_CONTEXT ( 'NONE', #935, 'mechanical' ) ;
#668 = ADVANCED_FACE ( 'NONE', ( #1500 ), #441, .T. ) ;
#669 = DIRECTION ( 'NONE',  ( -1.000000000000000000, 0.000000000000000000, 0.000000000000000000 ) ) ;
#670 = PRODUCT_RELATED_PRODUCT_CATEGORY ( 'part', '', ( #233 ) ) ;
#671 = VERTEX_POINT ( 'NONE', #1681 ) ;
#672 = VECTOR ( 'NONE', #1465, 39.37007874015747433 ) ;
#673 = VECTOR ( 'NONE', #1049, 39.37007874015748143 ) ;
#674 = CARTESIAN_POINT ( 'NONE',  ( 0.02500000000000096242, -2.562543307086614153, 0.5416666660367449593 ) ) ;
#675 = ORIENTED_EDGE ( 'NONE', *, *, #1728, .T. ) ;
#676 = DIRECTION ( 'NONE',  ( -1.000000000000000000, 0.000000000000000000, 0.000000000000000000 ) ) ;
#677 = EDGE_CURVE ( 'NONE', #842, #1085, #1512, .T. ) ;
#678 = LINE ( 'NONE', #1399, #1296 ) ;
#679 = EDGE_LOOP ( 'NONE', ( #29, #1700, #1328, #51 ) ) ;
#680 = CARTESIAN_POINT ( 'NONE',  ( 0.02500000000000096242, 3.429790026246720913, 0.6666666660367440711 ) ) ;
#681 = VECTOR ( 'NONE', #41, 39.37007874015748143 ) ;
#682 = EDGE_CURVE ( 'NONE', #958, #809, #630, .T. ) ;
#683 = CARTESIAN_POINT ( 'NONE',  ( 0.2500000000000006661, -4.717858267716534826, -4.877296588556430557 ) ) ;
#684 = ORIENTED_EDGE ( 'NONE', *, *, #1324, .T. ) ;
#685 = PLANE ( 'NONE',  #2077 ) ;
#686 = VECTOR ( 'NONE', #279, 39.37007874015748854 ) ;
#687 = CARTESIAN_POINT ( 'NONE',  ( 0.2847499999999999476, -3.767543307086612447, -4.120500000000023810 ) ) ;
#688 = ORIENTED_EDGE ( 'NONE', *, *, #2273, .F. ) ;
#689 = LINE ( 'NONE', #450, #659 ) ;
#690 = ORIENTED_EDGE ( 'NONE', *, *, #2175, .T. ) ;
#691 = ORIENTED_EDGE ( 'NONE', *, *, #1289, .T. ) ;
#692 = VECTOR ( 'NONE', #873, 39.37007874015748143 ) ;
#693 = CARTESIAN_POINT ( 'NONE',  ( 0.2500000000000000555, -4.717858267716534826, 0.4166666660367439046 ) ) ;
#694 = ORIENTED_EDGE ( 'NONE', *, *, #2062, .F. ) ;
#695 = CARTESIAN_POINT ( 'NONE',  ( 0.2000000000000000111, -3.767543307086612447, -4.120500000000023810 ) ) ;
#696 = ADVANCED_FACE ( 'NONE', ( #1374 ), #104, .F. ) ;
#697 = AXIS2_PLACEMENT_3D ( 'NONE', #1527, #2237, #1539 ) ;
#698 = EDGE_CURVE ( 'NONE', #2197, #494, #1587, .T. ) ;
#699 = AXIS2_PLACEMENT_3D ( 'NONE', #1385, #1410, #885 ) ;
#700 = CARTESIAN_POINT ( 'NONE',  ( 0.5000000000000000000, -2.812543307086613709, -2.197000000000014719 ) ) ;
#701 = ORIENTED_EDGE ( 'NONE', *, *, #1175, .F. ) ;
#702 = EDGE_CURVE ( 'NONE', #27, #874, #2301, .T. ) ;
#703 = CARTESIAN_POINT ( 'NONE',  ( 0.2847499999999999476, -2.967543307086612181, -4.120500000000023810 ) ) ;
#704 = VECTOR ( 'NONE', #472, 39.37007874015748143 ) ;
#705 = CARTESIAN_POINT ( 'NONE',  ( 0.2000000000000000111, -2.687543307086614597, 0.4166666660367451813 ) ) ;
#706 = DIRECTION ( 'NONE',  ( -0.7071067811865499042, -6.865492910522548691E-17, 0.7071067811865451302 ) ) ;
#707 = VERTEX_POINT ( 'NONE', #2269 ) ;
#708 = FACE_BOUND ( 'NONE', #482, .T. ) ;
#709 = CARTESIAN_POINT ( 'NONE',  ( 0.05000000000000000971, -4.512543307086611222, 0.06299999999998576183 ) ) ;
#710 = EDGE_LOOP ( 'NONE', ( #73, #867, #2285, #1911 ) ) ;
#711 = DIRECTION ( 'NONE',  ( 0.000000000000000000, 0.7071067811865450192, -0.7071067811865500152 ) ) ;
#712 = DIRECTION ( 'NONE',  ( -0.000000000000000000, 9.709273186437355514E-17, -1.000000000000000000 ) ) ;
#713 = ORIENTED_EDGE ( 'NONE', *, *, #1258, .F. ) ;
#714 = CARTESIAN_POINT ( 'NONE',  ( 0.5000000000000000000, -4.512543307086611222, -4.918963255223098407 ) ) ;
#715 = VECTOR ( 'NONE', #383, 39.37007874015748143 ) ;
#716 = CARTESIAN_POINT ( 'NONE',  ( 0.2000000000000000111, 1.399239349634652685, -1.399239349634652685 ) ) ;
#717 = LINE ( 'NONE', #1780, #1806 ) ;
#718 = ORIENTED_EDGE ( 'NONE', *, *, #79, .F. ) ;
#719 = DIRECTION ( 'NONE',  ( 0.000000000000000000, 1.000000000000000000, 1.310346476448665228E-16 ) ) ;
#720 = EDGE_CURVE ( 'NONE', #2222, #1744, #519, .T. ) ;
#721 = DIRECTION ( 'NONE',  ( 0.7071067811865474617, 0.000000000000000000, 0.7071067811865474617 ) ) ;
#722 = ORIENTED_EDGE ( 'NONE', *, *, #627, .F. ) ;
#723 = LINE ( 'NONE', #1645, #2193 ) ;
#724 = VECTOR ( 'NONE', #226, 39.37007874015748143 ) ;
#725 = FACE_OUTER_BOUND ( 'NONE', #100, .T. ) ;
#726 = ORIENTED_EDGE ( 'NONE', *, *, #264, .T. ) ;
#727 = PRESENTATION_LAYER_ASSIGNMENT (  '', '', ( #130 ) ) ;
#728 = CARTESIAN_POINT ( 'NONE',  ( 0.5000000000000000000, -4.512543307086611222, 0.06299999999998576183 ) ) ;
#729 = CARTESIAN_POINT ( 'NONE',  ( 0.2500000000000000555, -4.717858267716534826, 0.4166666660367438491 ) ) ;
#730 = CARTESIAN_POINT ( 'NONE',  ( 0.3781556638036722706, -4.742858267716533405, -5.040807591419427247 ) ) ;
#731 = EDGE_LOOP ( 'NONE', ( #1652, #1610, #718, #1551 ) ) ;
#732 = DIRECTION ( 'NONE',  ( -0.7071067811865476838, -1.382772832330708840E-16, 0.7071067811865473507 ) ) ;
#733 = VERTEX_POINT ( 'NONE', #1195 ) ;
#734 = CARTESIAN_POINT ( 'NONE',  ( 0.2000000000000000111, -2.562543307086614153, 0.5416666660367449593 ) ) ;
#735 = DIRECTION ( 'NONE',  ( -0.000000000000000000, 0.000000000000000000, 1.000000000000000000 ) ) ;
#736 = ADVANCED_FACE ( 'NONE', ( #708, #2278, #1021 ), #685, .F. ) ;
#737 = EDGE_CURVE ( 'NONE', #1662, #1653, #1566, .T. ) ;
#738 = DIRECTION ( 'NONE',  ( 0.000000000000000000, -1.278755497112309149E-16, 1.000000000000000000 ) ) ;
#739 = LINE ( 'NONE', #1582, #1061 ) ;
#740 = PRODUCT_DEFINITION_FORMATION_WITH_SPECIFIED_SOURCE ( 'ANY', '', #233, .NOT_KNOWN. ) ;
#741 = CARTESIAN_POINT ( 'NONE',  ( 0.2500000000000006661, -4.567858267716531806, -4.877296588556430557 ) ) ;
#742 = VERTEX_POINT ( 'NONE', #1897 ) ;
#743 = VECTOR ( 'NONE', #1312, 39.37007874015748143 ) ;
#744 = FACE_OUTER_BOUND ( 'NONE', #1749, .T. ) ;
#745 = ORIENTED_EDGE ( 'NONE', *, *, #1694, .T. ) ;
#746 = CARTESIAN_POINT ( 'NONE',  ( 0.000000000000000000, -2.812543307086613709, 0.06299999999998576183 ) ) ;
#747 = VECTOR ( 'NONE', #1510, 39.37007874015748854 ) ;
#748 = PLANE ( 'NONE',  #168 ) ;
#749 = ORIENTED_EDGE ( 'NONE', *, *, #677, .T. ) ;
#750 = EDGE_CURVE ( 'NONE', #159, #1841, #1557, .T. ) ;
#751 = LINE ( 'NONE', #188, #1722 ) ;
#752 = CARTESIAN_POINT ( 'NONE',  ( 0.5000000000000000000, 3.447456692913386078, 0.06299999999998652511 ) ) ;
#753 = DIRECTION ( 'NONE',  ( -0.7071067811865503483, 1.232595164407830946E-32, -0.7071067811865445751 ) ) ;
#754 = ORIENTED_EDGE ( 'NONE', *, *, #1270, .F. ) ;
#755 = ADVANCED_FACE ( 'NONE', ( #497 ), #1549, .F. ) ;
#756 = LINE ( 'NONE', #1294, #605 ) ;
#757 = ORIENTED_EDGE ( 'NONE', *, *, #750, .T. ) ;
#758 = DIRECTION ( 'NONE',  ( -0.7071067811865482389, -1.382772832330707854E-16, 0.7071067811865469066 ) ) ;
#759 = CARTESIAN_POINT ( 'NONE',  ( 0.5000000000000000000, -2.812543307086613709, -1.697000000000014719 ) ) ;
#760 = ORIENTED_EDGE ( 'NONE', *, *, #1675, .F. ) ;
#761 = AXIS2_PLACEMENT_3D ( 'NONE', #1456, #2163, #1112 ) ;
#762 = PLANE ( 'NONE',  #500 ) ;
#763 = CARTESIAN_POINT ( 'NONE',  ( 0.2000000000000000111, -1.569782656091337492, 1.569782656091345263 ) ) ;
#764 = VERTEX_POINT ( 'NONE', #1759 ) ;
#765 = VERTEX_POINT ( 'NONE', #1939 ) ;
#766 = LINE ( 'NONE', #804, #2092 ) ;
#767 = ORIENTED_EDGE ( 'NONE', *, *, #947, .F. ) ;
#768 = DIRECTION ( 'NONE',  ( -1.000000000000000000, 0.000000000000000000, 0.000000000000000000 ) ) ;
#769 = AXIS2_PLACEMENT_3D ( 'NONE', #1825, #903, #1815 ) ;
#770 = EDGE_CURVE ( 'NONE', #1901, #953, #2105, .T. ) ;
#771 = CARTESIAN_POINT ( 'NONE',  ( 0.02500000000000096242, -2.812543307086613709, 0.5416666660367449593 ) ) ;
#772 = EDGE_CURVE ( 'NONE', #2125, #211, #334, .T. ) ;
#773 = ORIENTED_EDGE ( 'NONE', *, *, #983, .T. ) ;
#774 = VECTOR ( 'NONE', #1025, 39.37007874015748143 ) ;
#775 = CARTESIAN_POINT ( 'NONE',  ( 0.5000000000000000000, 3.447456692913386078, -1.697000000000013609 ) ) ;
#776 = CIRCLE ( 'NONE', #699, 0.1097500000000000003 ) ;
#777 = DIRECTION ( 'NONE',  ( -0.7071067811865476838, 0.000000000000000000, 0.7071067811865473507 ) ) ;
#778 = ORIENTED_EDGE ( 'NONE', *, *, #2220, .F. ) ;
#779 = ORIENTED_EDGE ( 'NONE', *, *, #413, .F. ) ;
#780 = CARTESIAN_POINT ( 'NONE',  ( 0.05000000000000000278, -2.887543307086613886, 0.5416666660367441821 ) ) ;
#781 = ORIENTED_EDGE ( 'NONE', *, *, #325, .F. ) ;
#782 = FACE_OUTER_BOUND ( 'NONE', #710, .T. ) ;
#783 = CARTESIAN_POINT ( 'NONE',  ( 0.1749999999999989619, 3.304790026246720913, 0.5416666660367441821 ) ) ;
#784 = FACE_OUTER_BOUND ( 'NONE', #679, .T. ) ;
#785 = ORIENTED_EDGE ( 'NONE', *, *, #1814, .F. ) ;
#786 = VECTOR ( 'NONE', #1611, 39.37007874015748854 ) ;
#787 = DIRECTION ( 'NONE',  ( -1.000000000000000000, 0.000000000000000000, 0.000000000000000000 ) ) ;
#788 = FACE_OUTER_BOUND ( 'NONE', #1715, .T. ) ;
#789 = EDGE_LOOP ( 'NONE', ( #1979, #162, #440, #1461 ) ) ;
#790 = VECTOR ( 'NONE', #1618, 39.37007874015748854 ) ;
#791 = DIRECTION ( 'NONE',  ( -0.000000000000000000, -1.000000000000000000, -1.955536093163145995E-16 ) ) ;
#792 = ORIENTED_EDGE ( 'NONE', *, *, #1212, .T. ) ;
#793 = CARTESIAN_POINT ( 'NONE',  ( 0.05000000000000000278, -2.887543307086613886, 0.5416666660367441821 ) ) ;
#794 = CARTESIAN_POINT ( 'NONE',  ( 2.456325963807880264, -4.542858267716533227, -2.456325963807875823 ) ) ;
#795 = CARTESIAN_POINT ( 'NONE',  ( 0.2500000000000006661, -4.542858267716533227, -4.627296588556430557 ) ) ;
#796 = ORIENTED_EDGE ( 'NONE', *, *, #814, .T. ) ;
#797 = EDGE_CURVE ( 'NONE', #991, #597, #1908, .T. ) ;
#798 = DIRECTION ( 'NONE',  ( -1.000000000000000000, 0.000000000000000000, 0.000000000000000000 ) ) ;
#799 = CARTESIAN_POINT ( 'NONE',  ( 0.000000000000000000, -2.687543307086614597, 0.3813113269774166536 ) ) ;
#800 = VECTOR ( 'NONE', #1469, 39.37007874015748143 ) ;
#801 = ADVANCED_FACE ( 'NONE', ( #315 ), #1418, .F. ) ;
#802 = AXIS2_PLACEMENT_3D ( 'NONE', #1626, #1276, #13 ) ;
#803 = EDGE_LOOP ( 'NONE', ( #2202, #660, #639, #1058 ) ) ;
#804 = CARTESIAN_POINT ( 'NONE',  ( 0.2499999999999844846, -5.582930301394160466, -3.191767951743778031 ) ) ;
#805 = ORIENTED_EDGE ( 'NONE', *, *, #2005, .T. ) ;
#806 = LINE ( 'NONE', #1883, #887 ) ;
#807 = DIRECTION ( 'NONE',  ( 0.8164965809277364706, 0.5773502691896108541, 8.372900030295277569E-16 ) ) ;
#808 = FACE_OUTER_BOUND ( 'NONE', #1717, .T. ) ;
#809 = VERTEX_POINT ( 'NONE', #126 ) ;
#810 = VECTOR ( 'NONE', #1240, 39.37007874015748143 ) ;
#811 = ADVANCED_FACE ( 'NONE', ( #875 ), #1111, .F. ) ;
#812 = DIRECTION ( 'NONE',  ( -0.7071067811865473507, 0.000000000000000000, -0.7071067811865476838 ) ) ;
#813 = CARTESIAN_POINT ( 'NONE',  ( 0.2500000000000006661, -4.567858267716531806, -4.627296588556430557 ) ) ;
#814 = EDGE_CURVE ( 'NONE', #116, #1077, #776, .T. ) ;
#815 = AXIS2_PLACEMENT_3D ( 'NONE', #267, #1339, #76 ) ;
#816 = PLANE ( 'NONE',  #1185 ) ;
#817 = VERTEX_POINT ( 'NONE', #2096 ) ;
#818 = DIRECTION ( 'NONE',  ( -0.000000000000000000, -1.000000000000000000, -1.955536093163145995E-16 ) ) ;
#819 = VERTEX_POINT ( 'NONE', #1216 ) ;
#820 = DIRECTION ( 'NONE',  ( 0.000000000000000000, -0.000000000000000000, -1.000000000000000000 ) ) ;
#821 = DIRECTION ( 'NONE',  ( -0.000000000000000000, -0.000000000000000000, -1.000000000000000000 ) ) ;
#822 = FACE_OUTER_BOUND ( 'NONE', #1397, .T. ) ;
#823 = ORIENTED_EDGE ( 'NONE', *, *, #1022, .T. ) ;
#824 = DIRECTION ( 'NONE',  ( -1.000000000000000000, -0.000000000000000000, -0.000000000000000000 ) ) ;
#825 = VECTOR ( 'NONE', #1754, 39.37007874015748143 ) ;
#826 = FACE_OUTER_BOUND ( 'NONE', #2216, .T. ) ;
#827 = EDGE_CURVE ( 'NONE', #27, #1901, #1918, .T. ) ;
#828 = DIRECTION ( 'NONE',  ( 0.000000000000000000, -0.7071067811865461294, 0.7071067811865487940 ) ) ;
#829 = EDGE_LOOP ( 'NONE', ( #1941, #438, #293, #908 ) ) ;
#830 = ADVANCED_FACE ( 'NONE', ( #179 ), #899, .F. ) ;
#831 = LINE ( 'NONE', #2259, #692 ) ;
#832 = VERTEX_POINT ( 'NONE', #1430 ) ;
#833 = DIRECTION ( 'NONE',  ( 0.000000000000000000, 0.000000000000000000, 1.000000000000000000 ) ) ;
#834 = CARTESIAN_POINT ( 'NONE',  ( 0.5000000000000000000, -4.512543307086611222, -4.918963255223098407 ) ) ;
#835 = DIRECTION ( 'NONE',  ( 0.000000000000000000, 0.7071067811865461294, -0.7071067811865487940 ) ) ;
#836 = VERTEX_POINT ( 'NONE', #530 ) ;
#837 = PLANE ( 'NONE',  #2209 ) ;
#838 = ORIENTED_EDGE ( 'NONE', *, *, #737, .F. ) ;
#839 = CIRCLE ( 'NONE', #761, 0.08474999999999996425 ) ;
#840 = VECTOR ( 'NONE', #1277, 39.37007874015748143 ) ;
#841 = LINE ( 'NONE', #2094, #59 ) ;
#842 = VERTEX_POINT ( 'NONE', #1949 ) ;
#843 = DIRECTION ( 'NONE',  ( -1.000000000000000000, 0.000000000000000000, 0.000000000000000000 ) ) ;
#844 = ADVANCED_FACE ( 'NONE', ( #358 ), #1071, .F. ) ;
#845 = LINE ( 'NONE', #1738, #585 ) ;
#846 = VERTEX_POINT ( 'NONE', #1874 ) ;
#847 =( NAMED_UNIT ( * ) SI_UNIT ( $, .STERADIAN. ) SOLID_ANGLE_UNIT ( ) );
#848 = ADVANCED_FACE ( 'NONE', ( #1366 ), #1683, .T. ) ;
#849 = DIRECTION ( 'NONE',  ( 0.7071067811865455743, 0.5000000000000032196, 0.4999999999999996669 ) ) ;
#850 = VECTOR ( 'NONE', #1292, 39.37007874015748854 ) ;
#851 = EDGE_CURVE ( 'NONE', #32, #1619, #1672, .T. ) ;
#852 = ORIENTED_EDGE ( 'NONE', *, *, #85, .F. ) ;
#853 = DIRECTION ( 'NONE',  ( 0.000000000000000000, 0.000000000000000000, 1.000000000000000000 ) ) ;
#854 = ORIENTED_EDGE ( 'NONE', *, *, #1654, .F. ) ;
#855 = CARTESIAN_POINT ( 'NONE',  ( 0.000000000000000000, -2.887543307086613886, 0.06299999999998576183 ) ) ;
#856 = DIRECTION ( 'NONE',  ( -0.000000000000000000, 1.000000000000000000, 1.278755497112309149E-16 ) ) ;
#857 = VERTEX_POINT ( 'NONE', #269 ) ;
#858 = DIRECTION ( 'NONE',  ( 1.000000000000000000, 0.000000000000000000, 0.000000000000000000 ) ) ;
#859 = EDGE_CURVE ( 'NONE', #707, #1955, #620, .T. ) ;
#860 = AXIS2_PLACEMENT_3D ( 'NONE', #1140, #1842, #1128 ) ;
#861 = VECTOR ( 'NONE', #2067, 39.37007874015748854 ) ;
#862 = CIRCLE ( 'NONE', #1954, 0.08474999999999992262 ) ;
#863 = DIRECTION ( 'NONE',  ( -1.000000000000000000, 0.000000000000000000, 0.000000000000000000 ) ) ;
#864 = ORIENTED_EDGE ( 'NONE', *, *, #1694, .F. ) ;
#865 = DIRECTION ( 'NONE',  ( 0.8164965809277361375, -0.5773502691896114092, 2.563950248511470684E-16 ) ) ;
#866 = CARTESIAN_POINT ( 'NONE',  ( 0.2000000000000000111, 2.030550676612068006, 2.030550676612068006 ) ) ;
#867 = ORIENTED_EDGE ( 'NONE', *, *, #25, .T. ) ;
#868 = DIRECTION ( 'NONE',  ( -1.000000000000000000, -0.000000000000000000, -0.000000000000000000 ) ) ;
#869 = ADVANCED_FACE ( 'NONE', ( #784 ), #1354, .T. ) ;
#870 = ORIENTED_EDGE ( 'NONE', *, *, #1358, .T. ) ;
#871 = EDGE_CURVE ( 'NONE', #1730, #1548, #1342, .T. ) ;
#872 = ADVANCED_FACE ( 'NONE', ( #822 ), #120, .F. ) ;
#873 = DIRECTION ( 'NONE',  ( -0.000000000000000000, 1.000000000000000000, -0.000000000000000000 ) ) ;
#874 = VERTEX_POINT ( 'NONE', #434 ) ;
#875 = FACE_OUTER_BOUND ( 'NONE', #1215, .T. ) ;
#876 = EDGE_CURVE ( 'NONE', #333, #2082, #280, .T. ) ;
#877 = CARTESIAN_POINT ( 'NONE',  ( 0.1749999999999991007, 3.554790026246720469, 0.5416666660367441821 ) ) ;
#878 = ORIENTED_EDGE ( 'NONE', *, *, #634, .F. ) ;
#879 = FACE_OUTER_BOUND ( 'NONE', #960, .T. ) ;
#880 = ORIENTED_EDGE ( 'NONE', *, *, #2231, .T. ) ;
#881 = DIRECTION ( 'NONE',  ( -1.000000000000000000, 0.000000000000000000, 0.000000000000000000 ) ) ;
#882 = VECTOR ( 'NONE', #1439, 39.37007874015748854 ) ;
#883 = FACE_OUTER_BOUND ( 'NONE', #1400, .T. ) ;
#884 = ORIENTED_EDGE ( 'NONE', *, *, #286, .F. ) ;
#885 = DIRECTION ( 'NONE',  ( -1.000000000000000000, 0.000000000000000000, 0.000000000000000000 ) ) ;
#886 = AXIS2_PLACEMENT_3D ( 'NONE', #138, #1576, #489 ) ;
#887 = VECTOR ( 'NONE', #2072, 39.37007874015748143 ) ;
#888 = VECTOR ( 'NONE', #1051, 39.37007874015748854 ) ;
#889 = CARTESIAN_POINT ( 'NONE',  ( 0.5000000000000000000, -2.887543307086613886, 0.06299999999998576183 ) ) ;
#890 = EDGE_LOOP ( 'NONE', ( #1282, #57, #2244, #46 ) ) ;
#891 = CARTESIAN_POINT ( 'NONE',  ( 1.691002422225096113, -3.460527335606693455, -4.752296588556444767 ) ) ;
#892 = LINE ( 'NONE', #1593, #285 ) ;
#893 = ORIENTED_EDGE ( 'NONE', *, *, #561, .T. ) ;
#894 = AXIS2_PLACEMENT_3D ( 'NONE', #1492, #1163, #2052 ) ;
#895 = CARTESIAN_POINT ( 'NONE',  ( 0.5000000000000000000, 3.447456692913386078, 0.06299999999998652511 ) ) ;
#896 = AXIS2_PLACEMENT_3D ( 'NONE', #581, #544, #2188 ) ;
#897 = FACE_OUTER_BOUND ( 'NONE', #1931, .T. ) ;
#898 = ORIENTED_EDGE ( 'NONE', *, *, #325, .T. ) ;
#899 = PLANE ( 'NONE',  #2297 ) ;
#900 = LINE ( 'NONE', #1272, #2015 ) ;
#901 = ORIENTED_EDGE ( 'NONE', *, *, #310, .T. ) ;
#902 = CARTESIAN_POINT ( 'NONE',  ( 0.05000000000000000278, -2.887543307086613886, 0.5416666660367441821 ) ) ;
#903 = DIRECTION ( 'NONE',  ( -0.000000000000000000, -0.000000000000000000, -1.000000000000000000 ) ) ;
#904 = FACE_OUTER_BOUND ( 'NONE', #604, .T. ) ;
#905 = VECTOR ( 'NONE', #568, 39.37007874015748143 ) ;
#906 = DIRECTION ( 'NONE',  ( -0.4999999999999990008, 0.7071067811865465735, -0.5000000000000023315 ) ) ;
#907 = DIRECTION ( 'NONE',  ( -1.000000000000000000, -0.000000000000000000, -0.000000000000000000 ) ) ;
#908 = ORIENTED_EDGE ( 'NONE', *, *, #180, .F. ) ;
#909 = CARTESIAN_POINT ( 'NONE',  ( 0.5000000000000000000, 3.447456692913386078, 0.06299999999998652511 ) ) ;
#910 = ORIENTED_EDGE ( 'NONE', *, *, #1353, .F. ) ;
#911 = DIRECTION ( 'NONE',  ( 0.000000000000000000, 0.7071067811865474617, -0.7071067811865474617 ) ) ;
#912 = EDGE_CURVE ( 'NONE', #365, #156, #2050, .T. ) ;
#913 = AXIS2_PLACEMENT_3D ( 'NONE', #96, #574, #1459 ) ;
#914 = AXIS2_PLACEMENT_3D ( 'NONE', #305, #2073, #1196 ) ;
#915 = LINE ( 'NONE', #1275, #1608 ) ;
#916 = ORIENTED_EDGE ( 'NONE', *, *, #1932, .T. ) ;
#917 = EDGE_CURVE ( 'NONE', #1744, #1199, #107, .T. ) ;
#918 = FACE_OUTER_BOUND ( 'NONE', #1095, .T. ) ;
#919 = CARTESIAN_POINT ( 'NONE',  ( 0.2000000000000000111, -3.767543307086612447, -4.300500000000024414 ) ) ;
#920 = VECTOR ( 'NONE', #2130, 39.37007874015748854 ) ;
#921 = LINE ( 'NONE', #741, #2289 ) ;
#922 = ORIENTED_EDGE ( 'NONE', *, *, #564, .T. ) ;
#923 = UNCERTAINTY_MEASURE_WITH_UNIT (LENGTH_MEASURE( 1.000000000000000082E-05 ), #1209, 'distance_accuracy_value', 'NONE');
#924 = DIRECTION ( 'NONE',  ( 0.000000000000000000, -0.7071067811865474617, -0.7071067811865474617 ) ) ;
#925 = ORIENTED_EDGE ( 'NONE', *, *, #770, .F. ) ;
#926 = LINE ( 'NONE', #1963, #212 ) ;
#927 = EDGE_CURVE ( 'NONE', #1784, #1882, #1160, .T. ) ;
#928 = FACE_OUTER_BOUND ( 'NONE', #1384, .T. ) ;
#929 = EDGE_LOOP ( 'NONE', ( #4, #893, #1597, #490 ) ) ;
#930 = DIRECTION ( 'NONE',  ( -1.000000000000000000, 0.000000000000000000, 0.000000000000000000 ) ) ;
#931 = PLANE ( 'NONE',  #2152 ) ;
#932 = ADVANCED_FACE ( 'NONE', ( #808 ), #610, .F. ) ;
#933 = FACE_BOUND ( 'NONE', #2091, .T. ) ;
#934 = EDGE_LOOP ( 'NONE', ( #453, #985 ) ) ;
#935 = APPLICATION_CONTEXT ( 'automotive_design' ) ;
#936 = VECTOR ( 'NONE', #164, 39.37007874015748143 ) ;
#937 = PLANE ( 'NONE',  #1495 ) ;
#938 = VERTEX_POINT ( 'NONE', #456 ) ;
#939 = CARTESIAN_POINT ( 'NONE',  ( 0.1250000000000004718, -4.542858267716533227, -4.752296588556431445 ) ) ;
#940 = LINE ( 'NONE', #254, #2210 ) ;
#941 = ORIENTED_EDGE ( 'NONE', *, *, #505, .T. ) ;
#942 = CARTESIAN_POINT ( 'NONE',  ( 3.185492630159585392, -4.742858267716533405, -2.233470625063513459 ) ) ;
#943 = DIRECTION ( 'NONE',  ( -0.000000000000000000, -1.000000000000000000, -0.000000000000000000 ) ) ;
#944 = EDGE_CURVE ( 'NONE', #409, #2036, #964, .T. ) ;
#945 = ORIENTED_EDGE ( 'NONE', *, *, #2284, .T. ) ;
#946 = VERTEX_POINT ( 'NONE', #1172 ) ;
#947 = EDGE_CURVE ( 'NONE', #1917, #819, #1331, .T. ) ;
#948 = EDGE_CURVE ( 'NONE', #2082, #1301, #2035, .T. ) ;
#949 = FACE_OUTER_BOUND ( 'NONE', #890, .T. ) ;
#950 = ORIENTED_EDGE ( 'NONE', *, *, #1022, .F. ) ;
#951 = CARTESIAN_POINT ( 'NONE',  ( 0.1152500000000000885, -3.767543307086612447, -4.120500000000023810 ) ) ;
#952 = LINE ( 'NONE', #411, #399 ) ;
#953 = VERTEX_POINT ( 'NONE', #256 ) ;
#954 = AXIS2_PLACEMENT_3D ( 'NONE', #1445, #23, #930 ) ;
#955 = FACE_OUTER_BOUND ( 'NONE', #603, .T. ) ;
#956 = LINE ( 'NONE', #249, #447 ) ;
#957 = VERTEX_POINT ( 'NONE', #975 ) ;
#958 = VERTEX_POINT ( 'NONE', #1530 ) ;
#959 = DIRECTION ( 'NONE',  ( 0.000000000000000000, -0.7071067811865475727, -0.7071067811865475727 ) ) ;
#960 = EDGE_LOOP ( 'NONE', ( #1287, #567, #496, #1089 ) ) ;
#961 = CARTESIAN_POINT ( 'NONE',  ( -2.206325963807878932, -4.542858267716533227, -2.206325963807877599 ) ) ;
#962 = VECTOR ( 'NONE', #332, 39.37007874015748143 ) ;
#963 = CARTESIAN_POINT ( 'NONE',  ( 0.2500000000000000555, -4.717858267716534826, 0.6666666660367439601 ) ) ;
#964 = LINE ( 'NONE', #1147, #475 ) ;
#965 = ORIENTED_EDGE ( 'NONE', *, *, #1615, .T. ) ;
#966 = VECTOR ( 'NONE', #422, 39.37007874015748854 ) ;
#967 = CARTESIAN_POINT ( 'NONE',  ( 0.1603553390593286665, -4.542858267716533227, -4.752296588556432333 ) ) ;
#968 = EDGE_CURVE ( 'NONE', #671, #584, #2239, .T. ) ;
#969 = ORIENTED_EDGE ( 'NONE', *, *, #2173, .F. ) ;
#970 = ADVANCED_FACE ( 'NONE', ( #644 ), #128, .T. ) ;
#971 = CARTESIAN_POINT ( 'NONE',  ( 0.2000000000000000111, 3.429790026246720913, 0.4166666660367443487 ) ) ;
#972 = ORIENTED_EDGE ( 'NONE', *, *, #1689, .T. ) ;
#973 = DIRECTION ( 'NONE',  ( -0.000000000000000000, -0.000000000000000000, -1.000000000000000000 ) ) ;
#974 = CARTESIAN_POINT ( 'NONE',  ( 0.2000000000000000111, 3.304790026246720913, 0.5416666660367441821 ) ) ;
#975 = CARTESIAN_POINT ( 'NONE',  ( 0.1152500000000000607, -3.767543307086612447, -4.275500000000024059 ) ) ;
#976 = ORIENTED_EDGE ( 'NONE', *, *, #944, .F. ) ;
#977 = VECTOR ( 'NONE', #2242, 39.37007874015748854 ) ;
#978 = EDGE_CURVE ( 'NONE', #671, #819, #678, .T. ) ;
#979 = VECTOR ( 'NONE', #2223, 39.37007874015748143 ) ;
#980 = DIRECTION ( 'NONE',  ( -0.000000000000000000, -1.000000000000000000, -1.955536093163145995E-16 ) ) ;
#981 = CARTESIAN_POINT ( 'NONE',  ( 0.2500000000000000555, -4.717858267716534826, 0.4166666660367439046 ) ) ;
#982 = ORIENTED_EDGE ( 'NONE', *, *, #1494, .T. ) ;
#983 = EDGE_CURVE ( 'NONE', #857, #938, #1052, .T. ) ;
#984 = DIRECTION ( 'NONE',  ( -0.000000000000000000, -0.000000000000000000, -1.000000000000000000 ) ) ;
#985 = ORIENTED_EDGE ( 'NONE', *, *, #1424, .F. ) ;
#986 = CARTESIAN_POINT ( 'NONE',  ( 0.3097500000000000253, -3.767543307086612447, -4.300500000000024414 ) ) ;
#987 = DIRECTION ( 'NONE',  ( -1.000000000000000000, 0.000000000000000000, 0.000000000000000000 ) ) ;
#988 = ADVANCED_FACE ( 'NONE', ( #1377 ), #2088, .F. ) ;
#989 = ADVANCED_FACE ( 'NONE', ( #2108 ), #1719, .T. ) ;
#990 = DIRECTION ( 'NONE',  ( -1.000000000000000000, -0.000000000000000000, -0.000000000000000000 ) ) ;
#991 = VERTEX_POINT ( 'NONE', #687 ) ;
#992 = LINE ( 'NONE', #1357, #1413 ) ;
#993 = LINE ( 'NONE', #448, #2042 ) ;
#994 = CARTESIAN_POINT ( 'NONE',  ( 0.1152500000000000607, -2.967543307086612181, -4.275500000000024059 ) ) ;
#995 = ORIENTED_EDGE ( 'NONE', *, *, #1446, .F. ) ;
#996 = DIRECTION ( 'NONE',  ( 0.000000000000000000, 0.7071067811865474617, 0.7071067811865474617 ) ) ;
#997 = ORIENTED_EDGE ( 'NONE', *, *, #2141, .F. ) ;
#998 = DIRECTION ( 'NONE',  ( 0.7071067811865499042, 8.659560562354962440E-17, -0.7071067811865451302 ) ) ;
#999 = LINE ( 'NONE', #963, #49 ) ;
#1000 = CARTESIAN_POINT ( 'NONE',  ( 0.02500000000000096242, 3.304790026246720913, 0.5416666660367441821 ) ) ;
#1001 = EDGE_CURVE ( 'NONE', #2082, #1955, #845, .T. ) ;
#1002 = ORIENTED_EDGE ( 'NONE', *, *, #386, .F. ) ;
#1003 = AXIS2_PLACEMENT_3D ( 'NONE', #392, #1255, #1809 ) ;
#1004 = DIRECTION ( 'NONE',  ( -0.000000000000000000, -0.000000000000000000, -1.000000000000000000 ) ) ;
#1005 = DIRECTION ( 'NONE',  ( 0.000000000000000000, 0.000000000000000000, 1.000000000000000000 ) ) ;
#1006 = VECTOR ( 'NONE', #385, 39.37007874015748854 ) ;
#1007 = AXIS2_PLACEMENT_3D ( 'NONE', #345, #1735, #843 ) ;
#1008 = DIRECTION ( 'NONE',  ( 0.000000000000000000, -0.7071067811865474617, 0.7071067811865474617 ) ) ;
#1009 = ORIENTED_EDGE ( 'NONE', *, *, #917, .F. ) ;
#1010 = LINE ( 'NONE', #418, #1742 ) ;
#1011 = ORIENTED_EDGE ( 'NONE', *, *, #1446, .T. ) ;
#1012 = CARTESIAN_POINT ( 'NONE',  ( 0.2000000000000000111, 1.399239349634652463, -1.399239349634652463 ) ) ;
#1013 = CARTESIAN_POINT ( 'NONE',  ( 0.08964466094067496948, -4.742858267716533405, -4.752296588556431445 ) ) ;
#1014 = DIRECTION ( 'NONE',  ( -0.7071067811865473507, 0.000000000000000000, 0.7071067811865475727 ) ) ;
#1015 = VERTEX_POINT ( 'NONE', #1927 ) ;
#1016 = CARTESIAN_POINT ( 'NONE',  ( 0.2000000000000000111, -2.777187968027285514, 0.5416666660367447372 ) ) ;
#1017 = EDGE_CURVE ( 'NONE', #2032, #2195, #1237, .T. ) ;
#1018 = EDGE_CURVE ( 'NONE', #427, #1830, #338, .T. ) ;
#1019 = DIRECTION ( 'NONE',  ( -1.000000000000000000, 0.000000000000000000, 0.000000000000000000 ) ) ;
#1020 = VERTEX_POINT ( 'NONE', #1550 ) ;
#1021 = FACE_OUTER_BOUND ( 'NONE', #50, .T. ) ;
#1022 = EDGE_CURVE ( 'NONE', #156, #593, #2118, .T. ) ;
#1023 = VECTOR ( 'NONE', #531, 39.37007874015748143 ) ;
#1024 = LINE ( 'NONE', #480, #1099 ) ;
#1025 = DIRECTION ( 'NONE',  ( -0.000000000000000000, -0.000000000000000000, 1.000000000000000000 ) ) ;
#1026 = ORIENTED_EDGE ( 'NONE', *, *, #413, .T. ) ;
#1027 =( NAMED_UNIT ( * ) PLANE_ANGLE_UNIT ( ) SI_UNIT ( $, .RADIAN. ) );
#1028 = LINE ( 'NONE', #110, #1485 ) ;
#1029 = VERTEX_POINT ( 'NONE', #158 ) ;
#1030 = VECTOR ( 'NONE', #67, 39.37007874015748143 ) ;
#1031 = PLANE ( 'NONE',  #1221 ) ;
#1032 = VERTEX_POINT ( 'NONE', #1198 ) ;
#1033 = CARTESIAN_POINT ( 'NONE',  ( 0.000000000000000000, -2.705220976616278694, 0.3989889965070810285 ) ) ;
#1034 = LINE ( 'NONE', #2075, #192 ) ;
#1035 = ORIENTED_EDGE ( 'NONE', *, *, #79, .T. ) ;
#1036 = ORIENTED_EDGE ( 'NONE', *, *, #2147, .F. ) ;
#1037 = FACE_OUTER_BOUND ( 'NONE', #2071, .T. ) ;
#1038 = ORIENTED_EDGE ( 'NONE', *, *, #217, .T. ) ;
#1039 = CARTESIAN_POINT ( 'NONE',  ( 0.4069853293060306521, -4.590475310967311984, 0.5416666660367439601 ) ) ;
#1040 = EDGE_CURVE ( 'NONE', #333, #416, #2097, .T. ) ;
#1041 = DIRECTION ( 'NONE',  ( -0.000000000000000000, -0.000000000000000000, -1.000000000000000000 ) ) ;
#1042 = ORIENTED_EDGE ( 'NONE', *, *, #627, .T. ) ;
#1043 =( LENGTH_UNIT ( ) NAMED_UNIT ( * ) SI_UNIT ( $, .METRE. ) );
#1044 = DIRECTION ( 'NONE',  ( 0.000000000000000000, -0.7071067811865480168, -0.7071067811865469066 ) ) ;
#1045 = ADVANCED_FACE ( 'NONE', ( #346 ), #2263, .F. ) ;
#1046 = AXIS2_PLACEMENT_3D ( 'NONE', #763, #1493, #1818 ) ;
#1047 = VERTEX_POINT ( 'NONE', #1900 ) ;
#1048 = VECTOR ( 'NONE', #2020, 39.37007874015748143 ) ;
#1049 = DIRECTION ( 'NONE',  ( -1.000000000000000000, -0.000000000000000000, -0.000000000000000000 ) ) ;
#1050 = ORIENTED_EDGE ( 'NONE', *, *, #442, .F. ) ;
#1051 = DIRECTION ( 'NONE',  ( 0.000000000000000000, 0.7071067811865461294, -0.7071067811865487940 ) ) ;
#1052 = LINE ( 'NONE', #889, #661 ) ;
#1053 = EDGE_LOOP ( 'NONE', ( #982, #328, #464, #250 ) ) ;
#1054 = CARTESIAN_POINT ( 'NONE',  ( 0.7269174240414937316, -2.032014200697118245, 0.5416666660367353003 ) ) ;
#1055 = ORIENTED_EDGE ( 'NONE', *, *, #1982, .T. ) ;
#1056 = CARTESIAN_POINT ( 'NONE',  ( 0.9018666535186922184, 2.526845346803825443, 0.5416666660367527308 ) ) ;
#1057 = CARTESIAN_POINT ( 'NONE',  ( 0.1249999999999999861, -4.542858267716534115, 0.5416666660367439601 ) ) ;
#1058 = ORIENTED_EDGE ( 'NONE', *, *, #1612, .T. ) ;
#1059 = DIRECTION ( 'NONE',  ( -0.000000000000000000, 0.000000000000000000, 1.000000000000000000 ) ) ;
#1060 = VECTOR ( 'NONE', #1711, 39.37007874015748854 ) ;
#1061 = VECTOR ( 'NONE', #353, 39.37007874015748854 ) ;
#1062 = DIRECTION ( 'NONE',  ( -0.7071067811865469066, 6.865492910522580739E-17, -0.7071067811865482389 ) ) ;
#1063 = VERTEX_POINT ( 'NONE', #501 ) ;
#1064 = LINE ( 'NONE', #1824, #1081 ) ;
#1065 = PLANE ( 'NONE',  #1880 ) ;
#1066 = EDGE_CURVE ( 'NONE', #953, #742, #148, .T. ) ;
#1067 = LINE ( 'NONE', #1945, #2065 ) ;
#1068 = AXIS2_PLACEMENT_3D ( 'NONE', #203, #1768, #1947 ) ;
#1069 = CARTESIAN_POINT ( 'NONE',  ( 0.000000000000000000, 3.572467695776385455, 0.5239889965070789746 ) ) ;
#1070 = VERTEX_POINT ( 'NONE', #1589 ) ;
#1071 = PLANE ( 'NONE',  #1299 ) ;
#1072 = VECTOR ( 'NONE', #2215, 39.37007874015748854 ) ;
#1073 = DIRECTION ( 'NONE',  ( -0.4999999999999900635, 0.7071067811865615615, -0.4999999999999902855 ) ) ;
#1074 = EDGE_LOOP ( 'NONE', ( #2212, #1361, #1141, #1893 ) ) ;
#1075 = LINE ( 'NONE', #122, #1965 ) ;
#1076 = LINE ( 'NONE', #1285, #1470 ) ;
#1077 = VERTEX_POINT ( 'NONE', #1760 ) ;
#1078 = PLANE ( 'NONE',  #2249 ) ;
#1079 = CARTESIAN_POINT ( 'NONE',  ( 0.1250000000000004441, -4.717858267716534826, -4.752296588556431445 ) ) ;
#1080 = ADVANCED_FACE ( 'NONE', ( #327 ), #318, .F. ) ;
#1081 = VECTOR ( 'NONE', #43, 39.37007874015748854 ) ;
#1082 = FACE_BOUND ( 'NONE', #477, .T. ) ;
#1083 = ORIENTED_EDGE ( 'NONE', *, *, #99, .F. ) ;
#1084 = LINE ( 'NONE', #909, #5 ) ;
#1085 = VERTEX_POINT ( 'NONE', #709 ) ;
#1086 = LINE ( 'NONE', #1975, #1298 ) ;
#1087 = PRODUCT_DEFINITION ( 'UNKNOWN', '', #740, #1271 ) ;
#1088 = PLANE ( 'NONE',  #1834 ) ;
#1089 = ORIENTED_EDGE ( 'NONE', *, *, #2255, .F. ) ;
#1090 = EDGE_CURVE ( 'NONE', #178, #1047, #1034, .T. ) ;
#1091 = CARTESIAN_POINT ( 'NONE',  ( 0.5000000000000000000, 3.596456692913386544, -2.197000000000013831 ) ) ;
#1092 = AXIS2_PLACEMENT_3D ( 'NONE', #606, #1306, #996 ) ;
#1093 = FACE_OUTER_BOUND ( 'NONE', #1367, .T. ) ;
#1094 = DIRECTION ( 'NONE',  ( 0.4999999999999837907, 0.7071067811865706654, 0.4999999999999835687 ) ) ;
#1095 = EDGE_LOOP ( 'NONE', ( #281, #969, #218, #1896 ) ) ;
#1096 = LINE ( 'NONE', #1961, #1313 ) ;
#1097 = ORIENTED_EDGE ( 'NONE', *, *, #99, .T. ) ;
#1098 = DIRECTION ( 'NONE',  ( -2.243456467447513059E-16, -0.5773502691896110761, 0.8164965809277363595 ) ) ;
#1099 = VECTOR ( 'NONE', #1540, 39.37007874015748854 ) ;
#1100 = LINE ( 'NONE', #1466, #1693 ) ;
#1101 = ADVANCED_FACE ( 'NONE', ( #481 ), #306, .F. ) ;
#1102 = EDGE_LOOP ( 'NONE', ( #615, #666, #1433, #726 ) ) ;
#1103 = CARTESIAN_POINT ( 'NONE',  ( 0.1749999999999993228, 3.554790026246720469, 0.5416666660367441821 ) ) ;
#1104 = LINE ( 'NONE', #1056, #225 ) ;
#1105 = FACE_OUTER_BOUND ( 'NONE', #2009, .T. ) ;
#1106 = ORIENTED_EDGE ( 'NONE', *, *, #255, .T. ) ;
#1107 = DIRECTION ( 'NONE',  ( 0.5000000000000017764, 0.7071067811865422437, -0.5000000000000058842 ) ) ;
#1108 = ORIENTED_EDGE ( 'NONE', *, *, #1335, .T. ) ;
#1109 = DIRECTION ( 'NONE',  ( -0.000000000000000000, 0.7071067811865500152, 0.7071067811865450192 ) ) ;
#1110 = VECTOR ( 'NONE', #1871, 39.37007874015748143 ) ;
#1111 = CONICAL_SURFACE ( 'NONE', #1702, 0.08474999999999992262, 1.029744258676653867 ) ;
#1112 = DIRECTION ( 'NONE',  ( -1.000000000000000000, 0.000000000000000000, 0.000000000000000000 ) ) ;
#1113 = VERTEX_POINT ( 'NONE', #1643 ) ;
#1114 = EDGE_CURVE ( 'NONE', #1263, #733, #900, .T. ) ;
#1115 = LINE ( 'NONE', #200, #2019 ) ;
#1116 = EDGE_CURVE ( 'NONE', #874, #2266, #1599, .T. ) ;
#1117 = LINE ( 'NONE', #1303, #800 ) ;
#1118 = EDGE_CURVE ( 'NONE', #388, #577, #371, .T. ) ;
#1119 = ORIENTED_EDGE ( 'NONE', *, *, #1175, .T. ) ;
#1120 = EDGE_CURVE ( 'NONE', #1032, #81, #1084, .T. ) ;
#1121 = ORIENTED_EDGE ( 'NONE', *, *, #1982, .F. ) ;
#1122 = LINE ( 'NONE', #205, #790 ) ;
#1123 = EDGE_LOOP ( 'NONE', ( #1026, #1002, #42, #18 ) ) ;
#1124 = CARTESIAN_POINT ( 'NONE',  ( 0.1749999999999991007, 3.554790026246720469, 0.5416666660367441821 ) ) ;
#1125 = DIRECTION ( 'NONE',  ( 0.000000000000000000, -0.7071067811865474617, -0.7071067811865474617 ) ) ;
#1126 = ORIENTED_EDGE ( 'NONE', *, *, #1615, .F. ) ;
#1127 = DIRECTION ( 'NONE',  ( 0.5773502691896247319, -1.551189900349409575E-14, 0.8164965809277268116 ) ) ;
#1128 = DIRECTION ( 'NONE',  ( -0.7071067811865473507, -6.865492910522573343E-17, 0.7071067811865476838 ) ) ;
#1129 = ORIENTED_EDGE ( 'NONE', *, *, #598, .T. ) ;
#1130 = EDGE_LOOP ( 'NONE', ( #1472, #1666, #805, #2135 ) ) ;
#1131 = CARTESIAN_POINT ( 'NONE',  ( 0.000000000000000000, 3.596456692913386544, -2.197000000000013831 ) ) ;
#1132 = ORIENTED_EDGE ( 'NONE', *, *, #2144, .F. ) ;
#1133 = LINE ( 'NONE', #1443, #1006 ) ;
#1134 = DIRECTION ( 'NONE',  ( 0.000000000000000000, -0.7071067811865470176, 0.7071067811865481278 ) ) ;
#1135 = DIRECTION ( 'NONE',  ( 0.7071067811865476838, -1.382772832330708347E-16, 0.7071067811865473507 ) ) ;
#1136 = EDGE_LOOP ( 'NONE', ( #307, #1853, #792, #1429 ) ) ;
#1137 = AXIS2_PLACEMENT_3D ( 'NONE', #1647, #1964, #2139 ) ;
#1138 = ADVANCED_FACE ( 'NONE', ( #2127 ), #1950, .F. ) ;
#1139 = CARTESIAN_POINT ( 'NONE',  ( 0.2500000000000000555, -4.567858267716534471, 0.4166666660367439046 ) ) ;
#1140 = CARTESIAN_POINT ( 'NONE',  ( 0.2500000000000006661, -4.717858267716534826, -4.627296588556430557 ) ) ;
#1141 = ORIENTED_EDGE ( 'NONE', *, *, #2283, .F. ) ;
#1142 = CARTESIAN_POINT ( 'NONE',  ( 0.5000000000000000000, -4.512543307086611222, -4.300500000000024414 ) ) ;
#1143 = EDGE_LOOP ( 'NONE', ( #675, #191, #779, #1121 ) ) ;
#1144 = DIRECTION ( 'NONE',  ( -0.000000000000000000, -0.000000000000000000, 1.000000000000000000 ) ) ;
#1145 = VECTOR ( 'NONE', #706, 39.37007874015748143 ) ;
#1146 = DIRECTION ( 'NONE',  ( -0.000000000000000000, 1.000000000000000000, -0.000000000000000000 ) ) ;
#1147 = CARTESIAN_POINT ( 'NONE',  ( 0.2000000000000000111, -2.562543307086614153, 0.5416666660367449593 ) ) ;
#1148 = ORIENTED_EDGE ( 'NONE', *, *, #1936, .T. ) ;
#1149 = DIRECTION ( 'NONE',  ( 0.000000000000000000, -0.7071067811865480168, -0.7071067811865469066 ) ) ;
#1150 = DIRECTION ( 'NONE',  ( -1.000000000000000000, -0.000000000000000000, -0.000000000000000000 ) ) ;
#1151 = ORIENTED_EDGE ( 'NONE', *, *, #114, .F. ) ;
#1152 = ADVANCED_FACE ( 'NONE', ( #949 ), #937, .F. ) ;
#1153 = VECTOR ( 'NONE', #824, 39.37007874015748143 ) ;
#1154 = EDGE_CURVE ( 'NONE', #817, #764, #578, .T. ) ;
#1155 = DIRECTION ( 'NONE',  ( -0.000000000000000000, -0.000000000000000000, -1.000000000000000000 ) ) ;
#1156 = VERTEX_POINT ( 'NONE', #395 ) ;
#1157 = CARTESIAN_POINT ( 'NONE',  ( 0.5000000000000000000, -2.887543307086613886, 0.06299999999998576183 ) ) ;
#1158 = AXIS2_PLACEMENT_3D ( 'NONE', #2114, #189, #1968 ) ;
#1159 = DIRECTION ( 'NONE',  ( 0.000000000000000000, 0.000000000000000000, 1.000000000000000000 ) ) ;
#1160 = LINE ( 'NONE', #297, #1476 ) ;
#1161 = ORIENTED_EDGE ( 'NONE', *, *, #561, .F. ) ;
#1162 = AXIS2_PLACEMENT_3D ( 'NONE', #971, #959, #64 ) ;
#1163 = DIRECTION ( 'NONE',  ( 0.000000000000000000, -1.745589772309433661E-16, 1.000000000000000000 ) ) ;
#1164 = PLANE ( 'NONE',  #860 ) ;
#1165 = DIRECTION ( 'NONE',  ( -1.000000000000000000, -0.000000000000000000, -0.000000000000000000 ) ) ;
#1166 = ORIENTED_EDGE ( 'NONE', *, *, #1909, .F. ) ;
#1167 = EDGE_CURVE ( 'NONE', #2305, #1548, #756, .T. ) ;
#1168 = DIRECTION ( 'NONE',  ( -0.000000000000000000, 1.000000000000000000, -0.000000000000000000 ) ) ;
#1169 = ORIENTED_EDGE ( 'NONE', *, *, #917, .T. ) ;
#1170 = CARTESIAN_POINT ( 'NONE',  ( 0.1250000000000004718, -4.542858267716533227, -4.752296588556431445 ) ) ;
#1171 = LINE ( 'NONE', #296, #1060 ) ;
#1172 = CARTESIAN_POINT ( 'NONE',  ( 0.05000000000000000278, -4.512543307086611222, 0.5416666660367444042 ) ) ;
#1173 = ORIENTED_EDGE ( 'NONE', *, *, #160, .F. ) ;
#1174 = LINE ( 'NONE', #271, #301 ) ;
#1175 = EDGE_CURVE ( 'NONE', #1063, #435, #1432, .T. ) ;
#1176 = LINE ( 'NONE', #483, #977 ) ;
#1177 = CARTESIAN_POINT ( 'NONE',  ( 0.1749999999999989897, 3.429790026246720913, 0.6666666660367440711 ) ) ;
#1178 = ORIENTED_EDGE ( 'NONE', *, *, #1664, .T. ) ;
#1179 = CARTESIAN_POINT ( 'NONE',  ( 0.2000000000000000111, -3.767543307086612447, -4.300500000000024414 ) ) ;
#1180 = ORIENTED_EDGE ( 'NONE', *, *, #2028, .T. ) ;
#1181 = CARTESIAN_POINT ( 'NONE',  ( 0.05000000000000000278, -4.512543307086611222, 0.06299999999998595612 ) ) ;
#1182 = CARTESIAN_POINT ( 'NONE',  ( 0.5000000000000000000, -2.887543307086613886, -4.020500000000024166 ) ) ;
#1183 = DIRECTION ( 'NONE',  ( -0.7071067811865499042, 0.000000000000000000, -0.7071067811865451302 ) ) ;
#1184 = ORIENTED_EDGE ( 'NONE', *, *, #312, .T. ) ;
#1185 = AXIS2_PLACEMENT_3D ( 'NONE', #680, #1300, #187 ) ;
#1186 = CARTESIAN_POINT ( 'NONE',  ( 0.5385110028629965795, -4.742858267716533405, -4.880452252360101717 ) ) ;
#1187 = DIRECTION ( 'NONE',  ( -0.000000000000000000, -0.000000000000000000, 1.000000000000000000 ) ) ;
#1188 = VECTOR ( 'NONE', #835, 39.37007874015748854 ) ;
#1189 = VECTOR ( 'NONE', #1261, 39.37007874015748854 ) ;
#1190 = EDGE_CURVE ( 'NONE', #1317, #938, #2160, .T. ) ;
#1191 = VECTOR ( 'NONE', #865, 39.37007874015748143 ) ;
#1192 = EDGE_CURVE ( 'NONE', #946, #1070, #542, .T. ) ;
#1193 = FACE_OUTER_BOUND ( 'NONE', #8, .T. ) ;
#1194 = ORIENTED_EDGE ( 'NONE', *, *, #132, .T. ) ;
#1195 = CARTESIAN_POINT ( 'NONE',  ( 0.3750000000000010547, -4.567858267716531806, -4.752296588556431445 ) ) ;
#1196 = DIRECTION ( 'NONE',  ( 0.000000000000000000, 0.000000000000000000, 1.000000000000000000 ) ) ;
#1197 = VECTOR ( 'NONE', #2016, 39.37007874015748854 ) ;
#1198 = CARTESIAN_POINT ( 'NONE',  ( 0.5000000000000000000, 3.447456692913386078, -1.697000000000013609 ) ) ;
#1199 = VERTEX_POINT ( 'NONE', #1453 ) ;
#1200 = VECTOR ( 'NONE', #1914, 39.37007874015748143 ) ;
#1201 = PLANE ( 'NONE',  #1266 ) ;
#1202 = ORIENTED_EDGE ( 'NONE', *, *, #113, .T. ) ;
#1203 = DIRECTION ( 'NONE',  ( -1.000000000000000000, -0.000000000000000000, 0.000000000000000000 ) ) ;
#1204 = ORIENTED_EDGE ( 'NONE', *, *, #1228, .F. ) ;
#1205 = DIRECTION ( 'NONE',  ( 1.000000000000000000, 0.000000000000000000, 0.000000000000000000 ) ) ;
#1206 = AXIS2_PLACEMENT_3D ( 'NONE', #866, #1567, #169 ) ;
#1207 = DIRECTION ( 'NONE',  ( -0.5773502691896109651, 4.358715422469466735E-15, -0.8164965809277363595 ) ) ;
#1208 = ORIENTED_EDGE ( 'NONE', *, *, #217, .F. ) ;
#1209 =( CONVERSION_BASED_UNIT ( 'INCH', #1721 ) LENGTH_UNIT ( ) NAMED_UNIT ( #1518 ) );
#1210 = CARTESIAN_POINT ( 'NONE',  ( 0.2500000000000006661, -4.542858267716533227, -4.627296588556430557 ) ) ;
#1211 = LENGTH_MEASURE_WITH_UNIT ( LENGTH_MEASURE( 0.02539999999999999897 ), #331 );
#1212 = EDGE_CURVE ( 'NONE', #369, #2119, #19, .T. ) ;
#1213 = VECTOR ( 'NONE', #1146, 39.37007874015748143 ) ;
#1214 = CARTESIAN_POINT ( 'NONE',  ( 0.02500000000000096242, -2.687543307086614597, 0.4166666660367451813 ) ) ;
#1215 = EDGE_LOOP ( 'NONE', ( #1586, #1119, #1962 ) ) ;
#1216 = CARTESIAN_POINT ( 'NONE',  ( 0.1250000000000004718, -4.717858267716534826, -4.752296588556431445 ) ) ;
#1217 = EDGE_CURVE ( 'NONE', #593, #1496, #1419, .T. ) ;
#1218 = DIRECTION ( 'NONE',  ( 0.000000000000000000, -1.000000000000000000, 0.000000000000000000 ) ) ;
#1219 = ORIENTED_EDGE ( 'NONE', *, *, #147, .F. ) ;
#1220 = PLANE ( 'NONE',  #1552 ) ;
#1221 = AXIS2_PLACEMENT_3D ( 'NONE', #674, #1585, #1428 ) ;
#1222 = SURFACE_STYLE_FILL_AREA ( #1904 ) ;
#1223 = VECTOR ( 'NONE', #1670, 39.37007874015748143 ) ;
#1224 = EDGE_CURVE ( 'NONE', #957, #1077, #1096, .T. ) ;
#1225 = LINE ( 'NONE', #1057, #1402 ) ;
#1226 = EDGE_LOOP ( 'NONE', ( #1640, #880, #1751, #1009 ) ) ;
#1227 = DIRECTION ( 'NONE',  ( -0.000000000000000000, -0.000000000000000000, 1.000000000000000000 ) ) ;
#1228 = EDGE_CURVE ( 'NONE', #2036, #2168, #1122, .T. ) ;
#1229 = CARTESIAN_POINT ( 'NONE',  ( 0.3718443361963300609, -4.742858267716533405, -4.790807591419427247 ) ) ;
#1230 = ORIENTED_EDGE ( 'NONE', *, *, #677, .F. ) ;
#1231 = CARTESIAN_POINT ( 'NONE',  ( 0.02500000000000096242, 3.429790026246720913, 0.6666666660367440711 ) ) ;
#1232 = DIRECTION ( 'NONE',  ( -1.000000000000000000, 0.000000000000000000, 0.000000000000000000 ) ) ;
#1233 = DIRECTION ( 'NONE',  ( 0.000000000000000000, -0.000000000000000000, -1.000000000000000000 ) ) ;
#1234 = ORIENTED_EDGE ( 'NONE', *, *, #1592, .T. ) ;
#1235 = DIRECTION ( 'NONE',  ( 0.4999999999999816258, 0.7071067811865706654, -0.4999999999999857336 ) ) ;
#1236 = ADVANCED_FACE ( 'NONE', ( #1247 ), #28, .F. ) ;
#1237 = LINE ( 'NONE', #1411, #774 ) ;
#1238 = ORIENTED_EDGE ( 'NONE', *, *, #770, .T. ) ;
#1239 = ADVANCED_FACE ( 'NONE', ( #744 ), #182, .F. ) ;
#1240 = DIRECTION ( 'NONE',  ( -0.000000000000000000, -1.000000000000000000, -1.227367808655070612E-16 ) ) ;
#1241 = EDGE_LOOP ( 'NONE', ( #1310, #611, #229, #1442 ) ) ;
#1242 = DIRECTION ( 'NONE',  ( 0.7071067811865499042, 6.865492910522548691E-17, -0.7071067811865451302 ) ) ;
#1243 = CARTESIAN_POINT ( 'NONE',  ( 0.000000000000000000, 0.000000000000000000, 0.000000000000000000 ) ) ;
#1244 = ORIENTED_EDGE ( 'NONE', *, *, #355, .F. ) ;
#1245 = DIRECTION ( 'NONE',  ( -1.000000000000000000, -0.000000000000000000, -0.000000000000000000 ) ) ;
#1246 = VECTOR ( 'NONE', #1671, 39.37007874015748854 ) ;
#1247 = FACE_OUTER_BOUND ( 'NONE', #829, .T. ) ;
#1248 = ORIENTED_EDGE ( 'NONE', *, *, #458, .T. ) ;
#1249 = CARTESIAN_POINT ( 'NONE',  ( 0.2847499999999999476, -2.967543307086612181, -4.120500000000023810 ) ) ;
#1250 = FACE_OUTER_BOUND ( 'NONE', #1273, .T. ) ;
#1251 = LINE ( 'NONE', #2004, #534 ) ;
#1252 = ADVANCED_FACE ( 'NONE', ( #628 ), #1695, .F. ) ;
#1253 = AXIS2_PLACEMENT_3D ( 'NONE', #1942, #514, #1347 ) ;
#1254 = ADVANCED_FACE ( 'NONE', ( #292 ), #1655, .F. ) ;
#1255 = DIRECTION ( 'NONE',  ( -0.7071067811865591191, -0.4999999999999917288, -0.4999999999999917288 ) ) ;
#1256 = ORIENTED_EDGE ( 'NONE', *, *, #1989, .F. ) ;
#1257 = AXIS2_PLACEMENT_3D ( 'NONE', #1886, #655, #470 ) ;
#1258 = EDGE_CURVE ( 'NONE', #435, #957, #439, .T. ) ;
#1259 = CARTESIAN_POINT ( 'NONE',  ( 0.2500000000000006661, -4.717858267716534826, -4.877296588556430557 ) ) ;
#1260 = VERTEX_POINT ( 'NONE', #1525 ) ;
#1261 = DIRECTION ( 'NONE',  ( -0.7071067811865473507, 0.000000000000000000, 0.7071067811865475727 ) ) ;
#1262 = FACE_OUTER_BOUND ( 'NONE', #396, .T. ) ;
#1263 = VERTEX_POINT ( 'NONE', #592 ) ;
#1264 = CARTESIAN_POINT ( 'NONE',  ( 0.000000000000000000, 3.447456692913386078, -1.697000000000013609 ) ) ;
#1265 = PLANE ( 'NONE',  #650 ) ;
#1266 = AXIS2_PLACEMENT_3D ( 'NONE', #473, #1346, #2053 ) ;
#1267 = CARTESIAN_POINT ( 'NONE',  ( -2.206325963807878932, -4.542858267716533227, -2.206325963807878043 ) ) ;
#1268 = ORIENTED_EDGE ( 'NONE', *, *, #2062, .T. ) ;
#1269 = VECTOR ( 'NONE', #1869, 39.37007874015748143 ) ;
#1270 = EDGE_CURVE ( 'NONE', #257, #341, #766, .T. ) ;
#1271 = PRODUCT_DEFINITION_CONTEXT ( 'detailed design', #1786, 'design' ) ;
#1272 = CARTESIAN_POINT ( 'NONE',  ( -1.357669088891775067, -3.342676205408922741, -4.752296588556427892 ) ) ;
#1273 = EDGE_LOOP ( 'NONE', ( #1648, #997, #547, #1204 ) ) ;
#1274 = PLANE ( 'NONE',  #896 ) ;
#1275 = CARTESIAN_POINT ( 'NONE',  ( -0.5400026407408120566, -1.551376875418387202, 0.5416666660367417396 ) ) ;
#1276 = DIRECTION ( 'NONE',  ( 0.000000000000000000, 0.7071067811865459074, -0.7071067811865492381 ) ) ;
#1277 = DIRECTION ( 'NONE',  ( -0.7071067811865469066, 0.000000000000000000, -0.7071067811865482389 ) ) ;
#1278 = PLANE ( 'NONE',  #2221 ) ;
#1279 = ORIENTED_EDGE ( 'NONE', *, *, #1393, .F. ) ;
#1280 = EDGE_CURVE ( 'NONE', #341, #733, #1337, .T. ) ;
#1281 = DIRECTION ( 'NONE',  ( 0.7071067811865473507, 0.000000000000000000, 0.7071067811865476838 ) ) ;
#1282 = ORIENTED_EDGE ( 'NONE', *, *, #1167, .F. ) ;
#1283 = FACE_OUTER_BOUND ( 'NONE', #2018, .T. ) ;
#1284 = ADVANCED_FACE ( 'NONE', ( #1679 ), #276, .F. ) ;
#1285 = CARTESIAN_POINT ( 'NONE',  ( 0.5000000000000000000, 3.596456692913384767, 0.7083333327034108118 ) ) ;
#1286 = EDGE_CURVE ( 'NONE', #194, #1901, #2235, .T. ) ;
#1287 = ORIENTED_EDGE ( 'NONE', *, *, #1892, .T. ) ;
#1288 = LINE ( 'NONE', #1, #724 ) ;
#1289 = EDGE_CURVE ( 'NONE', #958, #1496, #640, .T. ) ;
#1290 = CARTESIAN_POINT ( 'NONE',  ( 0.4103553390593263073, -4.742858267716533405, -4.752296588556431445 ) ) ;
#1291 = VECTOR ( 'NONE', #2040, 39.37007874015748143 ) ;
#1292 = DIRECTION ( 'NONE',  ( 0.000000000000000000, -0.7071067811865474617, 0.7071067811865474617 ) ) ;
#1293 = ORIENTED_EDGE ( 'NONE', *, *, #737, .T. ) ;
#1294 = CARTESIAN_POINT ( 'NONE',  ( 0.2499999999999998335, -4.708326441165069376, 0.2180146700640420432 ) ) ;
#1295 = ORIENTED_EDGE ( 'NONE', *, *, #1743, .T. ) ;
#1296 = VECTOR ( 'NONE', #1062, 39.37007874015748143 ) ;
#1297 = CARTESIAN_POINT ( 'NONE',  ( 0.02500000000000096242, 3.554790026246720469, 0.5416666660367441821 ) ) ;
#1298 = VECTOR ( 'NONE', #911, 39.37007874015748854 ) ;
#1299 = AXIS2_PLACEMENT_3D ( 'NONE', #1770, #80, #1014 ) ;
#1300 = DIRECTION ( 'NONE',  ( -0.7071067811865630048, 0.4999999999999890643, -0.4999999999999890643 ) ) ;
#1301 = VERTEX_POINT ( 'NONE', #251 ) ;
#1302 = FACE_OUTER_BOUND ( 'NONE', #621, .T. ) ;
#1303 = CARTESIAN_POINT ( 'NONE',  ( 0.5000000000000000000, -4.742858267716533405, -4.918963255223098407 ) ) ;
#1304 = ORIENTED_EDGE ( 'NONE', *, *, #1621, .T. ) ;
#1305 = ORIENTED_EDGE ( 'NONE', *, *, #1224, .F. ) ;
#1306 = DIRECTION ( 'NONE',  ( 0.000000000000000000, 0.7071067811865475727, -0.7071067811865475727 ) ) ;
#1307 = ORIENTED_EDGE ( 'NONE', *, *, #1379, .T. ) ;
#1308 = CARTESIAN_POINT ( 'NONE',  ( 0.5000000000000000000, -2.887543307086613886, -4.020500000000024166 ) ) ;
#1309 = CARTESIAN_POINT ( 'NONE',  ( -0.07365199597270186138, -4.708326441165069376, 0.5416666660367437380 ) ) ;
#1310 = ORIENTED_EDGE ( 'NONE', *, *, #1289, .F. ) ;
#1311 = CARTESIAN_POINT ( 'NONE',  ( 0.3396446609406715278, -4.542858267716534115, 0.5416666660367439601 ) ) ;
#1312 = DIRECTION ( 'NONE',  ( -0.000000000000000000, -0.000000000000000000, 1.000000000000000000 ) ) ;
#1313 = VECTOR ( 'NONE', #1798, 39.37007874015748143 ) ;
#1314 = EDGE_LOOP ( 'NONE', ( #1875, #2224, #922, #1673 ) ) ;
#1315 = ORIENTED_EDGE ( 'NONE', *, *, #394, .T. ) ;
#1316 = LINE ( 'NONE', #616, #262 ) ;
#1317 = VERTEX_POINT ( 'NONE', #780 ) ;
#1318 = DIRECTION ( 'NONE',  ( -1.000000000000000000, 0.000000000000000000, 0.000000000000000000 ) ) ;
#1319 = CARTESIAN_POINT ( 'NONE',  ( 0.2847499999999999476, -3.767543307086612447, -4.120500000000023810 ) ) ;
#1320 = DIRECTION ( 'NONE',  ( 0.000000000000000000, -0.7071067811865474617, 0.7071067811865474617 ) ) ;
#1321 = ORIENTED_EDGE ( 'NONE', *, *, #1120, .T. ) ;
#1322 = CARTESIAN_POINT ( 'NONE',  ( 0.02500000000000096242, 3.554790026246720469, 0.5416666660367441821 ) ) ;
#1323 = CARTESIAN_POINT ( 'NONE',  ( 0.5000000000000000000, 3.596456692913386544, -2.197000000000013831 ) ) ;
#1324 = EDGE_CURVE ( 'NONE', #733, #365, #1857, .T. ) ;
#1325 = ORIENTED_EDGE ( 'NONE', *, *, #1286, .T. ) ;
#1326 = EDGE_CURVE ( 'NONE', #314, #1526, #1349, .T. ) ;
#1327 = LINE ( 'NONE', #74, #1269 ) ;
#1328 = ORIENTED_EDGE ( 'NONE', *, *, #1001, .F. ) ;
#1329 = DIRECTION ( 'NONE',  ( -0.7071067811865499042, 0.000000000000000000, 0.7071067811865451302 ) ) ;
#1330 = CARTESIAN_POINT ( 'NONE',  ( 0.000000000000000000, -2.887543307086613886, -4.020500000000024166 ) ) ;
#1331 = LINE ( 'NONE', #2201, #1657 ) ;
#1332 = ORIENTED_EDGE ( 'NONE', *, *, #682, .F. ) ;
#1333 = DIRECTION ( 'NONE',  ( 0.5773502691896311712, -4.871505472171673505E-15, 0.8164965809277222597 ) ) ;
#1334 = LINE ( 'NONE', #1676, #33 ) ;
#1335 = EDGE_CURVE ( 'NONE', #809, #341, #1327, .T. ) ;
#1336 = EDGE_LOOP ( 'NONE', ( #1083, #1129, #796, #1305 ) ) ;
#1337 = LINE ( 'NONE', #88, #2045 ) ;
#1338 = ORIENTED_EDGE ( 'NONE', *, *, #947, .T. ) ;
#1339 = DIRECTION ( 'NONE',  ( 0.4999999999999998335, 0.7071067811865479058, -0.4999999999999997224 ) ) ;
#1340 = EDGE_CURVE ( 'NONE', #2125, #1998, #1316, .T. ) ;
#1341 = CARTESIAN_POINT ( 'NONE',  ( 0.2000000000000000111, 3.554790026246720469, 0.5416666660367441821 ) ) ;
#1342 = LINE ( 'NONE', #2063, #2262 ) ;
#1343 = VERTEX_POINT ( 'NONE', #2031 ) ;
#1344 = VECTOR ( 'NONE', #507, 39.37007874015748854 ) ;
#1345 = CARTESIAN_POINT ( 'NONE',  ( 0.5000000000000000000, -4.512543307086611222, -4.020500000000024166 ) ) ;
#1346 = DIRECTION ( 'NONE',  ( -0.5000000000000053291, 0.7071067811865401342, 0.5000000000000051070 ) ) ;
#1347 = DIRECTION ( 'NONE',  ( 0.000000000000000000, 0.7071067811865461294, -0.7071067811865487940 ) ) ;
#1348 = EDGE_LOOP ( 'NONE', ( #1484, #1867, #645, #2236 ) ) ;
#1349 = LINE ( 'NONE', #452, #979 ) ;
#1350 = ORIENTED_EDGE ( 'NONE', *, *, #1114, .T. ) ;
#1351 = PLANE ( 'NONE',  #1808 ) ;
#1352 = DIRECTION ( 'NONE',  ( -1.000000000000000000, -0.000000000000000000, -0.000000000000000000 ) ) ;
#1353 = EDGE_CURVE ( 'NONE', #1496, #365, #2057, .T. ) ;
#1354 = PLANE ( 'NONE',  #1957 ) ;
#1355 = ORIENTED_EDGE ( 'NONE', *, *, #944, .T. ) ;
#1356 = ADVANCED_FACE ( 'NONE', ( #265 ), #2270, .F. ) ;
#1357 = CARTESIAN_POINT ( 'NONE',  ( 0.3097500000000000253, -2.967543307086612181, -4.300500000000024414 ) ) ;
#1358 = EDGE_CURVE ( 'NONE', #1070, #1823, #1010, .T. ) ;
#1359 = VECTOR ( 'NONE', #236, 39.37007874015748854 ) ;
#1360 = CARTESIAN_POINT ( 'NONE',  ( 0.02500000000000096242, -2.562543307086614153, 0.5416666660367449593 ) ) ;
#1361 = ORIENTED_EDGE ( 'NONE', *, *, #1120, .F. ) ;
#1362 = DIRECTION ( 'NONE',  ( 0.000000000000000000, -0.7071067811865474617, -0.7071067811865474617 ) ) ;
#1363 = ORIENTED_EDGE ( 'NONE', *, *, #1546, .F. ) ;
#1364 = CARTESIAN_POINT ( 'NONE',  ( 0.2000000000000000111, -1.028115990054607964, -1.028115990054600637 ) ) ;
#1365 = PLANE ( 'NONE',  #914 ) ;
#1366 = FACE_OUTER_BOUND ( 'NONE', #361, .T. ) ;
#1367 = EDGE_LOOP ( 'NONE', ( #1499, #1202, #149 ) ) ;
#1368 = VECTOR ( 'NONE', #406, 39.37007874015748143 ) ;
#1369 = DIRECTION ( 'NONE',  ( 0.000000000000000000, -0.7071067811865450192, 0.7071067811865500152 ) ) ;
#1370 = VECTOR ( 'NONE', #2290, 39.37007874015748854 ) ;
#1371 = ORIENTED_EDGE ( 'NONE', *, *, #310, .F. ) ;
#1372 = PLANE ( 'NONE',  #1630 ) ;
#1373 = ORIENTED_EDGE ( 'NONE', *, *, #2275, .F. ) ;
#1374 = FACE_OUTER_BOUND ( 'NONE', #803, .T. ) ;
#1375 = EDGE_CURVE ( 'NONE', #742, #1784, #2010, .T. ) ;
#1376 =( GEOMETRIC_REPRESENTATION_CONTEXT ( 3 ) GLOBAL_UNCERTAINTY_ASSIGNED_CONTEXT ( ( #923 ) ) GLOBAL_UNIT_ASSIGNED_CONTEXT ( ( #1209, #1027, #847 ) ) REPRESENTATION_CONTEXT ( 'NONE', 'WORKASPACE' ) );
#1377 = FACE_OUTER_BOUND ( 'NONE', #522, .T. ) ;
#1378 = VERTEX_POINT ( 'NONE', #241 ) ;
#1379 = EDGE_CURVE ( 'NONE', #1156, #2233, #1486, .T. ) ;
#1380 = LINE ( 'NONE', #891, #186 ) ;
#1381 = ORIENTED_EDGE ( 'NONE', *, *, #40, .T. ) ;
#1382 = EDGE_CURVE ( 'NONE', #125, #1607, #1564, .T. ) ;
#1383 = CARTESIAN_POINT ( 'NONE',  ( 0.000000000000000000, -4.542858267716533227, 3.911072186326292852E-17 ) ) ;
#1384 = EDGE_LOOP ( 'NONE', ( #1467, #1565, #1178, #108 ) ) ;
#1385 = CARTESIAN_POINT ( 'NONE',  ( 0.2000000000000000111, -3.767543307086612447, -4.300500000000024414 ) ) ;
#1386 = VECTOR ( 'NONE', #856, 39.37007874015748143 ) ;
#1387 = DIRECTION ( 'NONE',  ( 0.000000000000000000, -1.000000000000000000, 0.000000000000000000 ) ) ;
#1388 = ORIENTED_EDGE ( 'NONE', *, *, #859, .F. ) ;
#1389 = APPLICATION_PROTOCOL_DEFINITION ( 'draft international standard', 'automotive_design', 1998, #1786 ) ;
#1390 = CARTESIAN_POINT ( 'NONE',  ( 0.5000000000000000000, -4.512543307086611222, -4.918963255223098407 ) ) ;
#1391 = EDGE_CURVE ( 'NONE', #629, #369, #1916, .T. ) ;
#1392 = ADVANCED_FACE ( 'NONE', ( #1193 ), #1733, .T. ) ;
#1393 = EDGE_CURVE ( 'NONE', #1032, #2164, #1725, .T. ) ;
#1394 = ADVANCED_FACE ( 'NONE', ( #495, #1555, #302 ), #1372, .F. ) ;
#1395 = AXIS2_PLACEMENT_3D ( 'NONE', #560, #282, #798 ) ;
#1396 = CARTESIAN_POINT ( 'NONE',  ( 0.1249999999999999861, -4.567858267716534471, 0.5416666660367439601 ) ) ;
#1397 = EDGE_LOOP ( 'NONE', ( #289, #380, #1799, #457 ) ) ;
#1398 = CARTESIAN_POINT ( 'NONE',  ( 0.1152500000000000746, -2.967543307086612181, -4.300500000000024414 ) ) ;
#1399 = CARTESIAN_POINT ( 'NONE',  ( 0.1250000000000004718, -4.717858267716534826, -4.752296588556431445 ) ) ;
#1400 = EDGE_LOOP ( 'NONE', ( #323, #401, #1471, #925, #1440, #722, #529, #1948 ) ) ;
#1401 = FACE_OUTER_BOUND ( 'NONE', #1053, .T. ) ;
#1402 = VECTOR ( 'NONE', #115, 39.37007874015748143 ) ;
#1403 = EDGE_LOOP ( 'NONE', ( #2257, #1574, #767, #319 ) ) ;
#1404 = ORIENTED_EDGE ( 'NONE', *, *, #2248, .T. ) ;
#1405 = EDGE_CURVE ( 'NONE', #2272, #2082, #134, .T. ) ;
#1406 = VECTOR ( 'NONE', #998, 39.37007874015748143 ) ;
#1407 = AXIS2_PLACEMENT_3D ( 'NONE', #1718, #167, #2126 ) ;
#1408 = CARTESIAN_POINT ( 'NONE',  ( 0.02500000000000096242, 3.429790026246720913, 0.4166666660367443487 ) ) ;
#1409 = VERTEX_POINT ( 'NONE', #1895 ) ;
#1410 = DIRECTION ( 'NONE',  ( -0.000000000000000000, -0.000000000000000000, -1.000000000000000000 ) ) ;
#1411 = CARTESIAN_POINT ( 'NONE',  ( 0.5000000000000000000, -4.512543307086611222, -4.300500000000024414 ) ) ;
#1412 = ORIENTED_EDGE ( 'NONE', *, *, #2283, .T. ) ;
#1413 = VECTOR ( 'NONE', #2205, 39.37007874015748143 ) ;
#1414 = LINE ( 'NONE', #463, #1509 ) ;
#1415 =( NAMED_UNIT ( * ) SI_UNIT ( $, .STERADIAN. ) SOLID_ANGLE_UNIT ( ) );
#1416 = LINE ( 'NONE', #1069, #1992 ) ;
#1417 = ORIENTED_EDGE ( 'NONE', *, *, #1936, .F. ) ;
#1418 = PLANE ( 'NONE',  #1407 ) ;
#1419 = LINE ( 'NONE', #1259, #715 ) ;
#1420 = ORIENTED_EDGE ( 'NONE', *, *, #1636, .T. ) ;
#1421 = FACE_OUTER_BOUND ( 'NONE', #1123, .T. ) ;
#1422 = ADVANCED_FACE ( 'NONE', ( #1037 ), #517, .T. ) ;
#1423 = CARTESIAN_POINT ( 'NONE',  ( 0.4103553390593274175, -4.742858267716534293, 0.5416666660367440711 ) ) ;
#1424 = EDGE_CURVE ( 'NONE', #1260, #1199, #1933, .T. ) ;
#1425 = EDGE_CURVE ( 'NONE', #314, #2222, #862, .T. ) ;
#1426 = CARTESIAN_POINT ( 'NONE',  ( 0.000000000000000000, -2.887543307086613886, 0.5416666660367441821 ) ) ;
#1427 = LINE ( 'NONE', #1935, #825 ) ;
#1428 = DIRECTION ( 'NONE',  ( 0.000000000000000000, -0.7071067811865450192, 0.7071067811865500152 ) ) ;
#1429 = ORIENTED_EDGE ( 'NONE', *, *, #1814, .T. ) ;
#1430 = CARTESIAN_POINT ( 'NONE',  ( 0.000000000000000000, -4.742858267716533405, -4.918963255223098407 ) ) ;
#1431 = VECTOR ( 'NONE', #807, 39.37007874015748143 ) ;
#1432 = LINE ( 'NONE', #1463, #1023 ) ;
#1433 = ORIENTED_EDGE ( 'NONE', *, *, #2219, .T. ) ;
#1434 = DIRECTION ( 'NONE',  ( -0.000000000000000000, -0.000000000000000000, -1.000000000000000000 ) ) ;
#1435 = DIRECTION ( 'NONE',  ( -0.000000000000000000, 0.7071067811865475727, 0.7071067811865475727 ) ) ;
#1436 = ORIENTED_EDGE ( 'NONE', *, *, #1560, .T. ) ;
#1437 = PLANE ( 'NONE',  #87 ) ;
#1438 = LINE ( 'NONE', #2143, #2120 ) ;
#1439 = DIRECTION ( 'NONE',  ( 0.7071067811865473507, 1.232595164407830946E-32, -0.7071067811865475727 ) ) ;
#1440 = ORIENTED_EDGE ( 'NONE', *, *, #1286, .F. ) ;
#1441 = DIRECTION ( 'NONE',  ( 0.8164965809277442421, -0.5773502691895998629, -1.862870102434140584E-15 ) ) ;
#1442 = ORIENTED_EDGE ( 'NONE', *, *, #140, .T. ) ;
#1443 = CARTESIAN_POINT ( 'NONE',  ( 0.02500000000000095896, -2.812543307086613709, 0.5416666660367449593 ) ) ;
#1444 = DIRECTION ( 'NONE',  ( 0.7071067811865552333, 0.4999999999999946154, -0.4999999999999946154 ) ) ;
#1445 = CARTESIAN_POINT ( 'NONE',  ( 0.2000000000000000111, -2.967543307086612181, -4.120500000000023810 ) ) ;
#1446 = EDGE_CURVE ( 'NONE', #388, #1812, #841, .T. ) ;
#1447 = FACE_OUTER_BOUND ( 'NONE', #2098, .T. ) ;
#1448 = AXIS2_PLACEMENT_3D ( 'NONE', #2, #1958, #1232 ) ;
#1449 = LINE ( 'NONE', #17, #882 ) ;
#1450 = ORIENTED_EDGE ( 'NONE', *, *, #565, .T. ) ;
#1451 = EDGE_CURVE ( 'NONE', #1020, #1943, #2103, .T. ) ;
#1452 = VECTOR ( 'NONE', #791, 39.37007874015748143 ) ;
#1453 = CARTESIAN_POINT ( 'NONE',  ( 0.09025000000000001077, -2.967543307086612181, -4.300500000000024414 ) ) ;
#1454 = ORIENTED_EDGE ( 'NONE', *, *, #1685, .F. ) ;
#1455 = CARTESIAN_POINT ( 'NONE',  ( -0.1906556634887076607, -4.542858267716534115, 0.1906556634887075774 ) ) ;
#1456 = CARTESIAN_POINT ( 'NONE',  ( 0.2000000000000000111, -2.967543307086612181, -4.275500000000024059 ) ) ;
#1457 = EDGE_LOOP ( 'NONE', ( #1635, #1108, #2128, #2264 ) ) ;
#1458 = DIRECTION ( 'NONE',  ( 0.000000000000000000, -1.000000000000000000, -1.278755497112309149E-16 ) ) ;
#1459 = DIRECTION ( 'NONE',  ( 0.7071067811865476838, 6.865492910522570878E-17, -0.7071067811865473507 ) ) ;
#1460 = DIRECTION ( 'NONE',  ( -1.000000000000000000, 0.000000000000000000, 0.000000000000000000 ) ) ;
#1461 = ORIENTED_EDGE ( 'NONE', *, *, #1934, .F. ) ;
#1462 = AXIS2_PLACEMENT_3D ( 'NONE', #1791, #366, #1956 ) ;
#1463 = CARTESIAN_POINT ( 'NONE',  ( 0.1152500000000000885, -3.767543307086612447, -4.120500000000023810 ) ) ;
#1464 = ORIENTED_EDGE ( 'NONE', *, *, #2102, .T. ) ;
#1465 = DIRECTION ( 'NONE',  ( -0.5773502691896263972, -4.486912934894973857E-16, 0.8164965809277257014 ) ) ;
#1466 = CARTESIAN_POINT ( 'NONE',  ( 0.000000000000000000, 3.287112356717055928, 0.5593443355664095007 ) ) ;
#1467 = ORIENTED_EDGE ( 'NONE', *, *, #312, .F. ) ;
#1468 = LINE ( 'NONE', #1426, #237 ) ;
#1469 = DIRECTION ( 'NONE',  ( -1.000000000000000000, -0.000000000000000000, -0.000000000000000000 ) ) ;
#1470 = VECTOR ( 'NONE', #535, 39.37007874015748143 ) ;
#1471 = ORIENTED_EDGE ( 'NONE', *, *, #1066, .F. ) ;
#1472 = ORIENTED_EDGE ( 'NONE', *, *, #526, .T. ) ;
#1473 = DIRECTION ( 'NONE',  ( 0.000000000000000000, -0.000000000000000000, -1.000000000000000000 ) ) ;
#1474 = ORIENTED_EDGE ( 'NONE', *, *, #797, .T. ) ;
#1475 = EDGE_CURVE ( 'NONE', #2195, #27, #831, .T. ) ;
#1476 = VECTOR ( 'NONE', #1699, 39.37007874015748143 ) ;
#1477 = DIRECTION ( 'NONE',  ( 0.000000000000000000, 0.7071067811865474617, -0.7071067811865474617 ) ) ;
#1478 = VECTOR ( 'NONE', #1926, 39.37007874015748143 ) ;
#1479 = CARTESIAN_POINT ( 'NONE',  ( 0.05000000000000000278, 0.000000000000000000, 0.000000000000000000 ) ) ;
#1480 = ORIENTED_EDGE ( 'NONE', *, *, #2284, .F. ) ;
#1481 = LINE ( 'NONE', #446, #1707 ) ;
#1482 = LINE ( 'NONE', #2038, #743 ) ;
#1483 = ORIENTED_EDGE ( 'NONE', *, *, #180, .T. ) ;
#1484 = ORIENTED_EDGE ( 'NONE', *, *, #1375, .T. ) ;
#1485 = VECTOR ( 'NONE', #658, 39.37007874015748143 ) ;
#1486 = LINE ( 'NONE', #2196, #1048 ) ;
#1487 = ORIENTED_EDGE ( 'NONE', *, *, #1258, .T. ) ;
#1488 = DIRECTION ( 'NONE',  ( 0.7071067811865398012, -0.5000000000000055511, 0.5000000000000055511 ) ) ;
#1489 = DIRECTION ( 'NONE',  ( -0.7071067811865473507, -6.865492910522573343E-17, 0.7071067811865475727 ) ) ;
#1490 = CARTESIAN_POINT ( 'NONE',  ( 0.2916666666666680174, -4.658932702617655686, -4.752296588556431445 ) ) ;
#1491 = ORIENTED_EDGE ( 'NONE', *, *, #523, .T. ) ;
#1492 = CARTESIAN_POINT ( 'NONE',  ( 0.5000000000000000000, 3.447456692913386078, -1.697000000000013609 ) ) ;
#1493 = DIRECTION ( 'NONE',  ( 0.7071067811865455743, 0.5000000000000003331, -0.5000000000000026645 ) ) ;
#1494 = EDGE_CURVE ( 'NONE', #2168, #211, #1745, .T. ) ;
#1495 = AXIS2_PLACEMENT_3D ( 'NONE', #1609, #7, #721 ) ;
#1496 = VERTEX_POINT ( 'NONE', #683 ) ;
#1497 = ADVANCED_FACE ( 'NONE', ( #1573 ), #2286, .F. ) ;
#1498 = DIRECTION ( 'NONE',  ( 0.000000000000000000, -1.000000000000000000, 0.000000000000000000 ) ) ;
#1499 = ORIENTED_EDGE ( 'NONE', *, *, #1639, .F. ) ;
#1500 = FACE_OUTER_BOUND ( 'NONE', #1816, .T. ) ;
#1501 = CARTESIAN_POINT ( 'NONE',  ( 0.2000000000000000111, -3.767543307086612447, -4.120500000000023810 ) ) ;
#1502 = CARTESIAN_POINT ( 'NONE',  ( 0.2500000000000009437, -4.658932702617655686, -4.710629921889763594 ) ) ;
#1503 = ORIENTED_EDGE ( 'NONE', *, *, #1066, .T. ) ;
#1504 = VECTOR ( 'NONE', #1993, 39.37007874015748854 ) ;
#1505 = CARTESIAN_POINT ( 'NONE',  ( 0.1152500000000000885, -2.967543307086612181, -4.120500000000023810 ) ) ;
#1506 = DIRECTION ( 'NONE',  ( -1.852454054549486680E-14, 0.5773502691896340577, 0.8164965809277201503 ) ) ;
#1507 = EDGE_CURVE ( 'NONE', #629, #1812, #1225, .T. ) ;
#1508 = VERTEX_POINT ( 'NONE', #1537 ) ;
#1509 = VECTOR ( 'NONE', #2232, 39.37007874015748143 ) ;
#1510 = DIRECTION ( 'NONE',  ( 0.7071067811865503483, -6.865492910522542528E-17, 0.7071067811865445751 ) ) ;
#1511 = ORIENTED_EDGE ( 'NONE', *, *, #1353, .T. ) ;
#1512 = LINE ( 'NONE', #2225, #175 ) ;
#1513 = LINE ( 'NONE', #1330, #1030 ) ;
#1514 = CARTESIAN_POINT ( 'NONE',  ( 0.09025000000000001077, -2.967543307086612181, -4.300500000000024414 ) ) ;
#1515 = EDGE_LOOP ( 'NONE', ( #2268, #1990, #1974, #1315 ) ) ;
#1516 = VECTOR ( 'NONE', #1098, 39.37007874015748854 ) ;
#1517 = CARTESIAN_POINT ( 'NONE',  ( 0.5000000000000000000, 3.596456692913384767, 0.7083333327034108118 ) ) ;
#1518 = DIMENSIONAL_EXPONENTS ( 1.000000000000000000, 0.000000000000000000, 0.000000000000000000, 0.000000000000000000, 0.000000000000000000, 0.000000000000000000, 0.000000000000000000 ) ;
#1519 = CARTESIAN_POINT ( 'NONE',  ( 0.2000000000000000111, -1.028115990054607964, -1.028115990054600637 ) ) ;
#1520 = FACE_OUTER_BOUND ( 'NONE', #789, .T. ) ;
#1521 = ORIENTED_EDGE ( 'NONE', *, *, #772, .T. ) ;
#1522 = EDGE_CURVE ( 'NONE', #764, #204, #2245, .T. ) ;
#1523 = CONICAL_SURFACE ( 'NONE', #370, 0.1097500000000000003, 0.7853981633974517207 ) ;
#1524 = ADVANCED_FACE ( 'NONE', ( #313 ), #1031, .T. ) ;
#1525 = CARTESIAN_POINT ( 'NONE',  ( 0.3097500000000000253, -2.967543307086612181, -4.300500000000024414 ) ) ;
#1526 = VERTEX_POINT ( 'NONE', #1596 ) ;
#1527 = CARTESIAN_POINT ( 'NONE',  ( 0.2000000000000000111, -2.967543307086612181, -4.275500000000024059 ) ) ;
#1528 = ADVANCED_FACE ( 'NONE', ( #1616 ), #1628, .F. ) ;
#1529 = DIRECTION ( 'NONE',  ( -1.000000000000000000, 0.000000000000000000, 0.000000000000000000 ) ) ;
#1530 = CARTESIAN_POINT ( 'NONE',  ( 0.2500000000000006661, -4.567858267716531806, -4.877296588556430557 ) ) ;
#1531 = EDGE_LOOP ( 'NONE', ( #1545, #2194, #884, #1332 ) ) ;
#1532 = ADVANCED_FACE ( 'NONE', ( #933, #2299, #1105 ), #576, .F. ) ;
#1533 = LINE ( 'NONE', #1890, #1197 ) ;
#1534 = CARTESIAN_POINT ( 'NONE',  ( 0.3750000000000010547, -4.717858267716534826, -4.752296588556431445 ) ) ;
#1535 = DIRECTION ( 'NONE',  ( -0.5773502691896301720, -0.8164965809277228148, 9.999405969194473272E-15 ) ) ;
#1536 = ORIENTED_EDGE ( 'NONE', *, *, #1753, .F. ) ;
#1537 = CARTESIAN_POINT ( 'NONE',  ( 0.5000000000000000000, 3.596456692913384767, 0.7083333327034108118 ) ) ;
#1538 = ORIENTED_EDGE ( 'NONE', *, *, #462, .T. ) ;
#1539 = DIRECTION ( 'NONE',  ( -1.000000000000000000, 0.000000000000000000, 0.000000000000000000 ) ) ;
#1540 = DIRECTION ( 'NONE',  ( -0.7071067811865474617, 6.865492910522572111E-17, -0.7071067811865474617 ) ) ;
#1541 = CARTESIAN_POINT ( 'NONE',  ( 0.1749999999999989897, -2.687543307086614597, 0.4166666660367451813 ) ) ;
#1542 = ORIENTED_EDGE ( 'NONE', *, *, #2231, .F. ) ;
#1543 = VECTOR ( 'NONE', #213, 39.37007874015748854 ) ;
#1544 = CARTESIAN_POINT ( 'NONE',  ( 0.000000000000000000, 3.447456692913386078, 0.06299999999998652511 ) ) ;
#1545 = ORIENTED_EDGE ( 'NONE', *, *, #2273, .T. ) ;
#1546 = EDGE_CURVE ( 'NONE', #1029, #846, #551, .T. ) ;
#1547 = DIRECTION ( 'NONE',  ( 0.8164965809277170417, 0.5773502691896382766, -9.290313478590418618E-15 ) ) ;
#1548 = VERTEX_POINT ( 'NONE', #379 ) ;
#1549 = PLANE ( 'NONE',  #1889 ) ;
#1550 = CARTESIAN_POINT ( 'NONE',  ( 0.1749999999999989064, -2.687543307086613265, 0.6666666660367451813 ) ) ;
#1551 = ORIENTED_EDGE ( 'NONE', *, *, #1040, .F. ) ;
#1552 = AXIS2_PLACEMENT_3D ( 'NONE', #2099, #340, #524 ) ;
#1553 = CARTESIAN_POINT ( 'NONE',  ( 0.08964466094067395641, -4.742858267716534293, 0.5416666660367444042 ) ) ;
#1554 = ORIENTED_EDGE ( 'NONE', *, *, #2107, .F. ) ;
#1555 = FACE_OUTER_BOUND ( 'NONE', #1960, .T. ) ;
#1556 = EDGE_LOOP ( 'NONE', ( #1450, #2296, #1011, #785 ) ) ;
#1557 = LINE ( 'NONE', #855, #2113 ) ;
#1558 = CARTESIAN_POINT ( 'NONE',  ( 0.1249999999999999861, -4.542858267716534115, 0.5416666660367439601 ) ) ;
#1559 = ORIENTED_EDGE ( 'NONE', *, *, #1756, .T. ) ;
#1560 = EDGE_CURVE ( 'NONE', #1619, #2168, #1995, .T. ) ;
#1561 = ADVANCED_FACE ( 'NONE', ( #897 ), #165, .T. ) ;
#1562 = AXIS2_PLACEMENT_3D ( 'NONE', #939, #758, #556 ) ;
#1563 = EDGE_CURVE ( 'NONE', #1882, #832, #190, .T. ) ;
#1564 = LINE ( 'NONE', #693, #35 ) ;
#1565 = ORIENTED_EDGE ( 'NONE', *, *, #185, .F. ) ;
#1566 = LINE ( 'NONE', #509, #1584 ) ;
#1567 = DIRECTION ( 'NONE',  ( 0.7071067811865494601, 0.4999999999999986677, 0.4999999999999986677 ) ) ;
#1568 = ORIENTED_EDGE ( 'NONE', *, *, #2107, .T. ) ;
#1569 = EDGE_CURVE ( 'NONE', #593, #1917, #1983, .T. ) ;
#1570 = DIRECTION ( 'NONE',  ( -0.000000000000000000, -0.000000000000000000, -1.000000000000000000 ) ) ;
#1571 = ORIENTED_EDGE ( 'NONE', *, *, #1116, .T. ) ;
#1572 = ADVANCED_FACE ( 'NONE', ( #1757, #2145, #1082, #883, #2134 ), #37, .T. ) ;
#1573 = FACE_OUTER_BOUND ( 'NONE', #451, .T. ) ;
#1574 = ORIENTED_EDGE ( 'NONE', *, *, #140, .F. ) ;
#1575 = DIRECTION ( 'NONE',  ( -1.000000000000000000, -0.000000000000000000, -0.000000000000000000 ) ) ;
#1576 = DIRECTION ( 'NONE',  ( 0.7071067811865476838, -1.382772832330708840E-16, 0.7071067811865474617 ) ) ;
#1577 = ORIENTED_EDGE ( 'NONE', *, *, #2144, .T. ) ;
#1578 = PLANE ( 'NONE',  #1843 ) ;
#1579 = VECTOR ( 'NONE', #1878, 39.37007874015748143 ) ;
#1580 = ORIENTED_EDGE ( 'NONE', *, *, #563, .F. ) ;
#1581 = AXIS2_PLACEMENT_3D ( 'NONE', #700, #1218, #2271 ) ;
#1582 = CARTESIAN_POINT ( 'NONE',  ( 0.1749999999999989064, -2.687543307086613265, 0.6666666660367451813 ) ) ;
#1583 = VECTOR ( 'NONE', #833, 39.37007874015748143 ) ;
#1584 = VECTOR ( 'NONE', #1575, 39.37007874015748143 ) ;
#1585 = DIRECTION ( 'NONE',  ( -0.7071067811865455743, -0.5000000000000032196, -0.4999999999999996669 ) ) ;
#1586 = ORIENTED_EDGE ( 'NONE', *, *, #2030, .F. ) ;
#1587 = LINE ( 'NONE', #1039, #1191 ) ;
#1588 = EDGE_CURVE ( 'NONE', #1955, #1029, #1416, .T. ) ;
#1589 = CARTESIAN_POINT ( 'NONE',  ( 0.000000000000000000, -4.512543307086611222, 0.5416666660367444042 ) ) ;
#1590 = ORIENTED_EDGE ( 'NONE', *, *, #1873, .F. ) ;
#1591 = DIRECTION ( 'NONE',  ( 0.8164965809277471287, 0.5773502691895958661, -7.026826149826892105E-15 ) ) ;
#1592 = EDGE_CURVE ( 'NONE', #733, #958, #921, .T. ) ;
#1593 = CARTESIAN_POINT ( 'NONE',  ( 0.5000000000000000000, -4.512543307086611222, -4.300500000000024414 ) ) ;
#1594 = ORIENTED_EDGE ( 'NONE', *, *, #1976, .T. ) ;
#1595 = LINE ( 'NONE', #342, #840 ) ;
#1596 = CARTESIAN_POINT ( 'NONE',  ( 0.2847500000000000031, -2.967543307086612181, -4.275500000000024059 ) ) ;
#1597 = ORIENTED_EDGE ( 'NONE', *, *, #634, .T. ) ;
#1598 = CARTESIAN_POINT ( 'NONE',  ( 0.5000000000000000000, 3.596456692913384767, 0.7083333327034108118 ) ) ;
#1599 = LINE ( 'NONE', #1973, #681 ) ;
#1600 = ORIENTED_EDGE ( 'NONE', *, *, #1778, .F. ) ;
#1601 = DIRECTION ( 'NONE',  ( -1.000000000000000000, -0.000000000000000000, -0.000000000000000000 ) ) ;
#1602 = AXIS2_PLACEMENT_3D ( 'NONE', #1985, #1107, #219 ) ;
#1603 = LINE ( 'NONE', #1789, #920 ) ;
#1604 = FACE_OUTER_BOUND ( 'NONE', #2260, .T. ) ;
#1605 = DIRECTION ( 'NONE',  ( 0.000000000000000000, -1.000000000000000000, 0.000000000000000000 ) ) ;
#1606 = CARTESIAN_POINT ( 'NONE',  ( 0.1749999999999990175, -2.687543307086614597, 0.4166666660367451813 ) ) ;
#1607 = VERTEX_POINT ( 'NONE', #2124 ) ;
#1608 = VECTOR ( 'NONE', #56, 39.37007874015748854 ) ;
#1609 = CARTESIAN_POINT ( 'NONE',  ( -0.1010110025480361745, -4.542858267716534115, 0.1010110025480362023 ) ) ;
#1610 = ORIENTED_EDGE ( 'NONE', *, *, #1522, .F. ) ;
#1611 = DIRECTION ( 'NONE',  ( 0.5773502691896109651, -0.8164965809277363595, 4.358715422469503811E-15 ) ) ;
#1612 = EDGE_CURVE ( 'NONE', #1077, #116, #2258, .T. ) ;
#1613 = CYLINDRICAL_SURFACE ( 'NONE', #769, 0.08474999999999995037 ) ;
#1614 = PLANE ( 'NONE',  #802 ) ;
#1615 = EDGE_CURVE ( 'NONE', #321, #1882, #717, .T. ) ;
#1616 = FACE_OUTER_BOUND ( 'NONE', #1314, .T. ) ;
#1617 = ORIENTED_EDGE ( 'NONE', *, *, #1228, .T. ) ;
#1618 = DIRECTION ( 'NONE',  ( 0.000000000000000000, -0.7071067811865491270, -0.7071067811865457964 ) ) ;
#1619 = VERTEX_POINT ( 'NONE', #1606 ) ;
#1620 = FACE_OUTER_BOUND ( 'NONE', #103, .T. ) ;
#1621 = EDGE_CURVE ( 'NONE', #369, #494, #1449, .T. ) ;
#1622 = CARTESIAN_POINT ( 'NONE',  ( 0.1250000000000004718, -4.542858267716533227, -4.752296588556431445 ) ) ;
#1623 = ORIENTED_EDGE ( 'NONE', *, *, #1280, .T. ) ;
#1624 = ADVANCED_FACE ( 'NONE', ( #1971 ), #1278, .F. ) ;
#1625 = EDGE_CURVE ( 'NONE', #2032, #238, #638, .T. ) ;
#1626 = CARTESIAN_POINT ( 'NONE',  ( 0.2000000000000000111, -2.562543307086614153, 0.5416666660367449593 ) ) ;
#1627 = AXIS2_PLACEMENT_3D ( 'NONE', #1079, #906, #1242 ) ;
#1628 = CYLINDRICAL_SURFACE ( 'NONE', #2069, 0.08474999999999995037 ) ;
#1629 = EDGE_LOOP ( 'NONE', ( #94, #502, #656, #2021 ) ) ;
#1630 = AXIS2_PLACEMENT_3D ( 'NONE', #2070, #1203, #853 ) ;
#1631 = CARTESIAN_POINT ( 'NONE',  ( 0.2000000000000000111, 3.429790026246720913, 0.6666666660367440711 ) ) ;
#1632 = ORIENTED_EDGE ( 'NONE', *, *, #1522, .T. ) ;
#1633 = LINE ( 'NONE', #21, #672 ) ;
#1634 = DIRECTION ( 'NONE',  ( -0.000000000000000000, -1.000000000000000000, -1.955536093163145995E-16 ) ) ;
#1635 = ORIENTED_EDGE ( 'NONE', *, *, #1833, .F. ) ;
#1636 = EDGE_CURVE ( 'NONE', #1378, #765, #689, .T. ) ;
#1637 = FACE_OUTER_BOUND ( 'NONE', #1684, .T. ) ;
#1638 = PLANE ( 'NONE',  #1046 ) ;
#1639 = EDGE_CURVE ( 'NONE', #62, #314, #111, .T. ) ;
#1640 = ORIENTED_EDGE ( 'NONE', *, *, #564, .F. ) ;
#1641 = VERTEX_POINT ( 'NONE', #2282 ) ;
#1642 = CIRCLE ( 'NONE', #465, 0.08474999999999996425 ) ;
#1643 = CARTESIAN_POINT ( 'NONE',  ( 0.5000000000000000000, -4.742858267716533405, -4.918963255223098407 ) ) ;
#1644 = ORIENTED_EDGE ( 'NONE', *, *, #1934, .T. ) ;
#1645 = CARTESIAN_POINT ( 'NONE',  ( 3.025137291100258530, -4.742858267716533405, -2.393825964122838990 ) ) ;
#1646 = VECTOR ( 'NONE', #202, 39.37007874015748143 ) ;
#1647 = CARTESIAN_POINT ( 'NONE',  ( 0.02500000000000096242, -2.562543307086614153, 0.5416666660367449593 ) ) ;
#1648 = ORIENTED_EDGE ( 'NONE', *, *, #382, .T. ) ;
#1649 = CARTESIAN_POINT ( 'NONE',  ( -0.1906556634887076607, -4.542858267716534115, 0.1906556634887075774 ) ) ;
#1650 = DIRECTION ( 'NONE',  ( 0.000000000000000000, 0.000000000000000000, -1.000000000000000000 ) ) ;
#1651 = VECTOR ( 'NONE', #2121, 39.37007874015748143 ) ;
#1652 = ORIENTED_EDGE ( 'NONE', *, *, #2153, .T. ) ;
#1653 = VERTEX_POINT ( 'NONE', #1231 ) ;
#1654 = EDGE_CURVE ( 'NONE', #938, #1085, #1414, .T. ) ;
#1655 = PLANE ( 'NONE',  #1092 ) ;
#1656 = ORIENTED_EDGE ( 'NONE', *, *, #526, .F. ) ;
#1657 = VECTOR ( 'NONE', #1849, 39.37007874015748854 ) ;
#1658 = LINE ( 'NONE', #2247, #1888 ) ;
#1659 = CARTESIAN_POINT ( 'NONE',  ( 0.02500000000000096242, -2.687543307086613265, 0.6666666660367451813 ) ) ;
#1660 = ADVANCED_FACE ( 'NONE', ( #1401 ), #1922, .T. ) ;
#1661 = DIRECTION ( 'NONE',  ( -1.000000000000000000, -0.000000000000000000, -0.000000000000000000 ) ) ;
#1662 = VERTEX_POINT ( 'NONE', #1177 ) ;
#1663 = FACE_OUTER_BOUND ( 'NONE', #154, .T. ) ;
#1664 = EDGE_CURVE ( 'NONE', #81, #427, #152, .T. ) ;
#1665 = CARTESIAN_POINT ( 'NONE',  ( 0.000000000000000000, -4.512543307086611222, -4.300500000000024414 ) ) ;
#1666 = ORIENTED_EDGE ( 'NONE', *, *, #1391, .F. ) ;
#1667 = CONICAL_SURFACE ( 'NONE', #557, 0.08474999999999992262, 1.029744258676653867 ) ;
#1668 = DIRECTION ( 'NONE',  ( -9.198171516534946475E-15, -0.5773502691895960881, 0.8164965809277470177 ) ) ;
#1669 = ORIENTED_EDGE ( 'NONE', *, *, #1154, .F. ) ;
#1670 = DIRECTION ( 'NONE',  ( -0.000000000000000000, 1.000000000000000000, -1.260852920152738937E-16 ) ) ;
#1671 = DIRECTION ( 'NONE',  ( 0.000000000000000000, -0.7071067811865474617, 0.7071067811865474617 ) ) ;
#1672 = LINE ( 'NONE', #1541, #1188 ) ;
#1673 = ORIENTED_EDGE ( 'NONE', *, *, #720, .F. ) ;
#1674 = DIRECTION ( 'NONE',  ( 0.7071067811865473507, 6.865492910522573343E-17, -0.7071067811865476838 ) ) ;
#1675 = EDGE_CURVE ( 'NONE', #504, #836, #1741, .T. ) ;
#1676 = CARTESIAN_POINT ( 'NONE',  ( 0.02500000000000096242, 3.429790026246720913, 0.6666666660367440711 ) ) ;
#1677 = AXIS2_PLACEMENT_3D ( 'NONE', #1558, #732, #1281 ) ;
#1678 = ORIENTED_EDGE ( 'NONE', *, *, #493, .F. ) ;
#1679 = FACE_OUTER_BOUND ( 'NONE', #228, .T. ) ;
#1680 = ORIENTED_EDGE ( 'NONE', *, *, #624, .T. ) ;
#1681 = CARTESIAN_POINT ( 'NONE',  ( 0.2500000000000006661, -4.717858267716534826, -4.627296588556430557 ) ) ;
#1682 = CARTESIAN_POINT ( 'NONE',  ( 0.2500000000000008882, -4.742858267716534293, 0.3813113269774175418 ) ) ;
#1683 = PLANE ( 'NONE',  #294 ) ;
#1684 = EDGE_LOOP ( 'NONE', ( #1850, #1938, #1338, #2101 ) ) ;
#1685 = EDGE_CURVE ( 'NONE', #1113, #2032, #274, .T. ) ;
#1686 = AXIS2_PLACEMENT_3D ( 'NONE', #794, #1839, #421 ) ;
#1687 = LINE ( 'NONE', #1186, #595 ) ;
#1688 = DIRECTION ( 'NONE',  ( -1.000000000000000000, 0.000000000000000000, 0.000000000000000000 ) ) ;
#1689 = EDGE_CURVE ( 'NONE', #1917, #584, #98, .T. ) ;
#1690 = FACE_OUTER_BOUND ( 'NONE', #2252, .T. ) ;
#1691 = ADVANCED_FACE ( 'NONE', ( #330 ), #1220, .F. ) ;
#1692 = EDGE_LOOP ( 'NONE', ( #1709, #1126, #467, #417 ) ) ;
#1693 = VECTOR ( 'NONE', #1125, 39.37007874015748854 ) ;
#1694 = EDGE_CURVE ( 'NONE', #2195, #194, #892, .T. ) ;
#1695 = PLANE ( 'NONE',  #308 ) ;
#1696 = ORIENTED_EDGE ( 'NONE', *, *, #1018, .T. ) ;
#1697 = CARTESIAN_POINT ( 'NONE',  ( 0.2500000000000000555, -4.542858267716534115, 0.4166666660367439046 ) ) ;
#1698 = CARTESIAN_POINT ( 'NONE',  ( 0.2000000000000000111, -3.767543307086612447, -4.275500000000024059 ) ) ;
#1699 = DIRECTION ( 'NONE',  ( 0.000000000000000000, -1.000000000000000000, -1.310346476448665228E-16 ) ) ;
#1700 = ORIENTED_EDGE ( 'NONE', *, *, #1588, .F. ) ;
#1701 = CIRCLE ( 'NONE', #697, 0.08474999999999996425 ) ;
#1702 = AXIS2_PLACEMENT_3D ( 'NONE', #695, #664, #676 ) ;
#1703 = DIRECTION ( 'NONE',  ( -1.000000000000000000, -0.000000000000000000, -0.000000000000000000 ) ) ;
#1704 = CARTESIAN_POINT ( 'NONE',  ( 0.1749999999999991007, 3.429790026246720913, 0.4166666660367443487 ) ) ;
#1705 = LINE ( 'NONE', #1866, #2178 ) ;
#1706 = ORIENTED_EDGE ( 'NONE', *, *, #150, .F. ) ;
#1707 = VECTOR ( 'NONE', #1333, 39.37007874015748143 ) ;
#1708 = DIRECTION ( 'NONE',  ( 0.000000000000000000, 0.000000000000000000, -1.000000000000000000 ) ) ;
#1709 = ORIENTED_EDGE ( 'NONE', *, *, #927, .T. ) ;
#1710 = CARTESIAN_POINT ( 'NONE',  ( 0.000000000000000000, -4.512543307086611222, -4.300500000000024414 ) ) ;
#1711 = DIRECTION ( 'NONE',  ( 0.000000000000000000, 0.7071067811865480168, 0.7071067811865469066 ) ) ;
#1712 = CARTESIAN_POINT ( 'NONE',  ( 0.2000000000000000111, 3.429790026246720913, 0.4166666660367443487 ) ) ;
#1713 = ORIENTED_EDGE ( 'NONE', *, *, #326, .T. ) ;
#1714 = LINE ( 'NONE', #2256, #1854 ) ;
#1715 = EDGE_LOOP ( 'NONE', ( #2137, #2089, #75, #778 ) ) ;
#1716 = CARTESIAN_POINT ( 'NONE',  ( 0.2000000000000000111, -2.967543307086612181, -4.120500000000023810 ) ) ;
#1717 = EDGE_LOOP ( 'NONE', ( #1244, #1623, #684, #1268 ) ) ;
#1718 = CARTESIAN_POINT ( 'NONE',  ( -2.295970624748552069, -4.542858267716533227, -2.295970624748567612 ) ) ;
#1719 = PLANE ( 'NONE',  #61 ) ;
#1720 = EDGE_LOOP ( 'NONE', ( #407, #2109, #1870, #266 ) ) ;
#1721 = LENGTH_MEASURE_WITH_UNIT ( LENGTH_MEASURE( 0.02539999999999999897 ), #1043 );
#1722 = VECTOR ( 'NONE', #573, 39.37007874015748854 ) ;
#1723 = DIRECTION ( 'NONE',  ( -0.000000000000000000, -0.000000000000000000, -1.000000000000000000 ) ) ;
#1724 = PRESENTATION_STYLE_ASSIGNMENT (( #474 ) ) ;
#1725 = LINE ( 'NONE', #2276, #673 ) ;
#1726 = EDGE_LOOP ( 'NONE', ( #1739, #1234, #691, #1511 ) ) ;
#1727 = DIRECTION ( 'NONE',  ( -0.000000000000000000, -0.000000000000000000, -1.000000000000000000 ) ) ;
#1728 = EDGE_CURVE ( 'NONE', #372, #32, #349, .T. ) ;
#1729 = DIRECTION ( 'NONE',  ( 0.7071067811865499042, 0.000000000000000000, -0.7071067811865451302 ) ) ;
#1730 = VERTEX_POINT ( 'NONE', #1750 ) ;
#1731 = ADVANCED_FACE ( 'NONE', ( #1520 ), #1065, .F. ) ;
#1732 = ORIENTED_EDGE ( 'NONE', *, *, #1090, .T. ) ;
#1733 = PLANE ( 'NONE',  #1855 ) ;
#1734 = ORIENTED_EDGE ( 'NONE', *, *, #948, .T. ) ;
#1735 = DIRECTION ( 'NONE',  ( -0.000000000000000000, -0.000000000000000000, -1.000000000000000000 ) ) ;
#1736 = VECTOR ( 'NONE', #1703, 39.37007874015748143 ) ;
#1737 = ADVANCED_FACE ( 'NONE', ( #879 ), #1578, .T. ) ;
#1738 = CARTESIAN_POINT ( 'NONE',  ( 0.02500000000000096242, 3.429790026246720913, 0.4166666660367443487 ) ) ;
#1739 = ORIENTED_EDGE ( 'NONE', *, *, #1324, .F. ) ;
#1740 = VECTOR ( 'NONE', #1650, 39.37007874015748143 ) ;
#1741 = LINE ( 'NONE', #1930, #248 ) ;
#1742 = VECTOR ( 'NONE', #1708, 39.37007874015748143 ) ;
#1743 = EDGE_CURVE ( 'NONE', #2233, #372, #1705, .T. ) ;
#1744 = VERTEX_POINT ( 'NONE', #994 ) ;
#1745 = LINE ( 'NONE', #1214, #582 ) ;
#1746 = ORIENTED_EDGE ( 'NONE', *, *, #2030, .T. ) ;
#1747 = CARTESIAN_POINT ( 'NONE',  ( 0.5000000000000000000, -2.812543307086613709, -2.197000000000014719 ) ) ;
#1748 = CARTESIAN_POINT ( 'NONE',  ( 0.000000000000000000, -4.542858267716534115, 3.911072186326292852E-17 ) ) ;
#1749 = EDGE_LOOP ( 'NONE', ( #270, #950, #2280, #910 ) ) ;
#1750 = CARTESIAN_POINT ( 'NONE',  ( 0.1603553390593285277, -4.542858267716534115, 0.5416666660367439601 ) ) ;
#1751 = ORIENTED_EDGE ( 'NONE', *, *, #1424, .T. ) ;
#1752 = VECTOR ( 'NONE', #1352, 39.37007874015748143 ) ;
#1753 = EDGE_CURVE ( 'NONE', #321, #1113, #2307, .T. ) ;
#1754 = DIRECTION ( 'NONE',  ( -0.8571673007021120005, 0.000000000000000000, -0.5150380749100547106 ) ) ;
#1755 = ADVANCED_FACE ( 'NONE', ( #1690 ), #816, .T. ) ;
#1756 = EDGE_CURVE ( 'NONE', #1662, #1986, #1603, .T. ) ;
#1757 = FACE_BOUND ( 'NONE', #198, .T. ) ;
#1758 = EDGE_LOOP ( 'NONE', ( #2116, #1480, #123, #694 ) ) ;
#1759 = CARTESIAN_POINT ( 'NONE',  ( 0.2000000000000000111, 3.519434687187391386, 0.5416666660367446262 ) ) ;
#1760 = CARTESIAN_POINT ( 'NONE',  ( 0.09025000000000001077, -3.767543307086612447, -4.300500000000024414 ) ) ;
#1761 = EDGE_LOOP ( 'NONE', ( #1464, #579, #878, #1984 ) ) ;
#1762 = LINE ( 'NONE', #1903, #1793 ) ;
#1763 = DIRECTION ( 'NONE',  ( -0.7071067811865474617, 0.4999999999999997224, -0.5000000000000004441 ) ) ;
#1764 = VECTOR ( 'NONE', #571, 39.37007874015748854 ) ;
#1765 = AXIS2_PLACEMENT_3D ( 'NONE', #2304, #2279, #665 ) ;
#1766 = LINE ( 'NONE', #24, #936 ) ;
#1767 = VECTOR ( 'NONE', #157, 39.37007874015748143 ) ;
#1768 = DIRECTION ( 'NONE',  ( -0.000000000000000000, 1.000000000000000000, 9.709273186437355514E-17 ) ) ;
#1769 = ORIENTED_EDGE ( 'NONE', *, *, #498, .F. ) ;
#1770 = CARTESIAN_POINT ( 'NONE',  ( 0.4406556634887077717, -4.542858267716534115, 0.4406556634887076607 ) ) ;
#1771 = DIRECTION ( 'NONE',  ( 0.7071067811865476838, 0.000000000000000000, -0.7071067811865473507 ) ) ;
#1772 = ORIENTED_EDGE ( 'NONE', *, *, #78, .T. ) ;
#1773 = CARTESIAN_POINT ( 'NONE',  ( 0.2000000000000000111, 0.000000000000000000, 0.000000000000000000 ) ) ;
#1774 = CARTESIAN_POINT ( 'NONE',  ( 0.5000000000000000000, -2.812543307086613709, 0.06299999999998576183 ) ) ;
#1775 = ORIENTED_EDGE ( 'NONE', *, *, #948, .F. ) ;
#1776 = AXIS2_PLACEMENT_3D ( 'NONE', #734, #1109, #207 ) ;
#1777 = DIRECTION ( 'NONE',  ( 1.000000000000000000, 0.000000000000000000, 0.000000000000000000 ) ) ;
#1778 = EDGE_CURVE ( 'NONE', #427, #504, #952, .T. ) ;
#1779 = DIRECTION ( 'NONE',  ( 0.000000000000000000, 0.7071067811865474617, 0.7071067811865474617 ) ) ;
#1780 = CARTESIAN_POINT ( 'NONE',  ( 0.5000000000000000000, -4.742858267716534293, 0.7083333327034097016 ) ) ;
#1781 = ORIENTED_EDGE ( 'NONE', *, *, #876, .T. ) ;
#1782 = EDGE_CURVE ( 'NONE', #846, #707, #1100, .T. ) ;
#1783 = CARTESIAN_POINT ( 'NONE',  ( 0.2000000000000000111, 2.030550676612068006, 2.030550676612068006 ) ) ;
#1784 = VERTEX_POINT ( 'NONE', #45 ) ;
#1785 = FACE_OUTER_BOUND ( 'NONE', #2085, .T. ) ;
#1786 = APPLICATION_CONTEXT ( 'automotive_design' ) ;
#1787 = ADVANCED_FACE ( 'NONE', ( #1978 ), #748, .F. ) ;
#1788 = VECTOR ( 'NONE', #2136, 39.37007874015748143 ) ;
#1789 = CARTESIAN_POINT ( 'NONE',  ( 0.1749999999999989897, 3.429790026246720913, 0.6666666660367440711 ) ) ;
#1790 = ORIENTED_EDGE ( 'NONE', *, *, #1116, .F. ) ;
#1791 = CARTESIAN_POINT ( 'NONE',  ( 0.1249999999999999861, -4.542858267716534115, 0.5416666660367439601 ) ) ;
#1792 = CYLINDRICAL_SURFACE ( 'NONE', #1819, 0.08474999999999995037 ) ;
#1793 = VECTOR ( 'NONE', #636, 39.37007874015748854 ) ;
#1794 = DIRECTION ( 'NONE',  ( -0.7071067811865473507, 0.000000000000000000, 0.7071067811865476838 ) ) ;
#1795 = ORIENTED_EDGE ( 'NONE', *, *, #1017, .T. ) ;
#1796 = VECTOR ( 'NONE', #2177, 39.37007874015748854 ) ;
#1797 = UNCERTAINTY_MEASURE_WITH_UNIT (LENGTH_MEASURE( 1.000000000000000082E-05 ), #141, 'distance_accuracy_value', 'NONE');
#1798 = DIRECTION ( 'NONE',  ( -0.7071067811865499042, 0.000000000000000000, -0.7071067811865451302 ) ) ;
#1799 = ORIENTED_EDGE ( 'NONE', *, *, #1728, .F. ) ;
#1800 = LINE ( 'NONE', #1455, #510 ) ;
#1801 = EDGE_CURVE ( 'NONE', #1508, #1784, #1076, .T. ) ;
#1802 = ADVANCED_FACE ( 'NONE', ( #1262 ), #1613, .F. ) ;
#1803 = DIRECTION ( 'NONE',  ( 0.000000000000000000, -0.7071067811865474617, 0.7071067811865474617 ) ) ;
#1804 = EDGE_LOOP ( 'NONE', ( #487, #2014, #1594, #242 ) ) ;
#1805 = LINE ( 'NONE', #1103, #1796 ) ;
#1806 = VECTOR ( 'NONE', #907, 39.37007874015748143 ) ;
#1807 = CARTESIAN_POINT ( 'NONE',  ( 0.5000000000000000000, -2.812543307086613709, -4.300500000000024414 ) ) ;
#1808 = AXIS2_PLACEMENT_3D ( 'NONE', #1170, #653, #1329 ) ;
#1809 = DIRECTION ( 'NONE',  ( 0.000000000000000000, -0.7071067811865474617, 0.7071067811865474617 ) ) ;
#1810 = ORIENTED_EDGE ( 'NONE', *, *, #1280, .F. ) ;
#1811 = DIRECTION ( 'NONE',  ( 0.000000000000000000, 0.7071067811865474617, -0.7071067811865474617 ) ) ;
#1812 = VERTEX_POINT ( 'NONE', #210 ) ;
#1813 = LINE ( 'NONE', #1308, #174 ) ;
#1814 = EDGE_CURVE ( 'NONE', #2119, #1812, #234, .T. ) ;
#1815 = DIRECTION ( 'NONE',  ( -1.000000000000000000, 0.000000000000000000, 0.000000000000000000 ) ) ;
#1816 = EDGE_LOOP ( 'NONE', ( #376, #239, #1836, #773, #2104, #1538 ) ) ;
#1817 = DIRECTION ( 'NONE',  ( -0.000000000000000000, 0.000000000000000000, 1.000000000000000000 ) ) ;
#1818 = DIRECTION ( 'NONE',  ( 0.000000000000000000, -0.7071067811865491270, -0.7071067811865457964 ) ) ;
#1819 = AXIS2_PLACEMENT_3D ( 'NONE', #919, #2218, #1688 ) ;
#1820 = ORIENTED_EDGE ( 'NONE', *, *, #2255, .T. ) ;
#1821 = ORIENTED_EDGE ( 'NONE', *, *, #797, .F. ) ;
#1822 = CARTESIAN_POINT ( 'NONE',  ( 0.2500000000000000555, -4.542858267716534115, 0.6666666660367439601 ) ) ;
#1823 = VERTEX_POINT ( 'NONE', #400 ) ;
#1824 = CARTESIAN_POINT ( 'NONE',  ( -0.1010110025480361745, -4.542858267716534115, 0.1010110025480362023 ) ) ;
#1825 = CARTESIAN_POINT ( 'NONE',  ( 0.2000000000000000111, -3.767543307086612447, -4.300500000000024414 ) ) ;
#1826 = ORIENTED_EDGE ( 'NONE', *, *, #2248, .F. ) ;
#1827 = LINE ( 'NONE', #47, #1359 ) ;
#1828 = FACE_OUTER_BOUND ( 'NONE', #1348, .T. ) ;
#1829 = ADVANCED_FACE ( 'NONE', ( #1250 ), #364, .T. ) ;
#1830 = VERTEX_POINT ( 'NONE', #759 ) ;
#1831 = ORIENTED_EDGE ( 'NONE', *, *, #2028, .F. ) ;
#1832 = EDGE_CURVE ( 'NONE', #409, #1156, #915, .T. ) ;
#1833 = EDGE_CURVE ( 'NONE', #809, #819, #2174, .T. ) ;
#1834 = AXIS2_PLACEMENT_3D ( 'NONE', #22, #1444, #559 ) ;
#1835 = DIRECTION ( 'NONE',  ( 0.000000000000000000, -5.641723714618867788E-16, 1.000000000000000000 ) ) ;
#1836 = ORIENTED_EDGE ( 'NONE', *, *, #181, .T. ) ;
#1837 = DIRECTION ( 'NONE',  ( 0.000000000000000000, 0.7071067811865474617, 0.7071067811865474617 ) ) ;
#1838 = MECHANICAL_DESIGN_GEOMETRIC_PRESENTATION_REPRESENTATION (  '', ( #130 ), #536 ) ;
#1839 = DIRECTION ( 'NONE',  ( -0.4999999999999786282, 0.7071067811865784369, 0.4999999999999776845 ) ) ;
#1840 = DIRECTION ( 'NONE',  ( 0.7071067811865473507, 0.000000000000000000, -0.7071067811865476838 ) ) ;
#1841 = VERTEX_POINT ( 'NONE', #196 ) ;
#1842 = DIRECTION ( 'NONE',  ( 0.5000000000000038858, 0.7071067811865422437, 0.5000000000000035527 ) ) ;
#1843 = AXIS2_PLACEMENT_3D ( 'NONE', #503, #1763, #1044 ) ;
#1844 = ORIENTED_EDGE ( 'NONE', *, *, #1560, .F. ) ;
#1845 = CARTESIAN_POINT ( 'NONE',  ( 0.3750000000000010547, -4.542858267716533227, -4.752296588556431445 ) ) ;
#1846 = VERTEX_POINT ( 'NONE', #1423 ) ;
#1847 = DIRECTION ( 'NONE',  ( -0.7071067811865473507, 0.000000000000000000, 0.7071067811865476838 ) ) ;
#1848 = LINE ( 'NONE', #1182, #127 ) ;
#1849 = DIRECTION ( 'NONE',  ( 0.8164965809277245912, 0.5773502691896275074, 4.675203031270017314E-15 ) ) ;
#1850 = ORIENTED_EDGE ( 'NONE', *, *, #968, .T. ) ;
#1851 = CARTESIAN_POINT ( 'NONE',  ( -0.4596077550864709482, 3.429790026246732904, 1.564137560067165866 ) ) ;
#1852 = DIRECTION ( 'NONE',  ( 0.000000000000000000, -5.641723714618867788E-16, 1.000000000000000000 ) ) ;
#1853 = ORIENTED_EDGE ( 'NONE', *, *, #1391, .T. ) ;
#1854 = VECTOR ( 'NONE', #1369, 39.37007874015748143 ) ;
#1855 = AXIS2_PLACEMENT_3D ( 'NONE', #1408, #2115, #124 ) ;
#1856 = ADVANCED_FACE ( 'NONE', ( #928 ), #583, .T. ) ;
#1857 = LINE ( 'NONE', #1845, #449 ) ;
#1858 = ORIENTED_EDGE ( 'NONE', *, *, #132, .F. ) ;
#1859 = DIRECTION ( 'NONE',  ( 0.000000000000000000, -1.000000000000000000, 0.000000000000000000 ) ) ;
#1860 = PLANE ( 'NONE',  #1944 ) ;
#1861 = CARTESIAN_POINT ( 'NONE',  ( 0.02500000000000096242, 3.554790026246720469, 0.5416666660367441821 ) ) ;
#1862 = ORIENTED_EDGE ( 'NONE', *, *, #1782, .T. ) ;
#1863 = ADVANCED_FACE ( 'NONE', ( #725 ), #546, .T. ) ;
#1864 = DIRECTION ( 'NONE',  ( -0.000000000000000000, -0.000000000000000000, -1.000000000000000000 ) ) ;
#1865 = CARTESIAN_POINT ( 'NONE',  ( 0.5000000000000000000, 3.596456692913386544, -2.197000000000013831 ) ) ;
#1866 = CARTESIAN_POINT ( 'NONE',  ( 0.2000000000000000111, -1.117760650995275329, -1.117760650995271332 ) ) ;
#1867 = ORIENTED_EDGE ( 'NONE', *, *, #1801, .F. ) ;
#1868 = ADVANCED_FACE ( 'NONE', ( #375 ), #1088, .F. ) ;
#1869 = DIRECTION ( 'NONE',  ( 0.7071067811865469066, 0.000000000000000000, 0.7071067811865482389 ) ) ;
#1870 = ORIENTED_EDGE ( 'NONE', *, *, #286, .T. ) ;
#1871 = DIRECTION ( 'NONE',  ( 0.000000000000000000, 0.7071067811865450192, -0.7071067811865500152 ) ) ;
#1872 = PLANE ( 'NONE',  #1913 ) ;
#1873 = EDGE_CURVE ( 'NONE', #1744, #1526, #839, .T. ) ;
#1874 = CARTESIAN_POINT ( 'NONE',  ( 0.000000000000000000, 3.429790026246720913, 0.7020220050960740421 ) ) ;
#1875 = ORIENTED_EDGE ( 'NONE', *, *, #1425, .F. ) ;
#1876 = DIRECTION ( 'NONE',  ( -1.000000000000000000, 0.000000000000000000, 0.000000000000000000 ) ) ;
#1877 = DIRECTION ( 'NONE',  ( 0.000000000000000000, -1.000000000000000000, 1.260852920152738937E-16 ) ) ;
#1878 = DIRECTION ( 'NONE',  ( -0.000000000000000000, 1.000000000000000000, -0.000000000000000000 ) ) ;
#1879 = ORIENTED_EDGE ( 'NONE', *, *, #1017, .F. ) ;
#1880 = AXIS2_PLACEMENT_3D ( 'NONE', #161, #287, #1008 ) ;
#1881 = DIRECTION ( 'NONE',  ( -1.000000000000000000, 0.000000000000000000, 0.000000000000000000 ) ) ;
#1882 = VERTEX_POINT ( 'NONE', #223 ) ;
#1883 = CARTESIAN_POINT ( 'NONE',  ( 0.000000000000000000, 3.447456692913386078, -1.697000000000013609 ) ) ;
#1884 = CARTESIAN_POINT ( 'NONE',  ( 0.000000000000000000, 3.429790026246720913, 0.3813113269774143221 ) ) ;
#1885 = VECTOR ( 'NONE', #1940, 39.37007874015748854 ) ;
#1886 = CARTESIAN_POINT ( 'NONE',  ( 0.2000000000000000111, -1.117760650995275551, -1.117760650995271332 ) ) ;
#1887 = ORIENTED_EDGE ( 'NONE', *, *, #1625, .T. ) ;
#1888 = VECTOR ( 'NONE', #642, 39.37007874015748854 ) ;
#1889 = AXIS2_PLACEMENT_3D ( 'NONE', #324, #1235, #2261 ) ;
#1890 = CARTESIAN_POINT ( 'NONE',  ( 0.1749999999999990175, -2.562543307086614153, 0.5416666660367449593 ) ) ;
#1891 = FACE_OUTER_BOUND ( 'NONE', #1556, .T. ) ;
#1892 = EDGE_CURVE ( 'NONE', #765, #1943, #940, .T. ) ;
#1893 = ORIENTED_EDGE ( 'NONE', *, *, #1018, .F. ) ;
#1894 = VECTOR ( 'NONE', #1149, 39.37007874015748854 ) ;
#1895 = CARTESIAN_POINT ( 'NONE',  ( 0.5000000000000000000, -4.512543307086611222, -4.020500000000024166 ) ) ;
#1896 = ORIENTED_EDGE ( 'NONE', *, *, #1873, .T. ) ;
#1897 = CARTESIAN_POINT ( 'NONE',  ( 0.000000000000000000, 3.596456692913386544, -2.197000000000013831 ) ) ;
#1898 = VECTOR ( 'NONE', #1187, 39.37007874015748143 ) ;
#1899 = FACE_OUTER_BOUND ( 'NONE', #2287, .T. ) ;
#1900 = CARTESIAN_POINT ( 'NONE',  ( 0.2500000000000002220, -4.542858267716533227, -4.841941249497102362 ) ) ;
#1901 = VERTEX_POINT ( 'NONE', #268 ) ;
#1902 = SHAPE_DEFINITION_REPRESENTATION ( #2182, #329 ) ;
#1903 = CARTESIAN_POINT ( 'NONE',  ( 0.02500000000000096242, -2.687543307086613265, 0.6666666660367451813 ) ) ;
#1904 = FILL_AREA_STYLE ('',( #2068 ) ) ;
#1905 = AXIS2_PLACEMENT_3D ( 'NONE', #360, #1073, #1771 ) ;
#1906 = CARTESIAN_POINT ( 'NONE',  ( 0.2000000000000000111, -2.687543307086613265, 0.6666666660367451813 ) ) ;
#1907 = EDGE_LOOP ( 'NONE', ( #1844, #412, #1355, #1617 ) ) ;
#1908 = LINE ( 'NONE', #2288, #1767 ) ;
#1909 = EDGE_CURVE ( 'NONE', #1986, #1301, #619, .T. ) ;
#1910 = DIRECTION ( 'NONE',  ( -1.000000000000000000, -0.000000000000000000, -0.000000000000000000 ) ) ;
#1911 = ORIENTED_EDGE ( 'NONE', *, *, #1382, .T. ) ;
#1912 = ADVANCED_FACE ( 'NONE', ( #433 ), #1860, .F. ) ;
#1913 = AXIS2_PLACEMENT_3D ( 'NONE', #1479, #2034, #1159 ) ;
#1914 = DIRECTION ( 'NONE',  ( -0.000000000000000000, -1.000000000000000000, -1.955536093163145995E-16 ) ) ;
#1915 = VERTEX_POINT ( 'NONE', #1682 ) ;
#1916 = LINE ( 'NONE', #1396, #337 ) ;
#1917 = VERTEX_POINT ( 'NONE', #1013 ) ;
#1918 = LINE ( 'NONE', #144, #2185 ) ;
#1919 = CARTESIAN_POINT ( 'NONE',  ( 0.000000000000000000, 3.596456692913386544, -2.197000000000013831 ) ) ;
#1920 = ORIENTED_EDGE ( 'NONE', *, *, #114, .T. ) ;
#1921 = EDGE_CURVE ( 'NONE', #832, #238, #2049, .T. ) ;
#1922 = PLANE ( 'NONE',  #1253 ) ;
#1923 = EDGE_LOOP ( 'NONE', ( #246, #972, #945, #823 ) ) ;
#1924 = DIRECTION ( 'NONE',  ( 0.7071067811865473507, 0.000000000000000000, 0.7071067811865476838 ) ) ;
#1925 = EDGE_LOOP ( 'NONE', ( #1350, #1810, #754, #1580 ) ) ;
#1926 = DIRECTION ( 'NONE',  ( -0.000000000000000000, -0.000000000000000000, 1.000000000000000000 ) ) ;
#1927 = CARTESIAN_POINT ( 'NONE',  ( 0.2000000000000000111, -2.687543307086613265, 0.6313113269774164316 ) ) ;
#1928 = ORIENTED_EDGE ( 'NONE', *, *, #1382, .F. ) ;
#1929 = VECTOR ( 'NONE', #943, 39.37007874015748143 ) ;
#1930 = CARTESIAN_POINT ( 'NONE',  ( 0.000000000000000000, -2.812543307086613709, -1.697000000000014719 ) ) ;
#1931 = EDGE_LOOP ( 'NONE', ( #1248, #1769, #1706, #1363 ) ) ;
#1932 = EDGE_CURVE ( 'NONE', #957, #597, #1642, .T. ) ;
#1933 = CIRCLE ( 'NONE', #1967, 0.1097500000000000003 ) ;
#1934 = EDGE_CURVE ( 'NONE', #204, #393, #643, .T. ) ;
#1935 = CARTESIAN_POINT ( 'NONE',  ( 0.1152500000000000885, -2.967543307086612181, -4.120500000000023810 ) ) ;
#1936 = EDGE_CURVE ( 'NONE', #1409, #1343, #1848, .T. ) ;
#1937 = DIRECTION ( 'NONE',  ( -0.000000000000000000, -0.000000000000000000, -1.000000000000000000 ) ) ;
#1938 = ORIENTED_EDGE ( 'NONE', *, *, #1689, .F. ) ;
#1939 = CARTESIAN_POINT ( 'NONE',  ( 0.000000000000000000, -2.687543307086613265, 0.7020220050960739311 ) ) ;
#1940 = DIRECTION ( 'NONE',  ( 0.000000000000000000, 0.7071067811865474617, 0.7071067811865474617 ) ) ;
#1941 = ORIENTED_EDGE ( 'NONE', *, *, #1167, .T. ) ;
#1942 = CARTESIAN_POINT ( 'NONE',  ( 0.02500000000000096242, -2.687543307086614597, 0.4166666660367451813 ) ) ;
#1943 = VERTEX_POINT ( 'NONE', #1659 ) ;
#1944 = AXIS2_PLACEMENT_3D ( 'NONE', #596, #1134, #469 ) ;
#1945 = CARTESIAN_POINT ( 'NONE',  ( 0.2500000000000000555, -4.567858267716534471, 0.4166666660367439046 ) ) ;
#1946 = CIRCLE ( 'NONE', #1448, 0.08474999999999992262 ) ;
#1947 = DIRECTION ( 'NONE',  ( 0.000000000000000000, -9.709273186437355514E-17, 1.000000000000000000 ) ) ;
#1948 = ORIENTED_EDGE ( 'NONE', *, *, #1563, .F. ) ;
#1949 = CARTESIAN_POINT ( 'NONE',  ( 0.5000000000000000000, -4.512543307086611222, 0.06299999999998576183 ) ) ;
#1950 = PLANE ( 'NONE',  #381 ) ;
#1951 = EDGE_LOOP ( 'NONE', ( #688, #543, #2041, #1132 ) ) ;
#1952 = LINE ( 'NONE', #1544, #1898 ) ;
#1953 = DIRECTION ( 'NONE',  ( 0.000000000000000000, 1.227367808655070612E-16, -1.000000000000000000 ) ) ;
#1954 = AXIS2_PLACEMENT_3D ( 'NONE', #1716, #1937, #863 ) ;
#1955 = VERTEX_POINT ( 'NONE', #1884 ) ;
#1956 = DIRECTION ( 'NONE',  ( -0.7071067811865476838, 0.000000000000000000, 0.7071067811865473507 ) ) ;
#1957 = AXIS2_PLACEMENT_3D ( 'NONE', #1861, #444, #632 ) ;
#1958 = DIRECTION ( 'NONE',  ( -0.000000000000000000, -0.000000000000000000, -1.000000000000000000 ) ) ;
#1959 = CARTESIAN_POINT ( 'NONE',  ( 0.000000000000000000, -4.742858267716533405, -4.918963255223098407 ) ) ;
#1960 = EDGE_LOOP ( 'NONE', ( #690, #170, #303, #1795, #518, #350, #1571, #357 ) ) ;
#1961 = CARTESIAN_POINT ( 'NONE',  ( 0.09025000000000001077, -3.767543307086612447, -4.300500000000024414 ) ) ;
#1962 = ORIENTED_EDGE ( 'NONE', *, *, #1969, .T. ) ;
#1963 = CARTESIAN_POINT ( 'NONE',  ( 0.02500000000000096242, 3.554790026246720469, 0.5416666660367441821 ) ) ;
#1964 = DIRECTION ( 'NONE',  ( -0.7071067811865455743, -0.5000000000000003331, 0.5000000000000026645 ) ) ;
#1965 = VECTOR ( 'NONE', #711, 39.37007874015748143 ) ;
#1966 = DIRECTION ( 'NONE',  ( 0.000000000000000000, 0.7071067811865492381, 0.7071067811865457964 ) ) ;
#1967 = AXIS2_PLACEMENT_3D ( 'NONE', #343, #2267, #1019 ) ;
#1968 = DIRECTION ( 'NONE',  ( -1.000000000000000000, 0.000000000000000000, 0.000000000000000000 ) ) ;
#1969 = EDGE_CURVE ( 'NONE', #435, #991, #2060, .T. ) ;
#1970 = ADVANCED_FACE ( 'NONE', ( #443 ), #2061, .F. ) ;
#1971 = FACE_OUTER_BOUND ( 'NONE', #1925, .T. ) ;
#1972 = ORIENTED_EDGE ( 'NONE', *, *, #525, .T. ) ;
#1973 = CARTESIAN_POINT ( 'NONE',  ( 0.5000000000000000000, 3.596456692913386544, -2.197000000000013831 ) ) ;
#1974 = ORIENTED_EDGE ( 'NONE', *, *, #871, .T. ) ;
#1975 = CARTESIAN_POINT ( 'NONE',  ( 0.1749999999999989619, 3.429790026246720913, 0.4166666660367443487 ) ) ;
#1976 = EDGE_CURVE ( 'NONE', #416, #2272, #2214, .T. ) ;
#1977 = VECTOR ( 'NONE', #408, 39.37007874015748143 ) ;
#1978 = FACE_OUTER_BOUND ( 'NONE', #2064, .T. ) ;
#1979 = ORIENTED_EDGE ( 'NONE', *, *, #2153, .F. ) ;
#1980 = CARTESIAN_POINT ( 'NONE',  ( 0.02500000000000096242, 3.429790026246720913, 0.4166666660367443487 ) ) ;
#1981 = DIRECTION ( 'NONE',  ( -0.7071067811865474617, 0.000000000000000000, -0.7071067811865474617 ) ) ;
#1982 = EDGE_CURVE ( 'NONE', #372, #1015, #1171, .T. ) ;
#1983 = LINE ( 'NONE', #730, #1145 ) ;
#1984 = ORIENTED_EDGE ( 'NONE', *, *, #1192, .T. ) ;
#1985 = CARTESIAN_POINT ( 'NONE',  ( 0.2500000000000006661, -4.717858267716534826, -4.877296588556430557 ) ) ;
#1986 = VERTEX_POINT ( 'NONE', #783 ) ;
#1987 = CARTESIAN_POINT ( 'NONE',  ( 0.3750000000000001110, -4.542858267716534115, 0.5416666660367439601 ) ) ;
#1988 = CARTESIAN_POINT ( 'NONE',  ( 0.1250000000000000000, -4.717858267716534826, 0.5416666660367439601 ) ) ;
#1989 = EDGE_CURVE ( 'NONE', #1823, #159, #1513, .T. ) ;
#1990 = ORIENTED_EDGE ( 'NONE', *, *, #545, .T. ) ;
#1991 = DIRECTION ( 'NONE',  ( -0.000000000000000000, 1.000000000000000000, -1.260852920152738937E-16 ) ) ;
#1992 = VECTOR ( 'NONE', #216, 39.37007874015748854 ) ;
#1993 = DIRECTION ( 'NONE',  ( 0.8164965809277274778, -0.5773502691896235106, 3.845925372767139268E-15 ) ) ;
#1994 = AXIS2_PLACEMENT_3D ( 'NONE', #2199, #973, #1318 ) ;
#1995 = LINE ( 'NONE', #539, #1368 ) ;
#1996 = ORIENTED_EDGE ( 'NONE', *, *, #326, .F. ) ;
#1997 = CARTESIAN_POINT ( 'NONE',  ( 0.05000000000000000278, -4.512543307086611222, 0.5416666660367444042 ) ) ;
#1998 = VERTEX_POINT ( 'NONE', #771 ) ;
#1999 = DIRECTION ( 'NONE',  ( -0.7071067811865476838, -6.865492910522570878E-17, 0.7071067811865473507 ) ) ;
#2000 = DIRECTION ( 'NONE',  ( -1.000000000000000000, -0.000000000000000000, -0.000000000000000000 ) ) ;
#2001 = ORIENTED_EDGE ( 'NONE', *, *, #983, .F. ) ;
#2002 = ADVANCED_FACE ( 'NONE', ( #609 ), #1872, .T. ) ;
#2003 = AXIS2_PLACEMENT_3D ( 'NONE', #657, #2281, #858 ) ;
#2004 = CARTESIAN_POINT ( 'NONE',  ( 0.000000000000000000, -2.544865637556949611, 0.5239889965070807509 ) ) ;
#2005 = EDGE_CURVE ( 'NONE', #629, #1730, #2189, .T. ) ;
#2006 = CARTESIAN_POINT ( 'NONE',  ( 0.2500000000000012212, -4.542858267716533227, -4.662651927615758751 ) ) ;
#2007 = EDGE_CURVE ( 'NONE', #393, #1986, #455, .T. ) ;
#2008 = EDGE_LOOP ( 'NONE', ( #2055, #2158, #1632, #1644 ) ) ;
#2009 = EDGE_LOOP ( 'NONE', ( #508, #166, #1536, #965 ) ) ;
#2010 = LINE ( 'NONE', #1131, #558 ) ;
#2011 = VERTEX_POINT ( 'NONE', #244 ) ;
#2012 = CARTESIAN_POINT ( 'NONE',  ( 0.2000000000000000111, -3.767543307086612447, -4.120500000000023810 ) ) ;
#2013 = CARTESIAN_POINT ( 'NONE',  ( -0.7149518702180136520, 2.046208021525131038, 0.5416666660367404074 ) ) ;
#2014 = ORIENTED_EDGE ( 'NONE', *, *, #1040, .T. ) ;
#2015 = VECTOR ( 'NONE', #1441, 39.37007874015748143 ) ;
#2016 = DIRECTION ( 'NONE',  ( 0.000000000000000000, 0.7071067811865491270, 0.7071067811865457964 ) ) ;
#2017 = CARTESIAN_POINT ( 'NONE',  ( 0.2000000000000000111, 3.429790026246720025, 0.4520220050960733205 ) ) ;
#2018 = EDGE_LOOP ( 'NONE', ( #512, #540, #1826, #852 ) ) ;
#2019 = VECTOR ( 'NONE', #1127, 39.37007874015748143 ) ;
#2020 = DIRECTION ( 'NONE',  ( 0.000000000000000000, -0.7071067811865492381, -0.7071067811865457964 ) ) ;
#2021 = ORIENTED_EDGE ( 'NONE', *, *, #288, .F. ) ;
#2022 = FACE_OUTER_BOUND ( 'NONE', #1241, .T. ) ;
#2023 = DIRECTION ( 'NONE',  ( 0.8571673007021120005, 1.049727191138618326E-16, -0.5150380749100547106 ) ) ;
#2024 = DIRECTION ( 'NONE',  ( 0.000000000000000000, 0.7071067811865474617, -0.7071067811865474617 ) ) ;
#2025 = EDGE_LOOP ( 'NONE', ( #2240, #591, #1656, #1678 ) ) ;
#2026 = CARTESIAN_POINT ( 'NONE',  ( 0.5000000000000000000, -4.512543307086611222, -4.300500000000024414 ) ) ;
#2027 = CARTESIAN_POINT ( 'NONE',  ( 0.5000000000000000000, -4.512543307086611222, 0.06299999999998576183 ) ) ;
#2028 = EDGE_CURVE ( 'NONE', #1607, #2119, #999, .T. ) ;
#2029 = ORIENTED_EDGE ( 'NONE', *, *, #1612, .F. ) ;
#2030 = EDGE_CURVE ( 'NONE', #1063, #991, #2200, .T. ) ;
#2031 = CARTESIAN_POINT ( 'NONE',  ( 0.5000000000000000000, -2.887543307086613886, -4.020500000000024166 ) ) ;
#2032 = VERTEX_POINT ( 'NONE', #834 ) ;
#2033 = CARTESIAN_POINT ( 'NONE',  ( 0.2500000000000005551, -4.742858267716534293, 0.7020220050960710445 ) ) ;
#2034 = DIRECTION ( 'NONE',  ( -1.000000000000000000, 0.000000000000000000, 0.000000000000000000 ) ) ;
#2035 = LINE ( 'NONE', #1000, #2292 ) ;
#2036 = VERTEX_POINT ( 'NONE', #2250 ) ;
#2037 = PLANE ( 'NONE',  #894 ) ;
#2038 = CARTESIAN_POINT ( 'NONE',  ( 0.5000000000000000000, -2.887543307086613886, 0.06299999999998576183 ) ) ;
#2039 = EDGE_CURVE ( 'NONE', #1846, #1915, #1024, .T. ) ;
#2040 = DIRECTION ( 'NONE',  ( 0.8571673007021120005, 1.049727191138618326E-16, -0.5150380749100547106 ) ) ;
#2041 = ORIENTED_EDGE ( 'NONE', *, *, #1114, .F. ) ;
#2042 = VECTOR ( 'NONE', #1150, 39.37007874015748143 ) ;
#2043 = ADVANCED_FACE ( 'NONE', ( #654 ), #1365, .T. ) ;
#2044 = ADVANCED_FACE ( 'NONE', ( #1899 ), #119, .F. ) ;
#2045 = VECTOR ( 'NONE', #102, 39.37007874015748854 ) ;
#2046 = CARTESIAN_POINT ( 'NONE',  ( 0.1152500000000000746, -3.767543307086612447, -4.300500000000024414 ) ) ;
#2047 = EDGE_LOOP ( 'NONE', ( #2076, #2161, #1208, #1928 ) ) ;
#2048 = PLANE ( 'NONE',  #2111 ) ;
#2049 = LINE ( 'NONE', #106, #1213 ) ;
#2050 = LINE ( 'NONE', #1490, #966 ) ;
#2051 = ORIENTED_EDGE ( 'NONE', *, *, #827, .T. ) ;
#2052 = DIRECTION ( 'NONE',  ( 0.000000000000000000, -1.000000000000000000, -1.745589772309433661E-16 ) ) ;
#2053 = DIRECTION ( 'NONE',  ( -0.7071067811865473507, 6.865492910522573343E-17, -0.7071067811865476838 ) ) ;
#2054 = DIRECTION ( 'NONE',  ( 0.000000000000000000, -0.7071067811865450192, 0.7071067811865500152 ) ) ;
#2055 = ORIENTED_EDGE ( 'NONE', *, *, #85, .T. ) ;
#2056 = EDGE_CURVE ( 'NONE', #577, #1846, #2131, .T. ) ;
#2057 = LINE ( 'NONE', #466, #747 ) ;
#2058 = ORIENTED_EDGE ( 'NONE', *, *, #147, .T. ) ;
#2059 = PLANE ( 'NONE',  #815 ) ;
#2060 = CIRCLE ( 'NONE', #614, 0.08474999999999992262 ) ;
#2061 = PLANE ( 'NONE',  #1686 ) ;
#2062 = EDGE_CURVE ( 'NONE', #365, #671, #1827, .T. ) ;
#2063 = CARTESIAN_POINT ( 'NONE',  ( 0.3510110025480361329, -4.542858267716534115, 0.3510110025480364104 ) ) ;
#2064 = EDGE_LOOP ( 'NONE', ( #121, #1568, #1293, #445 ) ) ;
#2065 = VECTOR ( 'NONE', #1981, 39.37007874015748854 ) ;
#2066 = DIRECTION ( 'NONE',  ( 3.525431591703275518E-16, 0.5773502691896019723, 0.8164965809277429099 ) ) ;
#2067 = DIRECTION ( 'NONE',  ( -0.5773502691896280625, 0.8164965809277242581, -2.423734219295943290E-15 ) ) ;
#2068 = FILL_AREA_STYLE_COLOUR ( '', #2254 ) ;
#2069 = AXIS2_PLACEMENT_3D ( 'NONE', #528, #2157, #1460 ) ;
#2070 = CARTESIAN_POINT ( 'NONE',  ( 0.5000000000000000000, 0.000000000000000000, 0.000000000000000000 ) ) ;
#2071 = EDGE_LOOP ( 'NONE', ( #231, #153, #1732, #1577 ) ) ;
#2072 = DIRECTION ( 'NONE',  ( -0.000000000000000000, 1.000000000000000000, 1.745589772309433661E-16 ) ) ;
#2073 = DIRECTION ( 'NONE',  ( -1.000000000000000000, -0.000000000000000000, 0.000000000000000000 ) ) ;
#2074 = VECTOR ( 'NONE', #1041, 39.37007874015748143 ) ;
#2075 = CARTESIAN_POINT ( 'NONE',  ( -2.295970624748552513, -4.542858267716533227, -2.295970624748568056 ) ) ;
#2076 = ORIENTED_EDGE ( 'NONE', *, *, #259, .F. ) ;
#2077 = AXIS2_PLACEMENT_3D ( 'NONE', #136, #1059, #1205 ) ;
#2078 = ADVANCED_FACE ( 'NONE', ( #955 ), #649, .F. ) ;
#2079 = DIRECTION ( 'NONE',  ( 0.7071067811865476838, 6.865492910522572111E-17, -0.7071067811865473507 ) ) ;
#2080 = ADVANCED_FACE ( 'NONE', ( #1637 ), #762, .F. ) ;
#2081 = ADVANCED_FACE ( 'NONE', ( #1604 ), #1078, .F. ) ;
#2082 = VERTEX_POINT ( 'NONE', #1980 ) ;
#2083 = VECTOR ( 'NONE', #2229, 39.37007874015748143 ) ;
#2084 = DIRECTION ( 'NONE',  ( 0.4999999999999973910, 0.7071067811865513475, 0.4999999999999973355 ) ) ;
#2085 = EDGE_LOOP ( 'NONE', ( #701, #1746, #1772 ) ) ;
#2086 = DIRECTION ( 'NONE',  ( -0.7071067811865499042, 0.000000000000000000, 0.7071067811865451302 ) ) ;
#2087 = AXIS2_PLACEMENT_3D ( 'NONE', #362, #1723, #669 ) ;
#2088 = PLANE ( 'NONE',  #1581 ) ;
#2089 = ORIENTED_EDGE ( 'NONE', *, *, #1379, .F. ) ;
#2090 = PLANE ( 'NONE',  #261 ) ;
#2091 = EDGE_LOOP ( 'NONE', ( #663, #224, #20, #2170 ) ) ;
#2092 = VECTOR ( 'NONE', #1668, 39.37007874015748143 ) ;
#2093 = ADVANCED_FACE ( 'NONE', ( #1302 ), #1437, .F. ) ;
#2094 = CARTESIAN_POINT ( 'NONE',  ( 0.1250000000000000000, -4.717858267716534826, 0.5416666660367439601 ) ) ;
#2095 = ORIENTED_EDGE ( 'NONE', *, *, #2219, .F. ) ;
#2096 = CARTESIAN_POINT ( 'NONE',  ( 0.2000000000000000111, 3.429790026246720913, 0.6313113269774155434 ) ) ;
#2097 = LINE ( 'NONE', #877, #1885 ) ;
#2098 = EDGE_LOOP ( 'NONE', ( #1996, #1279, #1321, #63 ) ) ;
#2099 = CARTESIAN_POINT ( 'NONE',  ( 0.2500000000000006661, -4.542858267716533227, -4.877296588556430557 ) ) ;
#2100 = CIRCLE ( 'NONE', #390, 0.08474999999999992262 ) ;
#2101 = ORIENTED_EDGE ( 'NONE', *, *, #978, .F. ) ;
#2102 = EDGE_CURVE ( 'NONE', #1070, #1841, #1468, .T. ) ;
#2103 = LINE ( 'NONE', #1906, #962 ) ;
#2104 = ORIENTED_EDGE ( 'NONE', *, *, #1190, .F. ) ;
#2105 = LINE ( 'NONE', #304, #478 ) ;
#2106 = VECTOR ( 'NONE', #712, 39.37007874015748143 ) ;
#2107 = EDGE_CURVE ( 'NONE', #416, #1662, #1805, .T. ) ;
#2108 = FACE_OUTER_BOUND ( 'NONE', #1515, .T. ) ;
#2109 = ORIENTED_EDGE ( 'NONE', *, *, #1335, .F. ) ;
#2110 = CARTESIAN_POINT ( 'NONE',  ( 0.2114889971370037536, -4.742858267716533405, -4.630452252360102605 ) ) ;
#2111 = AXIS2_PLACEMENT_3D ( 'NONE', #1697, #479, #278 ) ;
#2112 = ADVANCED_FACE ( 'NONE', ( #587 ), #1614, .F. ) ;
#2113 = VECTOR ( 'NONE', #488, 39.37007874015748143 ) ;
#2114 = CARTESIAN_POINT ( 'NONE',  ( 0.2000000000000000111, -3.767543307086612447, -4.275500000000024059 ) ) ;
#2115 = DIRECTION ( 'NONE',  ( -0.7071067811865591191, 0.4999999999999917288, 0.4999999999999917288 ) ) ;
#2116 = ORIENTED_EDGE ( 'NONE', *, *, #912, .T. ) ;
#2117 = CARTESIAN_POINT ( 'NONE',  ( 0.1250000000000004718, -4.567858267716531806, -4.752296588556431445 ) ) ;
#2118 = LINE ( 'NONE', #1229, #1370 ) ;
#2119 = VERTEX_POINT ( 'NONE', #2165 ) ;
#2120 = VECTOR ( 'NONE', #550, 39.37007874015748854 ) ;
#2121 = DIRECTION ( 'NONE',  ( 0.7071067811865469066, -6.865492910522579506E-17, 0.7071067811865482389 ) ) ;
#2122 = ORIENTED_EDGE ( 'NONE', *, *, #702, .F. ) ;
#2123 = CARTESIAN_POINT ( 'NONE',  ( 0.3097500000000000253, -3.767543307086612447, -4.300500000000024414 ) ) ;
#2124 = CARTESIAN_POINT ( 'NONE',  ( 0.3750000000000001110, -4.717858267716534826, 0.5416666660367438491 ) ) ;
#2125 = VERTEX_POINT ( 'NONE', #34 ) ;
#2126 = DIRECTION ( 'NONE',  ( 0.7071067811865499042, 0.000000000000000000, -0.7071067811865451302 ) ) ;
#2127 = FACE_OUTER_BOUND ( 'NONE', #143, .T. ) ;
#2128 = ORIENTED_EDGE ( 'NONE', *, *, #355, .T. ) ;
#2129 = CARTESIAN_POINT ( 'NONE',  ( 0.1249999999999999584, -4.717858267716534826, 0.5416666660367439601 ) ) ;
#2130 = DIRECTION ( 'NONE',  ( 0.000000000000000000, -0.7071067811865474617, -0.7071067811865474617 ) ) ;
#2131 = LINE ( 'NONE', #942, #1543 ) ;
#2132 = VECTOR ( 'NONE', #2238, 39.37007874015748143 ) ;
#2133 = CARTESIAN_POINT ( 'NONE',  ( 0.1999999999999999556, -2.967543307086612181, -4.069577062537438117 ) ) ;
#2134 = FACE_BOUND ( 'NONE', #641, .T. ) ;
#2135 = ORIENTED_EDGE ( 'NONE', *, *, #545, .F. ) ;
#2136 = DIRECTION ( 'NONE',  ( -0.000000000000000000, -0.000000000000000000, -1.000000000000000000 ) ) ;
#2137 = ORIENTED_EDGE ( 'NONE', *, *, #2198, .T. ) ;
#2138 = LINE ( 'NONE', #195, #1189 ) ;
#2139 = DIRECTION ( 'NONE',  ( 0.000000000000000000, 0.7071067811865491270, 0.7071067811865457964 ) ) ;
#2140 = VECTOR ( 'NONE', #1362, 39.37007874015748854 ) ;
#2141 = EDGE_CURVE ( 'NONE', #211, #1378, #1251, .T. ) ;
#2142 = DIRECTION ( 'NONE',  ( -0.000000000000000000, 1.000000000000000000, 0.000000000000000000 ) ) ;
#2143 = CARTESIAN_POINT ( 'NONE',  ( 0.02500000000000096242, 3.429790026246720913, 0.6666666660367440711 ) ) ;
#2144 = EDGE_CURVE ( 'NONE', #1047, #1263, #751, .T. ) ;
#2145 = FACE_BOUND ( 'NONE', #139, .T. ) ;
#2146 = ORIENTED_EDGE ( 'NONE', *, *, #1639, .T. ) ;
#2147 = EDGE_CURVE ( 'NONE', #2266, #742, #1288, .T. ) ;
#2148 = DIRECTION ( 'NONE',  ( 0.000000000000000000, -0.7071067811865475727, 0.7071067811865475727 ) ) ;
#2149 = ORIENTED_EDGE ( 'NONE', *, *, #1921, .T. ) ;
#2150 = CARTESIAN_POINT ( 'NONE',  ( 0.3750000000000001110, -4.567858267716534471, 0.5416666660367439601 ) ) ;
#2151 = CARTESIAN_POINT ( 'NONE',  ( 0.5000000000000000000, -2.887543307086613886, -4.020500000000024166 ) ) ;
#2152 = AXIS2_PLACEMENT_3D ( 'NONE', #705, #367, #36 ) ;
#2153 = EDGE_CURVE ( 'NONE', #333, #204, #1115, .T. ) ;
#2154 = CYLINDRICAL_SURFACE ( 'NONE', #1395, 0.08474999999999995037 ) ;
#2155 = AXIS2_PLACEMENT_3D ( 'NONE', #1179, #984, #1881 ) ;
#2156 = FACE_OUTER_BOUND ( 'NONE', #275, .T. ) ;
#2157 = DIRECTION ( 'NONE',  ( -0.000000000000000000, -0.000000000000000000, -1.000000000000000000 ) ) ;
#2158 = ORIENTED_EDGE ( 'NONE', *, *, #1154, .T. ) ;
#2159 = ADVANCED_FACE ( 'NONE', ( #904 ), #403, .T. ) ;
#2160 = LINE ( 'NONE', #554, #1788 ) ;
#2161 = ORIENTED_EDGE ( 'NONE', *, *, #2039, .F. ) ;
#2162 = DIRECTION ( 'NONE',  ( -0.7071067811865473507, 0.000000000000000000, -0.7071067811865476838 ) ) ;
#2163 = DIRECTION ( 'NONE',  ( -0.000000000000000000, -0.000000000000000000, -1.000000000000000000 ) ) ;
#2164 = VERTEX_POINT ( 'NONE', #1264 ) ;
#2165 = CARTESIAN_POINT ( 'NONE',  ( 0.2500000000000000555, -4.717858267716534826, 0.6666666660367439601 ) ) ;
#2166 = LINE ( 'NONE', #1323, #199 ) ;
#2167 = DIRECTION ( 'NONE',  ( 0.000000000000000000, 0.000000000000000000, 1.000000000000000000 ) ) ;
#2168 = VERTEX_POINT ( 'NONE', #377 ) ;
#2169 = CARTESIAN_POINT ( 'NONE',  ( -2.435492630159584948, -4.742858267716534293, -1.983470625063515014 ) ) ;
#2170 = ORIENTED_EDGE ( 'NONE', *, *, #2039, .T. ) ;
#2171 = ADVANCED_FACE ( 'NONE', ( #918 ), #2154, .F. ) ;
#2172 = CARTESIAN_POINT ( 'NONE',  ( 0.5000000000000000000, -2.812543307086613709, 0.06299999999998576183 ) ) ;
#2173 = EDGE_CURVE ( 'NONE', #2222, #314, #2100, .T. ) ;
#2174 = LINE ( 'NONE', #1622, #348 ) ;
#2175 = EDGE_CURVE ( 'NONE', #1508, #321, #83, .T. ) ;
#2176 = EDGE_LOOP ( 'NONE', ( #617, #1371, #995, #1050 ) ) ;
#2177 = DIRECTION ( 'NONE',  ( 0.000000000000000000, -0.7071067811865474617, 0.7071067811865474617 ) ) ;
#2178 = VECTOR ( 'NONE', #828, 39.37007874015748854 ) ;
#2179 = CARTESIAN_POINT ( 'NONE',  ( 0.000000000000000000, -4.512543307086611222, -4.918963255223098407 ) ) ;
#2180 = AXIS2_PLACEMENT_3D ( 'NONE', #795, #1135, #1840 ) ;
#2181 = VECTOR ( 'NONE', #1144, 39.37007874015748143 ) ;
#2182 = PRODUCT_DEFINITION_SHAPE ( 'NONE', 'NONE',  #1087 ) ;
#2183 = ORIENTED_EDGE ( 'NONE', *, *, #1909, .T. ) ;
#2184 = ORIENTED_EDGE ( 'NONE', *, *, #1393, .T. ) ;
#2185 = VECTOR ( 'NONE', #1245, 39.37007874015748143 ) ;
#2186 = DIRECTION ( 'NONE',  ( 0.5773502691896280625, 0.8164965809277242581, -5.628672029935208922E-15 ) ) ;
#2187 = ORIENTED_EDGE ( 'NONE', *, *, #181, .F. ) ;
#2188 = DIRECTION ( 'NONE',  ( 0.000000000000000000, 0.7071067811865480168, 0.7071067811865469066 ) ) ;
#2189 = LINE ( 'NONE', #1309, #1431 ) ;
#2190 = ORIENTED_EDGE ( 'NONE', *, *, #600, .T. ) ;
#2191 = DIRECTION ( 'NONE',  ( -0.4999999999999905631, 0.7071067811865610064, 0.4999999999999903411 ) ) ;
#2192 = LINE ( 'NONE', #2027, #1929 ) ;
#2193 = VECTOR ( 'NONE', #1999, 39.37007874015748143 ) ;
#2194 = ORIENTED_EDGE ( 'NONE', *, *, #1090, .F. ) ;
#2195 = VERTEX_POINT ( 'NONE', #2026 ) ;
#2196 = CARTESIAN_POINT ( 'NONE',  ( 0.2000000000000000111, -1.569782656091337492, 1.569782656091345263 ) ) ;
#2197 = VERTEX_POINT ( 'NONE', #1311 ) ;
#2198 = EDGE_CURVE ( 'NONE', #1619, #2233, #1481, .T. ) ;
#2199 = CARTESIAN_POINT ( 'NONE',  ( 0.2000000000000000111, -2.967543307086612181, -4.300500000000024414 ) ) ;
#2200 = LINE ( 'NONE', #1319, #426 ) ;
#2201 = CARTESIAN_POINT ( 'NONE',  ( 0.1250000000000004718, -4.717858267716534826, -4.752296588556431445 ) ) ;
#2202 = ORIENTED_EDGE ( 'NONE', *, *, #598, .F. ) ;
#2203 = VECTOR ( 'NONE', #1155, 39.37007874015748143 ) ;
#2204 = EDGE_CURVE ( 'NONE', #1409, #1823, #70, .T. ) ;
#2205 = DIRECTION ( 'NONE',  ( 0.7071067811865499042, 8.659560562354962440E-17, -0.7071067811865451302 ) ) ;
#2206 = FACE_OUTER_BOUND ( 'NONE', #2176, .T. ) ;
#2207 = ADVANCED_FACE ( 'NONE', ( #1663 ), #2037, .T. ) ;
#2208 = ORIENTED_EDGE ( 'NONE', *, *, #1425, .T. ) ;
#2209 = AXIS2_PLACEMENT_3D ( 'NONE', #1519, #849, #2306 ) ;
#2210 = VECTOR ( 'NONE', #2226, 39.37007874015747433 ) ;
#2211 = CARTESIAN_POINT ( 'NONE',  ( 0.2500000000000006661, -4.542858267716533227, -4.877296588556430557 ) ) ;
#2212 = ORIENTED_EDGE ( 'NONE', *, *, #1664, .F. ) ;
#2213 = LINE ( 'NONE', #1710, #2181 ) ;
#2214 = LINE ( 'NONE', #1341, #1752 ) ;
#2215 = DIRECTION ( 'NONE',  ( -2.467802114192228521E-15, -0.5773502691896302830, 0.8164965809277227038 ) ) ;
#2216 = EDGE_LOOP ( 'NONE', ( #1542, #1590, #1169, #1680 ) ) ;
#2217 = LINE ( 'NONE', #1851, #2083 ) ;
#2218 = DIRECTION ( 'NONE',  ( -0.000000000000000000, -0.000000000000000000, -1.000000000000000000 ) ) ;
#2219 = EDGE_CURVE ( 'NONE', #32, #1998, #109, .T. ) ;
#2220 = EDGE_CURVE ( 'NONE', #1619, #409, #1533, .T. ) ;
#2221 = AXIS2_PLACEMENT_3D ( 'NONE', #1267, #1094, #1794 ) ;
#2222 = VERTEX_POINT ( 'NONE', #1505 ) ;
#2223 = DIRECTION ( 'NONE',  ( -0.000000000000000000, -0.000000000000000000, -1.000000000000000000 ) ) ;
#2224 = ORIENTED_EDGE ( 'NONE', *, *, #1326, .T. ) ;
#2225 = CARTESIAN_POINT ( 'NONE',  ( 0.5000000000000000000, -4.512543307086611222, 0.06299999999998576183 ) ) ;
#2226 = DIRECTION ( 'NONE',  ( 0.5773502691896263972, 4.486912934894973857E-16, -0.8164965809277257014 ) ) ;
#2227 = DIRECTION ( 'NONE',  ( 0.7071067811865476838, 0.000000000000000000, -0.7071067811865473507 ) ) ;
#2228 = ORIENTED_EDGE ( 'NONE', *, *, #2056, .F. ) ;
#2229 = DIRECTION ( 'NONE',  ( -0.5773502691896289507, 1.115318358102463848E-14, 0.8164965809277237030 ) ) ;
#2230 = CARTESIAN_POINT ( 'NONE',  ( 0.5000000000000000000, -4.742858267716534293, 0.7083333327034097016 ) ) ;
#2231 = EDGE_CURVE ( 'NONE', #1526, #1260, #992, .T. ) ;
#2232 = DIRECTION ( 'NONE',  ( 0.000000000000000000, -1.000000000000000000, 1.208317381813041492E-16 ) ) ;
#2233 = VERTEX_POINT ( 'NONE', #95 ) ;
#2234 = VECTOR ( 'NONE', #1779, 39.37007874015748854 ) ;
#2235 = LINE ( 'NONE', #429, #146 ) ;
#2236 = ORIENTED_EDGE ( 'NONE', *, *, #2147, .T. ) ;
#2237 = DIRECTION ( 'NONE',  ( -0.000000000000000000, -0.000000000000000000, -1.000000000000000000 ) ) ;
#2238 = DIRECTION ( 'NONE',  ( -1.000000000000000000, -0.000000000000000000, -0.000000000000000000 ) ) ;
#2239 = LINE ( 'NONE', #1502, #1072 ) ;
#2240 = ORIENTED_EDGE ( 'NONE', *, *, #698, .T. ) ;
#2241 = CARTESIAN_POINT ( 'NONE',  ( 0.2000000000000000111, -2.967543307086612181, -4.300500000000024414 ) ) ;
#2242 = DIRECTION ( 'NONE',  ( -0.5773502691896109651, -0.8164965809277363595, 4.358715422469502233E-15 ) ) ;
#2243 = CARTESIAN_POINT ( 'NONE',  ( 0.5000000000000000000, -4.742858267716533405, -4.918963255223098407 ) ) ;
#2244 = ORIENTED_EDGE ( 'NONE', *, *, #698, .F. ) ;
#2245 = LINE ( 'NONE', #651, #2140 ) ;
#2246 = ORIENTED_EDGE ( 'NONE', *, *, #2204, .T. ) ;
#2247 = CARTESIAN_POINT ( 'NONE',  ( 0.2499999999999986955, -4.658932702617654797, 0.5833333327034095905 ) ) ;
#2248 = EDGE_CURVE ( 'NONE', #817, #1662, #2217, .T. ) ;
#2249 = AXIS2_PLACEMENT_3D ( 'NONE', #1091, #738, #1458 ) ;
#2250 = CARTESIAN_POINT ( 'NONE',  ( 0.02500000000000096242, -2.562543307086614153, 0.5416666660367449593 ) ) ;
#2251 = DIRECTION ( 'NONE',  ( 0.000000000000000000, 1.000000000000000000, 0.000000000000000000 ) ) ;
#2252 = EDGE_LOOP ( 'NONE', ( #898, #471, #112, #1858 ) ) ;
#2253 = ADVANCED_FACE ( 'NONE', ( #612 ), #1523, .F. ) ;
#2254 = COLOUR_RGB ( '',0.7921568627450980005, 0.8196078431372548767, 0.9333333333333333481 ) ;
#2255 = EDGE_CURVE ( 'NONE', #765, #2125, #58, .T. ) ;
#2256 = CARTESIAN_POINT ( 'NONE',  ( 0.1749999999999991840, -2.562543307086614153, 0.5416666660367449593 ) ) ;
#2257 = ORIENTED_EDGE ( 'NONE', *, *, #1217, .T. ) ;
#2258 = CIRCLE ( 'NONE', #506, 0.1097500000000000003 ) ;
#2259 = CARTESIAN_POINT ( 'NONE',  ( 0.5000000000000000000, -2.812543307086613709, -4.300500000000024414 ) ) ;
#2260 = EDGE_LOOP ( 'NONE', ( #1503, #1036, #1790, #1920 ) ) ;
#2261 = DIRECTION ( 'NONE',  ( 0.7071067811865503483, 0.000000000000000000, 0.7071067811865445751 ) ) ;
#2262 = VECTOR ( 'NONE', #2227, 39.37007874015748143 ) ;
#2263 = PLANE ( 'NONE',  #886 ) ;
#2264 = ORIENTED_EDGE ( 'NONE', *, *, #978, .T. ) ;
#2265 = PLANE ( 'NONE',  #316 ) ;
#2266 = VERTEX_POINT ( 'NONE', #635 ) ;
#2267 = DIRECTION ( 'NONE',  ( -0.000000000000000000, -0.000000000000000000, -1.000000000000000000 ) ) ;
#2268 = ORIENTED_EDGE ( 'NONE', *, *, #493, .T. ) ;
#2269 = CARTESIAN_POINT ( 'NONE',  ( 0.000000000000000000, 3.269434687187390498, 0.5416666660367444042 ) ) ;
#2270 = CONICAL_SURFACE ( 'NONE', #2155, 0.1097500000000000003, 0.7853981633974517207 ) ;
#2271 = DIRECTION ( 'NONE',  ( 0.000000000000000000, -0.000000000000000000, -1.000000000000000000 ) ) ;
#2272 = VERTEX_POINT ( 'NONE', #1322 ) ;
#2273 = EDGE_CURVE ( 'NONE', #958, #1047, #1174, .T. ) ;
#2274 =( NAMED_UNIT ( * ) PLANE_ANGLE_UNIT ( ) SI_UNIT ( $, .RADIAN. ) );
#2275 = EDGE_CURVE ( 'NONE', #2305, #125, #646, .T. ) ;
#2276 = CARTESIAN_POINT ( 'NONE',  ( 0.5000000000000000000, 3.447456692913386078, -1.697000000000013609 ) ) ;
#2277 = ORIENTED_EDGE ( 'NONE', *, *, #1192, .F. ) ;
#2278 = FACE_BOUND ( 'NONE', #934, .T. ) ;
#2279 = DIRECTION ( 'NONE',  ( 0.000000000000000000, 0.000000000000000000, -1.000000000000000000 ) ) ;
#2280 = ORIENTED_EDGE ( 'NONE', *, *, #912, .F. ) ;
#2281 = DIRECTION ( 'NONE',  ( 0.000000000000000000, 0.000000000000000000, 1.000000000000000000 ) ) ;
#2282 = CARTESIAN_POINT ( 'NONE',  ( 0.000000000000000000, 3.447456692913386078, 0.06299999999998652511 ) ) ;
#2283 = EDGE_CURVE ( 'NONE', #1830, #1032, #247, .T. ) ;
#2284 = EDGE_CURVE ( 'NONE', #584, #156, #1687, .T. ) ;
#2285 = ORIENTED_EDGE ( 'NONE', *, *, #2275, .T. ) ;
#2286 = PLANE ( 'NONE',  #97 ) ;
#2287 = EDGE_LOOP ( 'NONE', ( #1373, #1483, #569, #901 ) ) ;
#2288 = CARTESIAN_POINT ( 'NONE',  ( 0.2847499999999999476, -3.767543307086612447, -4.300500000000024414 ) ) ;
#2289 = VECTOR ( 'NONE', #753, 39.37007874015748854 ) ;
#2290 = DIRECTION ( 'NONE',  ( -0.7071067811865503483, 6.865492910522543761E-17, -0.7071067811865445751 ) ) ;
#2291 = EDGE_LOOP ( 'NONE', ( #135, #1304, #941, #1180 ) ) ;
#2292 = VECTOR ( 'NONE', #1320, 39.37007874015748854 ) ;
#2293 = APPLICATION_PROTOCOL_DEFINITION ( 'draft international standard', 'automotive_design', 1998, #935 ) ;
#2294 = CARTESIAN_POINT ( 'NONE',  ( 0.5000000000000000000, -4.512543307086611222, -4.918963255223098407 ) ) ;
#2295 = AXIS2_PLACEMENT_3D ( 'NONE', #1157, #1859, #820 ) ;
#2296 = ORIENTED_EDGE ( 'NONE', *, *, #1118, .F. ) ;
#2297 = AXIS2_PLACEMENT_3D ( 'NONE', #1598, #6, #719 ) ;
#2298 = DIRECTION ( 'NONE',  ( 0.000000000000000000, -0.000000000000000000, -1.000000000000000000 ) ) ;
#2299 = FACE_BOUND ( 'NONE', #1923, .T. ) ;
#2300 = EDGE_LOOP ( 'NONE', ( #2187, #1417, #1219, #1173 ) ) ;
#2301 = LINE ( 'NONE', #1747, #1478 ) ;
#2302 = ADVANCED_FACE ( 'NONE', ( #599 ), #299, .F. ) ;
#2303 = VECTOR ( 'NONE', #622, 39.37007874015748143 ) ;
#2304 = CARTESIAN_POINT ( 'NONE',  ( 0.5000000000000000000, -4.512543307086611222, 0.06299999999998576183 ) ) ;
#2305 = VERTEX_POINT ( 'NONE', #1139 ) ;
#2306 = DIRECTION ( 'NONE',  ( 0.000000000000000000, 0.7071067811865450192, -0.7071067811865500152 ) ) ;
#2307 = LINE ( 'NONE', #2243, #2106 ) ;
ENDSEC;
END-ISO-10303-21;
