ISO-10303-21;
HEADER;
FILE_DESCRIPTION (( 'STEP AP214' ),
    '1' );
FILE_NAME ('psu_side.STEP',
    '2026-09-26T18:50:07',
    ( '' ),
    ( '' ),
    'SwSTEP 2.0',
    'SolidWorks 2025',
    '' );
FILE_SCHEMA (( 'AUTOMOTIVE_DESIGN' ));
ENDSEC;

DATA;
#1 = DIRECTION ( 'NONE',  ( 4.486912934894975434E-15, -0.5773502691896280625, 0.8164965809277242581 ) ) ;
#2 = VERTEX_POINT ( 'NONE', #771 ) ;
#3 = DIRECTION ( 'NONE',  ( 0.7071067811865473507, 0.000000000000000000, 0.7071067811865476838 ) ) ;
#4 = LINE ( 'NONE', #2453, #1852 ) ;
#5 = VECTOR ( 'NONE', #1724, 39.37007874015748143 ) ;
#6 = ADVANCED_FACE ( 'NONE', ( #996 ), #2764, .F. ) ;
#7 = ORIENTED_EDGE ( 'NONE', *, *, #1173, .T. ) ;
#8 = PRODUCT_DEFINITION_CONTEXT ( 'detailed design', #2816, 'design' ) ;
#9 = EDGE_CURVE ( 'NONE', #1869, #368, #809, .T. ) ;
#10 = LINE ( 'NONE', #2718, #991 ) ;
#11 = EDGE_CURVE ( 'NONE', #270, #2080, #318, .T. ) ;
#12 = DIRECTION ( 'NONE',  ( -0.7071067811865491270, -0.7071067811865459074, 0.000000000000000000 ) ) ;
#13 = VERTEX_POINT ( 'NONE', #1025 ) ;
#14 = CARTESIAN_POINT ( 'NONE',  ( -3.337289833333333622, 1.219685041666666692, 0.07702200572599328388 ) ) ;
#15 = CARTESIAN_POINT ( 'NONE',  ( 3.015623166666666854, -1.294685041666667091, 0.1666666633333332981 ) ) ;
#16 = CARTESIAN_POINT ( 'NONE',  ( 3.212289833333333622, -0.5863517083333330548, 0.3083333333333334592 ) ) ;
#17 = EDGE_LOOP ( 'NONE', ( #1112, #800, #674, #1398 ) ) ;
#18 = CARTESIAN_POINT ( 'NONE',  ( 3.337289833333333622, -0.7113517083333331659, 0.1583333333333344084 ) ) ;
#19 = VERTEX_POINT ( 'NONE', #1693 ) ;
#20 = FILL_AREA_STYLE_COLOUR ( '', #2546 ) ;
#21 = CARTESIAN_POINT ( 'NONE',  ( 3.497645172392664037, -1.086351708333333832, 0.3333333333333333148 ) ) ;
#22 = ORIENTED_EDGE ( 'NONE', *, *, #1753, .T. ) ;
#23 = DIRECTION ( 'NONE',  ( 0.7071067811865572317, 0.4999999999999932276, -0.4999999999999932276 ) ) ;
#24 = CARTESIAN_POINT ( 'NONE',  ( -3.337289833333333622, 1.394685041666667846, 0.04166666666666678925 ) ) ;
#25 = VERTEX_POINT ( 'NONE', #344 ) ;
#26 = AXIS2_PLACEMENT_3D ( 'NONE', #2871, #899, #463 ) ;
#27 = DIRECTION ( 'NONE',  ( 3.845925372767140452E-16, 0.8164965809277291431, 0.5773502691896212902 ) ) ;
#28 = VECTOR ( 'NONE', #2157, 39.37007874015748143 ) ;
#29 = PLANE ( 'NONE',  #2394 ) ;
#30 = ORIENTED_EDGE ( 'NONE', *, *, #1965, .F. ) ;
#31 = ADVANCED_FACE ( 'NONE', ( #1451 ), #102, .F. ) ;
#32 = VECTOR ( 'NONE', #1747, 39.37007874015748143 ) ;
#33 = AXIS2_PLACEMENT_3D ( 'NONE', #734, #391, #2525 ) ;
#34 = DIRECTION ( 'NONE',  ( -0.8164965809277262565, -0.5773502691896255090, -9.126060415795323012E-15 ) ) ;
#35 = EDGE_CURVE ( 'NONE', #2507, #2861, #2778, .T. ) ;
#36 = ORIENTED_EDGE ( 'NONE', *, *, #2788, .F. ) ;
#37 = PLANE ( 'NONE',  #1293 ) ;
#38 = VECTOR ( 'NONE', #2164, 39.37007874015748143 ) ;
#39 = ORIENTED_EDGE ( 'NONE', *, *, #2357, .T. ) ;
#40 = CARTESIAN_POINT ( 'NONE',  ( 3.426934494274003207, -0.5863517083333329438, 0.1333333333333332760 ) ) ;
#41 = EDGE_CURVE ( 'NONE', #392, #2477, #785, .T. ) ;
#42 = DIRECTION ( 'NONE',  ( -0.7071067811865466846, 0.7071067811865483499, 0.000000000000000000 ) ) ;
#43 = VERTEX_POINT ( 'NONE', #590 ) ;
#44 = VECTOR ( 'NONE', #2013, 39.37007874015748854 ) ;
#45 = DIRECTION ( 'NONE',  ( 0.000000000000000000, 0.7071067811865473507, -0.7071067811865476838 ) ) ;
#46 = DIRECTION ( 'NONE',  ( -0.4999999999999961142, 0.7071067811865532349, 0.4999999999999958922 ) ) ;
#47 = ORIENTED_EDGE ( 'NONE', *, *, #204, .T. ) ;
#48 = DIRECTION ( 'NONE',  ( -0.7071067811865474617, 0.000000000000000000, -0.7071067811865474617 ) ) ;
#49 = ORIENTED_EDGE ( 'NONE', *, *, #1020, .F. ) ;
#50 = DIRECTION ( 'NONE',  ( 0.7071067811865473507, 0.000000000000000000, 0.7071067811865476838 ) ) ;
#51 = ORIENTED_EDGE ( 'NONE', *, *, #2694, .F. ) ;
#52 = CARTESIAN_POINT ( 'NONE',  ( -3.337289833333333622, 1.244685041666665493, 0.04166666666666678925 ) ) ;
#53 = VECTOR ( 'NONE', #2006, 39.37007874015748143 ) ;
#54 = PLANE ( 'NONE',  #180 ) ;
#55 = ORIENTED_EDGE ( 'NONE', *, *, #1392, .T. ) ;
#56 = DIRECTION ( 'NONE',  ( 0.000000000000000000, 1.000000000000000000, 0.000000000000000000 ) ) ;
#57 = DIRECTION ( 'NONE',  ( -0.000000000000000000, -1.000000000000000000, -0.000000000000000000 ) ) ;
#58 = ORIENTED_EDGE ( 'NONE', *, *, #1639, .F. ) ;
#59 = CARTESIAN_POINT ( 'NONE',  ( 3.170623166666666659, -1.169685041666666647, 0.3333333333333333148 ) ) ;
#60 = ORIENTED_EDGE ( 'NONE', *, *, #2785, .F. ) ;
#61 = EDGE_CURVE ( 'NONE', #2263, #398, #1876, .T. ) ;
#62 = FACE_OUTER_BOUND ( 'NONE', #1801, .T. ) ;
#63 = EDGE_LOOP ( 'NONE', ( #2293, #277, #335, #1310 ) ) ;
#64 = DIRECTION ( 'NONE',  ( 1.000000000000000000, 0.000000000000000000, 0.000000000000000000 ) ) ;
#65 = CARTESIAN_POINT ( 'NONE',  ( -3.303956500000000407, 0.5816868570296633845, 0.5816868570296631624 ) ) ;
#66 = FACE_OUTER_BOUND ( 'NONE', #1836, .T. ) ;
#67 = ORIENTED_EDGE ( 'NONE', *, *, #2476, .T. ) ;
#68 = DIRECTION ( 'NONE',  ( 0.7071067811865487940, 0.000000000000000000, 0.7071067811865462405 ) ) ;
#69 = DIRECTION ( 'NONE',  ( 0.000000000000000000, -0.7071067811865476838, -0.7071067811865473507 ) ) ;
#70 = ORIENTED_EDGE ( 'NONE', *, *, #2589, .T. ) ;
#71 = AXIS2_PLACEMENT_3D ( 'NONE', #797, #535, #2804 ) ;
#72 = CARTESIAN_POINT ( 'NONE',  ( -3.337289833333333622, 1.419685041666666647, 0.3270220057259929924 ) ) ;
#73 = EDGE_CURVE ( 'NONE', #275, #2097, #2368, .T. ) ;
#74 = AXIS2_PLACEMENT_3D ( 'NONE', #1646, #2318, #2537 ) ;
#75 = EDGE_LOOP ( 'NONE', ( #2685, #177, #128, #1095 ) ) ;
#76 = AXIS2_PLACEMENT_3D ( 'NONE', #1169, #2058, #486 ) ;
#77 = AXIS2_PLACEMENT_3D ( 'NONE', #2431, #421, #434 ) ;
#78 = DIRECTION ( 'NONE',  ( 0.7071067811865474617, 0.7071067811865474617, 0.000000000000000000 ) ) ;
#79 = VECTOR ( 'NONE', #1252, 39.37007874015748143 ) ;
#80 = ORIENTED_EDGE ( 'NONE', *, *, #2204, .T. ) ;
#81 = DIRECTION ( 'NONE',  ( 0.000000000000000000, -0.7071067811865473507, 0.7071067811865476838 ) ) ;
#82 = EDGE_CURVE ( 'NONE', #2533, #2742, #372, .T. ) ;
#83 = CARTESIAN_POINT ( 'NONE',  ( 3.337289833333333622, -1.394685041666666736, 0.04166666666666665741 ) ) ;
#84 = DIRECTION ( 'NONE',  ( 0.7071067811865513475, -0.4999999999999972244, 0.4999999999999974465 ) ) ;
#85 = ADVANCED_FACE ( 'NONE', ( #2571 ), #2588, .T. ) ;
#86 = EDGE_LOOP ( 'NONE', ( #2313, #1123, #684, #1435 ) ) ;
#87 = PLANE ( 'NONE',  #1508 ) ;
#88 = LINE ( 'NONE', #755, #2251 ) ;
#89 = ORIENTED_EDGE ( 'NONE', *, *, #359, .F. ) ;
#90 = LINE ( 'NONE', #711, #1355 ) ;
#91 = VECTOR ( 'NONE', #2332, 39.37007874015748143 ) ;
#92 = EDGE_LOOP ( 'NONE', ( #1977, #2591, #2858, #2197 ) ) ;
#93 = ORIENTED_EDGE ( 'NONE', *, *, #2482, .T. ) ;
#94 = CARTESIAN_POINT ( 'NONE',  ( -3.503956500000000585, -1.246707047392659806, 0.1666666666666668795 ) ) ;
#95 = DIRECTION ( 'NONE',  ( -0.7071067811865487940, 0.000000000000000000, 0.7071067811865462405 ) ) ;
#96 = LINE ( 'NONE', #1898, #1807 ) ;
#97 = EDGE_CURVE ( 'NONE', #2080, #1705, #332, .T. ) ;
#98 = ORIENTED_EDGE ( 'NONE', *, *, #2355, .T. ) ;
#99 = EDGE_CURVE ( 'NONE', #2028, #2742, #358, .T. ) ;
#100 = FACE_OUTER_BOUND ( 'NONE', #728, .T. ) ;
#101 = DIRECTION ( 'NONE',  ( -0.4999999999999918399, 0.4999999999999918399, -0.7071067811865591191 ) ) ;
#102 = PLANE ( 'NONE',  #950 ) ;
#103 = DIRECTION ( 'NONE',  ( -0.7071067811865473507, 0.000000000000000000, -0.7071067811865476838 ) ) ;
#104 = VERTEX_POINT ( 'NONE', #144 ) ;
#105 = CARTESIAN_POINT ( 'NONE',  ( 3.337289833333332734, -0.9967070473926604723, 0.1333333333333332760 ) ) ;
#106 = ORIENTED_EDGE ( 'NONE', *, *, #2872, .F. ) ;
#107 = CARTESIAN_POINT ( 'NONE',  ( 3.212289833333333622, -1.086351708333333388, 0.1333333333333332760 ) ) ;
#108 = LINE ( 'NONE', #764, #1232 ) ;
#109 = PLANE ( 'NONE',  #2266 ) ;
#110 = ADVANCED_FACE ( 'NONE', ( #1463 ), #2131, .F. ) ;
#111 = ORIENTED_EDGE ( 'NONE', *, *, #510, .F. ) ;
#112 = FACE_OUTER_BOUND ( 'NONE', #1357, .T. ) ;
#113 = CARTESIAN_POINT ( 'NONE',  ( 3.212289833333333622, -1.394685041666666736, 0.1666666666666666574 ) ) ;
#114 = CARTESIAN_POINT ( 'NONE',  ( -3.503956500000000585, 0.1635110028629971346, -0.9228407054703369194 ) ) ;
#115 = AXIS2_PLACEMENT_3D ( 'NONE', #1024, #2158, #1008 ) ;
#116 = LINE ( 'NONE', #828, #2137 ) ;
#117 = EDGE_CURVE ( 'NONE', #2036, #1396, #2160, .T. ) ;
#118 = ORIENTED_EDGE ( 'NONE', *, *, #1778, .F. ) ;
#119 = AXIS2_PLACEMENT_3D ( 'NONE', #2486, #1774, #2235 ) ;
#120 = EDGE_CURVE ( 'NONE', #1568, #412, #1113, .T. ) ;
#121 = DIRECTION ( 'NONE',  ( -0.7071067811865479058, 0.000000000000000000, -0.7071067811865471286 ) ) ;
#122 = VECTOR ( 'NONE', #2090, 39.37007874015748143 ) ;
#123 = AXIS2_PLACEMENT_3D ( 'NONE', #1959, #130, #2839 ) ;
#124 = ORIENTED_EDGE ( 'NONE', *, *, #2661, .T. ) ;
#125 = CARTESIAN_POINT ( 'NONE',  ( 3.426934494274004095, 1.219685041666666692, 0.1666666666666666297 ) ) ;
#126 = AXIS2_PLACEMENT_3D ( 'NONE', #1509, #888, #1964 ) ;
#127 = CARTESIAN_POINT ( 'NONE',  ( 3.337289833333333622, -1.394685041666666736, 0.2916666666666666297 ) ) ;
#128 = ORIENTED_EDGE ( 'NONE', *, *, #2573, .T. ) ;
#129 = CARTESIAN_POINT ( 'NONE',  ( -1.540489252862997427, 1.219685041666666692, -1.540489252862996761 ) ) ;
#130 = DIRECTION ( 'NONE',  ( 0.4999999999999958922, -0.7071067811865533459, -0.4999999999999958922 ) ) ;
#131 = CARTESIAN_POINT ( 'NONE',  ( -3.478956500000001562, 1.086351708333333388, 0.04166666666666651864 ) ) ;
#132 = FACE_OUTER_BOUND ( 'NONE', #17, .T. ) ;
#133 = FACE_OUTER_BOUND ( 'NONE', #153, .T. ) ;
#134 = ORIENTED_EDGE ( 'NONE', *, *, #2717, .F. ) ;
#135 = CIRCLE ( 'NONE', #503, 0.1549999999999998601 ) ;
#136 = ADVANCED_FACE ( 'NONE', ( #2413 ), #2660, .F. ) ;
#137 = EDGE_LOOP ( 'NONE', ( #55, #2205, #2432, #2831 ) ) ;
#138 = LINE ( 'NONE', #1472, #2306 ) ;
#139 = FACE_OUTER_BOUND ( 'NONE', #1382, .T. ) ;
#140 = APPLICATION_CONTEXT ( 'automotive_design' ) ;
#141 = ORIENTED_EDGE ( 'NONE', *, *, #956, .F. ) ;
#142 = PLANE ( 'NONE',  #907 ) ;
#143 = LINE ( 'NONE', #1721, #1467 ) ;
#144 = CARTESIAN_POINT ( 'NONE',  ( -3.170623166666666659, -1.169685041666666647, 0.3333333333333333148 ) ) ;
#145 = PLANE ( 'NONE',  #1488 ) ;
#146 = AXIS2_PLACEMENT_3D ( 'NONE', #1204, #1012, #2369 ) ;
#147 = FACE_OUTER_BOUND ( 'NONE', #1690, .T. ) ;
#148 = ORIENTED_EDGE ( 'NONE', *, *, #1034, .T. ) ;
#149 = EDGE_CURVE ( 'NONE', #1444, #1938, #2426, .T. ) ;
#150 = ORIENTED_EDGE ( 'NONE', *, *, #1753, .F. ) ;
#151 = CARTESIAN_POINT ( 'NONE',  ( 3.015623166666666854, -1.269685041666666736, 0.05691666333333320060 ) ) ;
#152 = CARTESIAN_POINT ( 'NONE',  ( -3.303956500000000407, -1.086351708333333388, 0.04166666666666694191 ) ) ;
#153 = EDGE_LOOP ( 'NONE', ( #432, #2122, #2708, #310 ) ) ;
#154 = LINE ( 'NONE', #663, #997 ) ;
#155 = DIRECTION ( 'NONE',  ( 0.000000000000000000, 0.000000000000000000, 1.000000000000000000 ) ) ;
#156 = EDGE_LOOP ( 'NONE', ( #2703, #2060, #1822, #511 ) ) ;
#157 = DIRECTION ( 'NONE',  ( 0.7071067811865470176, 0.000000000000000000, 0.7071067811865481278 ) ) ;
#158 = EDGE_LOOP ( 'NONE', ( #556, #1141, #971, #2041 ) ) ;
#159 = ADVANCED_FACE ( 'NONE', ( #212 ), #1069, .T. ) ;
#160 = LINE ( 'NONE', #2071, #353 ) ;
#161 = ORIENTED_EDGE ( 'NONE', *, *, #612, .F. ) ;
#162 = LINE ( 'NONE', #1939, #1699 ) ;
#163 = VECTOR ( 'NONE', #2775, 39.37007874015748143 ) ;
#164 = CARTESIAN_POINT ( 'NONE',  ( -3.503956500000000585, -1.419685041666666647, 0.3333333333333333148 ) ) ;
#165 = ORIENTED_EDGE ( 'NONE', *, *, #2393, .T. ) ;
#166 = AXIS2_PLACEMENT_3D ( 'NONE', #107, #988, #2732 ) ;
#167 = CONICAL_SURFACE ( 'NONE', #1044, 0.1097500000000001114, 0.7853981633974482790 ) ;
#168 = FACE_OUTER_BOUND ( 'NONE', #156, .T. ) ;
#169 = LINE ( 'NONE', #1734, #2728 ) ;
#170 = PLANE ( 'NONE',  #2724 ) ;
#171 = EDGE_CURVE ( 'NONE', #1482, #392, #2616, .T. ) ;
#172 = FACE_OUTER_BOUND ( 'NONE', #1428, .T. ) ;
#173 = STYLED_ITEM ( 'NONE', ( #2147 ), #626 ) ;
#174 = DIRECTION ( 'NONE',  ( 0.7071067811865459074, -0.7071067811865491270, 0.000000000000000000 ) ) ;
#175 = ORIENTED_EDGE ( 'NONE', *, *, #2176, .F. ) ;
#176 = CARTESIAN_POINT ( 'NONE',  ( -3.066055207611119826, -1.086351708333333388, 0.4134652399284499680 ) ) ;
#177 = ORIENTED_EDGE ( 'NONE', *, *, #585, .F. ) ;
#178 = LINE ( 'NONE', #1911, #1331 ) ;
#179 = VECTOR ( 'NONE', #2050, 39.37007874015748854 ) ;
#180 = AXIS2_PLACEMENT_3D ( 'NONE', #500, #1390, #1589 ) ;
#181 = ORIENTED_EDGE ( 'NONE', *, *, #2395, .T. ) ;
#182 = CARTESIAN_POINT ( 'NONE',  ( 3.337289833333332734, 1.219685041666666692, 0.04166666666666689334 ) ) ;
#183 = LINE ( 'NONE', #2174, #863 ) ;
#184 = FACE_OUTER_BOUND ( 'NONE', #916, .T. ) ;
#185 = DIRECTION ( 'NONE',  ( -0.000000000000000000, 1.000000000000000000, -0.000000000000000000 ) ) ;
#186 = LINE ( 'NONE', #1072, #1565 ) ;
#187 = ORIENTED_EDGE ( 'NONE', *, *, #1247, .T. ) ;
#188 = AXIS2_PLACEMENT_3D ( 'NONE', #2559, #157, #2532 ) ;
#189 = ORIENTED_EDGE ( 'NONE', *, *, #97, .F. ) ;
#190 = LINE ( 'NONE', #875, #958 ) ;
#191 = DIRECTION ( 'NONE',  ( 0.000000000000000000, 0.7071067811865473507, -0.7071067811865476838 ) ) ;
#192 = EDGE_LOOP ( 'NONE', ( #737, #506, #1000, #1119 ) ) ;
#193 = CARTESIAN_POINT ( 'NONE',  ( -3.578166314088508049, 0.6089158093728792576, 0.1666666666666668239 ) ) ;
#194 = ADVANCED_FACE ( 'NONE', ( #1302, #387, #414, #2188 ), #170, .T. ) ;
#195 = ORIENTED_EDGE ( 'NONE', *, *, #1270, .F. ) ;
#196 = CARTESIAN_POINT ( 'NONE',  ( 1.540489252862994984, 1.219685041666666692, -1.540489252862997427 ) ) ;
#197 = CARTESIAN_POINT ( 'NONE',  ( -3.420030934901123310, 1.086351708333333610, 0.2083333333333322879 ) ) ;
#198 = CARTESIAN_POINT ( 'NONE',  ( 3.337289833333333622, -1.244685041666666603, 0.2916666666666666297 ) ) ;
#199 = VERTEX_POINT ( 'NONE', #403 ) ;
#200 = PLANE ( 'NONE',  #491 ) ;
#201 = ADVANCED_FACE ( 'NONE', ( #1989 ), #1335, .F. ) ;
#202 = ORIENTED_EDGE ( 'NONE', *, *, #1342, .T. ) ;
#203 = DIRECTION ( 'NONE',  ( 0.000000000000000000, -0.7071067811865473507, 0.7071067811865476838 ) ) ;
#204 = EDGE_CURVE ( 'NONE', #1674, #1003, #2889, .T. ) ;
#205 = EDGE_CURVE ( 'NONE', #2356, #1495, #2631, .T. ) ;
#206 = CARTESIAN_POINT ( 'NONE',  ( 3.337289833333333622, -1.394685041666666736, 0.2916666666666666297 ) ) ;
#207 = ORIENTED_EDGE ( 'NONE', *, *, #2358, .T. ) ;
#208 = VECTOR ( 'NONE', #2325, 39.37007874015748854 ) ;
#209 = LINE ( 'NONE', #1287, #1978 ) ;
#210 = EDGE_LOOP ( 'NONE', ( #2337, #1544, #1579, #1211 ) ) ;
#211 = AXIS2_PLACEMENT_3D ( 'NONE', #2657, #2423, #1942 ) ;
#212 = FACE_OUTER_BOUND ( 'NONE', #1021, .T. ) ;
#213 = DIRECTION ( 'NONE',  ( 0.7071067811865486830, -0.7071067811865462405, 0.000000000000000000 ) ) ;
#214 = LINE ( 'NONE', #1992, #1937 ) ;
#215 = VECTOR ( 'NONE', #454, 39.37007874015748143 ) ;
#216 = EDGE_LOOP ( 'NONE', ( #802, #650, #2671, #2597 ) ) ;
#217 = DIRECTION ( 'NONE',  ( -0.5773502691896105210, -1.153777611830153574E-15, 0.8164965809277366926 ) ) ;
#218 = EDGE_CURVE ( 'NONE', #412, #19, #1054, .T. ) ;
#219 = EDGE_CURVE ( 'NONE', #2552, #567, #1545, .T. ) ;
#220 = ORIENTED_EDGE ( 'NONE', *, *, #507, .T. ) ;
#221 = LINE ( 'NONE', #1983, #1286 ) ;
#222 = ADVANCED_FACE ( 'NONE', ( #2868 ), #2440, .F. ) ;
#223 = DIRECTION ( 'NONE',  ( 0.7071067811865474617, 0.7071067811865474617, 0.000000000000000000 ) ) ;
#224 = EDGE_LOOP ( 'NONE', ( #479, #189, #49, #1413 ) ) ;
#225 = VECTOR ( 'NONE', #2230, 39.37007874015748143 ) ;
#226 = CARTESIAN_POINT ( 'NONE',  ( -3.503956500000000585, 1.089507372137003438, 0.003155663803670246195 ) ) ;
#227 = CARTESIAN_POINT ( 'NONE',  ( -3.503956500000000585, 0.003155663803670314717, -1.083196044529663116 ) ) ;
#228 = ORIENTED_EDGE ( 'NONE', *, *, #82, .T. ) ;
#229 = CARTESIAN_POINT ( 'NONE',  ( 3.337289833333333622, -1.219685041666666692, 0.2916666666666666297 ) ) ;
#230 = DIRECTION ( 'NONE',  ( 0.8164965809277318076, -0.5773502691896175154, -2.948542785788166585E-15 ) ) ;
#231 = ADVANCED_FACE ( 'NONE', ( #184 ), #840, .F. ) ;
#232 = DIRECTION ( 'NONE',  ( 0.000000000000000000, -0.000000000000000000, -1.000000000000000000 ) ) ;
#233 = ORIENTED_EDGE ( 'NONE', *, *, #1531, .T. ) ;
#234 = CARTESIAN_POINT ( 'NONE',  ( 3.337289833333333622, -0.4613517083333331659, 0.1333333333333332760 ) ) ;
#235 = ORIENTED_EDGE ( 'NONE', *, *, #290, .T. ) ;
#236 = PLANE ( 'NONE',  #405 ) ;
#237 = EDGE_CURVE ( 'NONE', #2341, #2410, #2399, .T. ) ;
#238 = PLANE ( 'NONE',  #595 ) ;
#239 = VECTOR ( 'NONE', #2646, 39.37007874015748143 ) ;
#240 = ORIENTED_EDGE ( 'NONE', *, *, #2589, .F. ) ;
#241 = UNCERTAINTY_MEASURE_WITH_UNIT (LENGTH_MEASURE( 1.000000000000000082E-05 ), #2082, 'distance_accuracy_value', 'NONE');
#242 = CARTESIAN_POINT ( 'NONE',  ( 3.212289833333333178, 1.244685041666666603, 0.1666666666666666574 ) ) ;
#243 = DIRECTION ( 'NONE',  ( -0.5773502691896177375, 0.8164965809277314746, 1.085672683354065839E-15 ) ) ;
#244 = ORIENTED_EDGE ( 'NONE', *, *, #1342, .F. ) ;
#245 = ADVANCED_FACE ( 'NONE', ( #961 ), #1632, .F. ) ;
#246 = LINE ( 'NONE', #952, #2678 ) ;
#247 = DIRECTION ( 'NONE',  ( -0.8164965809277259234, 9.422517163279464032E-15, 0.5773502691896259531 ) ) ;
#248 = EDGE_LOOP ( 'NONE', ( #2715, #521, #347, #383 ) ) ;
#249 = CARTESIAN_POINT ( 'NONE',  ( -3.303956500000000407, 0.4150201903629962552, -0.4150201903629963662 ) ) ;
#250 = ORIENTED_EDGE ( 'NONE', *, *, #2290, .F. ) ;
#251 = EDGE_CURVE ( 'NONE', #633, #2024, #2553, .T. ) ;
#252 = CARTESIAN_POINT ( 'NONE',  ( 3.015623166666666854, -1.269685041666666736, 0.05691666333333320060 ) ) ;
#253 = ORIENTED_EDGE ( 'NONE', *, *, #285, .T. ) ;
#254 = CARTESIAN_POINT ( 'NONE',  ( 3.170623166666667103, 1.253018375000000129, 0.000000000000000000 ) ) ;
#255 = DIRECTION ( 'NONE',  ( 0.000000000000000000, 0.7071067811865474617, -0.7071067811865474617 ) ) ;
#256 = ORIENTED_EDGE ( 'NONE', *, *, #251, .T. ) ;
#257 = VECTOR ( 'NONE', #2044, 39.37007874015748854 ) ;
#258 = LINE ( 'NONE', #926, #2114 ) ;
#259 = VECTOR ( 'NONE', #1668, 39.37007874015748854 ) ;
#260 = DIRECTION ( 'NONE',  ( 0.000000000000000000, -0.7071067811865474617, -0.7071067811865474617 ) ) ;
#261 = ORIENTED_EDGE ( 'NONE', *, *, #1665, .T. ) ;
#262 = EDGE_CURVE ( 'NONE', #951, #1924, #2331, .T. ) ;
#263 = VECTOR ( 'NONE', #1743, 39.37007874015748143 ) ;
#264 = FACE_OUTER_BOUND ( 'NONE', #617, .T. ) ;
#265 = ORIENTED_EDGE ( 'NONE', *, *, #1799, .T. ) ;
#266 = DIRECTION ( 'NONE',  ( 0.000000000000000000, 0.7071067811865474617, -0.7071067811865474617 ) ) ;
#267 = ORIENTED_EDGE ( 'NONE', *, *, #1548, .T. ) ;
#268 = LINE ( 'NONE', #1153, #1606 ) ;
#269 = CARTESIAN_POINT ( 'NONE',  ( -3.303956500000000407, -0.4150201903629972544, -0.4150201903629974765 ) ) ;
#270 = VERTEX_POINT ( 'NONE', #2004 ) ;
#271 = VECTOR ( 'NONE', #938, 39.37007874015748854 ) ;
#272 = CARTESIAN_POINT ( 'NONE',  ( -3.478956500000001562, 1.086351708333333388, 0.04166666666666651864 ) ) ;
#273 = DIRECTION ( 'NONE',  ( 0.7071067811865487940, 0.000000000000000000, 0.7071067811865462405 ) ) ;
#274 = ADVANCED_FACE ( 'NONE', ( #2524 ), #297, .F. ) ;
#275 = VERTEX_POINT ( 'NONE', #1823 ) ;
#276 = DIRECTION ( 'NONE',  ( 0.7071067811865471286, 0.7071067811865479058, 0.000000000000000000 ) ) ;
#277 = ORIENTED_EDGE ( 'NONE', *, *, #2658, .T. ) ;
#278 = DIRECTION ( 'NONE',  ( -0.7071067811865474617, 0.7071067811865474617, 0.000000000000000000 ) ) ;
#279 = VERTEX_POINT ( 'NONE', #2716 ) ;
#280 = DIRECTION ( 'NONE',  ( 1.000000000000000000, 0.000000000000000000, 0.000000000000000000 ) ) ;
#281 = CARTESIAN_POINT ( 'NONE',  ( 3.170623166666666659, -1.169685041666666647, 0.1666666633333332981 ) ) ;
#282 = AXIS2_PLACEMENT_3D ( 'NONE', #2699, #1831, #701 ) ;
#283 = LINE ( 'NONE', #2056, #646 ) ;
#284 = ORIENTED_EDGE ( 'NONE', *, *, #1663, .F. ) ;
#285 = EDGE_CURVE ( 'NONE', #2576, #2622, #529, .T. ) ;
#286 = CARTESIAN_POINT ( 'NONE',  ( 2.166998440362998490, -2.166998440362996270, 0.1333333333333332760 ) ) ;
#287 = LINE ( 'NONE', #1608, #1372 ) ;
#288 = ORIENTED_EDGE ( 'NONE', *, *, #1880, .F. ) ;
#289 = DIRECTION ( 'NONE',  ( 0.4999999999999932276, -0.7071067811865572317, -0.4999999999999932276 ) ) ;
#290 = EDGE_CURVE ( 'NONE', #1319, #2062, #2068, .T. ) ;
#291 = VERTEX_POINT ( 'NONE', #14 ) ;
#292 = ADVANCED_FACE ( 'NONE', ( #1177 ), #748, .F. ) ;
#293 = DIRECTION ( 'NONE',  ( -0.7071067811865474617, 0.7071067811865474617, 0.000000000000000000 ) ) ;
#294 = ORIENTED_EDGE ( 'NONE', *, *, #1122, .T. ) ;
#295 = EDGE_CURVE ( 'NONE', #2191, #2263, #543, .T. ) ;
#296 = ADVANCED_FACE ( 'NONE', ( #1600 ), #1208, .T. ) ;
#297 = PLANE ( 'NONE',  #74 ) ;
#298 = CARTESIAN_POINT ( 'NONE',  ( 3.337289833333333622, -0.4613517083333331659, 0.3083333333333334592 ) ) ;
#299 = DIRECTION ( 'NONE',  ( -0.7071067811865474617, 0.000000000000000000, 0.7071067811865474617 ) ) ;
#300 = EDGE_LOOP ( 'NONE', ( #1497, #2471, #1759, #1609 ) ) ;
#301 = CARTESIAN_POINT ( 'NONE',  ( -3.478956500000001562, -1.086351708333333388, 0.04166666666666694191 ) ) ;
#302 = ORIENTED_EDGE ( 'NONE', *, *, #1055, .T. ) ;
#303 = DIRECTION ( 'NONE',  ( 0.7071067811865473507, 0.000000000000000000, 0.7071067811865476838 ) ) ;
#304 = VECTOR ( 'NONE', #64, 39.37007874015748143 ) ;
#305 = ORIENTED_EDGE ( 'NONE', *, *, #1149, .T. ) ;
#306 = AXIS2_PLACEMENT_3D ( 'NONE', #2079, #289, #48 ) ;
#307 = EDGE_CURVE ( 'NONE', #532, #2028, #2299, .T. ) ;
#308 = EDGE_CURVE ( 'NONE', #874, #1479, #1165, .T. ) ;
#309 = VECTOR ( 'NONE', #1556, 39.37007874015748143 ) ;
#310 = ORIENTED_EDGE ( 'NONE', *, *, #1790, .T. ) ;
#311 = CARTESIAN_POINT ( 'NONE',  ( -3.503956500000000585, 1.086351708333333388, 0.006311327607340174936 ) ) ;
#312 = MECHANICAL_DESIGN_GEOMETRIC_PRESENTATION_REPRESENTATION (  '', ( #173 ), #2689 ) ;
#313 = FACE_OUTER_BOUND ( 'NONE', #2182, .T. ) ;
#314 = PLANE ( 'NONE',  #1009 ) ;
#315 = VERTEX_POINT ( 'NONE', #2272 ) ;
#316 = CARTESIAN_POINT ( 'NONE',  ( 3.337289833333332734, -0.6759963692740031949, 0.1333333333333332760 ) ) ;
#317 = LINE ( 'NONE', #2077, #2489 ) ;
#318 = LINE ( 'NONE', #1638, #2441 ) ;
#319 = VECTOR ( 'NONE', #2315, 39.37007874015748854 ) ;
#320 = CARTESIAN_POINT ( 'NONE',  ( -3.337289833333333622, 1.394685041666667846, 0.2916666666666666297 ) ) ;
#321 = VECTOR ( 'NONE', #2434, 39.37007874015748854 ) ;
#322 = ORIENTED_EDGE ( 'NONE', *, *, #117, .F. ) ;
#323 = CARTESIAN_POINT ( 'NONE',  ( -1.630133913803670120, 1.219685041666666692, -1.630133913803670120 ) ) ;
#324 = EDGE_LOOP ( 'NONE', ( #473, #233, #181, #2875 ) ) ;
#325 = DIRECTION ( 'NONE',  ( 0.8164965809277314746, 0.5773502691896179595, 2.972579819367959426E-15 ) ) ;
#326 = FACE_OUTER_BOUND ( 'NONE', #2088, .T. ) ;
#327 = CARTESIAN_POINT ( 'NONE',  ( 3.337289833333333622, -0.4613517083333331659, 0.1333333333333332760 ) ) ;
#328 = EDGE_LOOP ( 'NONE', ( #1351, #1982, #461, #1168 ) ) ;
#329 = EDGE_CURVE ( 'NONE', #2650, #1369, #2099, .T. ) ;
#330 = PLANE ( 'NONE',  #861 ) ;
#331 = PLANE ( 'NONE',  #2627 ) ;
#332 = LINE ( 'NONE', #114, #1974 ) ;
#333 = EDGE_CURVE ( 'NONE', #951, #1674, #2054, .T. ) ;
#334 = CARTESIAN_POINT ( 'NONE',  ( 3.212289833333333622, -0.5863517083333330548, 0.3083333333333334592 ) ) ;
#335 = ORIENTED_EDGE ( 'NONE', *, *, #2268, .T. ) ;
#336 = PLANE ( 'NONE',  #2173 ) ;
#337 = VERTEX_POINT ( 'NONE', #311 ) ;
#338 = ADVANCED_FACE ( 'NONE', ( #947 ), #2085, .F. ) ;
#339 = DIRECTION ( 'NONE',  ( 0.7071067811865533459, 0.4999999999999957256, 0.4999999999999960032 ) ) ;
#340 = DIRECTION ( 'NONE',  ( 0.4999999999999936717, 0.7071067811865553443, 0.4999999999999955036 ) ) ;
#341 = ORIENTED_EDGE ( 'NONE', *, *, #2021, .T. ) ;
#342 = FACE_OUTER_BOUND ( 'NONE', #642, .T. ) ;
#343 = DIRECTION ( 'NONE',  ( 0.7071067811865474617, 0.7071067811865474617, 0.000000000000000000 ) ) ;
#344 = CARTESIAN_POINT ( 'NONE',  ( -3.337289833333333622, 1.219685041666666692, 0.2563113276073402114 ) ) ;
#345 = DIRECTION ( 'NONE',  ( 0.7071067811865463515, 0.7071067811865487940, 0.000000000000000000 ) ) ;
#346 = VECTOR ( 'NONE', #2092, 39.37007874015748854 ) ;
#347 = ORIENTED_EDGE ( 'NONE', *, *, #474, .F. ) ;
#348 = DIRECTION ( 'NONE',  ( 0.7071067811865466846, -0.7071067811865483499, 0.000000000000000000 ) ) ;
#349 = VECTOR ( 'NONE', #2598, 39.37007874015748143 ) ;
#350 = AXIS2_PLACEMENT_3D ( 'NONE', #1360, #23, #705 ) ;
#351 = ORIENTED_EDGE ( 'NONE', *, *, #1480, .T. ) ;
#352 = CARTESIAN_POINT ( 'NONE',  ( 1.330646732029668877, 1.330646732029665769, 0.1333333333333332760 ) ) ;
#353 = VECTOR ( 'NONE', #613, 39.37007874015748143 ) ;
#354 = CARTESIAN_POINT ( 'NONE',  ( -3.478956500000001562, 1.086351708333333388, 0.2916666666666668517 ) ) ;
#355 = VERTEX_POINT ( 'NONE', #94 ) ;
#356 = LINE ( 'NONE', #2103, #163 ) ;
#357 = LINE ( 'NONE', #1052, #1742 ) ;
#358 = LINE ( 'NONE', #131, #578 ) ;
#359 = EDGE_CURVE ( 'NONE', #1150, #368, #733, .T. ) ;
#360 = PLANE ( 'NONE',  #188 ) ;
#361 = DIRECTION ( 'NONE',  ( 0.7071067811865480168, 0.000000000000000000, 0.7071067811865469066 ) ) ;
#362 = ORIENTED_EDGE ( 'NONE', *, *, #1860, .T. ) ;
#363 = VECTOR ( 'NONE', #2379, 39.37007874015748854 ) ;
#364 = APPLICATION_PROTOCOL_DEFINITION ( 'draft international standard', 'automotive_design', 1998, #140 ) ;
#365 = ORIENTED_EDGE ( 'NONE', *, *, #2169, .F. ) ;
#366 = CARTESIAN_POINT ( 'NONE',  ( 3.337289833333334066, -1.219685041666666692, 0.2563113276073387681 ) ) ;
#367 = CARTESIAN_POINT ( 'NONE',  ( 3.337289833333333622, -1.244685041666666159, 0.04166666666666665741 ) ) ;
#368 = VERTEX_POINT ( 'NONE', #514 ) ;
#369 = CARTESIAN_POINT ( 'NONE',  ( -3.503956500000000585, -0.9259963692740070806, 0.1666666666666667962 ) ) ;
#370 = FACE_BOUND ( 'NONE', #2199, .T. ) ;
#371 = ORIENTED_EDGE ( 'NONE', *, *, #1249, .T. ) ;
#372 = LINE ( 'NONE', #2547, #2813 ) ;
#373 = EDGE_CURVE ( 'NONE', #2607, #2102, #1403, .T. ) ;
#374 = CARTESIAN_POINT ( 'NONE',  ( 3.212289833333333178, 1.394685041666666736, 0.1666666666666666574 ) ) ;
#375 = VECTOR ( 'NONE', #447, 39.37007874015748143 ) ;
#376 = DIRECTION ( 'NONE',  ( -0.7071067811865474617, -0.7071067811865474617, 0.000000000000000000 ) ) ;
#377 = VERTEX_POINT ( 'NONE', #151 ) ;
#378 = DIRECTION ( 'NONE',  ( -2.255206291344518547E-16, -1.000000000000000000, 0.000000000000000000 ) ) ;
#379 = EDGE_CURVE ( 'NONE', #1667, #2576, #1030, .T. ) ;
#380 = ORIENTED_EDGE ( 'NONE', *, *, #2267, .T. ) ;
#381 = DIRECTION ( 'NONE',  ( -0.4999999999999986677, 0.4999999999999986677, 0.7071067811865494601 ) ) ;
#382 = CARTESIAN_POINT ( 'NONE',  ( -3.503956500000000585, 0.9259963692740069696, 0.1666666666666668795 ) ) ;
#383 = ORIENTED_EDGE ( 'NONE', *, *, #2357, .F. ) ;
#384 = ADVANCED_FACE ( 'NONE', ( #1283 ), #2784, .F. ) ;
#385 = CARTESIAN_POINT ( 'NONE',  ( 3.337289833333332734, 1.219685041666666692, 0.2563113276073378799 ) ) ;
#386 = CARTESIAN_POINT ( 'NONE',  ( -3.170623166666666659, -1.169685041666666647, 0.000000000000000000 ) ) ;
#387 = FACE_BOUND ( 'NONE', #2095, .T. ) ;
#388 = CARTESIAN_POINT ( 'NONE',  ( -3.503956500000000585, -1.419685041666666647, 0.3333333333333333148 ) ) ;
#389 = CARTESIAN_POINT ( 'NONE',  ( 3.337289833333333622, -1.211351708333333166, 0.1333333333333332760 ) ) ;
#390 = EDGE_LOOP ( 'NONE', ( #2637, #294, #2720, #1726 ) ) ;
#391 = DIRECTION ( 'NONE',  ( -1.000000000000000000, 0.000000000000000000, 0.000000000000000000 ) ) ;
#392 = VERTEX_POINT ( 'NONE', #393 ) ;
#393 = CARTESIAN_POINT ( 'NONE',  ( 3.212289833333333622, -0.5863517083333330548, 0.1583333333333340753 ) ) ;
#394 = VECTOR ( 'NONE', #1803, 39.37007874015748854 ) ;
#395 = VECTOR ( 'NONE', #1580, 39.37007874015748854 ) ;
#396 = DIRECTION ( 'NONE',  ( 0.000000000000000000, -0.7071067811865476838, -0.7071067811865473507 ) ) ;
#397 = EDGE_CURVE ( 'NONE', #484, #1970, #2390, .T. ) ;
#398 = VERTEX_POINT ( 'NONE', #125 ) ;
#399 = VECTOR ( 'NONE', #1855, 39.37007874015748143 ) ;
#400 = CARTESIAN_POINT ( 'NONE',  ( 3.337289833333333622, -1.419685041666666647, 0.006311327607339091601 ) ) ;
#401 = CARTESIAN_POINT ( 'NONE',  ( 1.922505760071565595, -1.086351708333354038, -0.9304584264330957311 ) ) ;
#402 = ORIENTED_EDGE ( 'NONE', *, *, #1173, .F. ) ;
#403 = CARTESIAN_POINT ( 'NONE',  ( -3.328956499999998986, 1.211351708333333610, 0.1666666666666666852 ) ) ;
#404 = DIRECTION ( 'NONE',  ( -0.000000000000000000, 1.000000000000000000, -0.000000000000000000 ) ) ;
#405 = AXIS2_PLACEMENT_3D ( 'NONE', #1684, #2806, #593 ) ;
#406 = ORIENTED_EDGE ( 'NONE', *, *, #1230, .F. ) ;
#407 = PLANE ( 'NONE',  #126 ) ;
#408 = ORIENTED_EDGE ( 'NONE', *, *, #1137, .F. ) ;
#409 = CARTESIAN_POINT ( 'NONE',  ( 3.337289833333338507, -2.024446059828114652, -1.061081940627117914 ) ) ;
#410 = EDGE_CURVE ( 'NONE', #2028, #337, #2125, .T. ) ;
#411 = DIRECTION ( 'NONE',  ( 0.7071067811865473507, 0.000000000000000000, -0.7071067811865476838 ) ) ;
#412 = VERTEX_POINT ( 'NONE', #366 ) ;
#413 = CARTESIAN_POINT ( 'NONE',  ( -3.478956500000001562, 0.9613517083333332769, 0.1666666666666667129 ) ) ;
#414 = FACE_BOUND ( 'NONE', #1049, .T. ) ;
#415 = EDGE_CURVE ( 'NONE', #1479, #2097, #2812, .T. ) ;
#416 = CARTESIAN_POINT ( 'NONE',  ( 3.462289833333334066, -1.219685041666666692, 0.1666666666666666574 ) ) ;
#417 = FACE_BOUND ( 'NONE', #92, .T. ) ;
#418 = EDGE_CURVE ( 'NONE', #1705, #1495, #2168, .T. ) ;
#419 = ORIENTED_EDGE ( 'NONE', *, *, #2355, .F. ) ;
#420 = VECTOR ( 'NONE', #2740, 39.37007874015748854 ) ;
#421 = DIRECTION ( 'NONE',  ( 0.000000000000000000, 0.7071067811865475727, -0.7071067811865475727 ) ) ;
#422 = ORIENTED_EDGE ( 'NONE', *, *, #1790, .F. ) ;
#423 = LINE ( 'NONE', #672, #2451 ) ;
#424 = DIRECTION ( 'NONE',  ( 0.000000000000000000, 0.7071067811865474617, -0.7071067811865474617 ) ) ;
#425 = ORIENTED_EDGE ( 'NONE', *, *, #932, .T. ) ;
#426 = CARTESIAN_POINT ( 'NONE',  ( 3.247645172392661816, 1.219685041666666692, 0.1666666666666667684 ) ) ;
#427 = ORIENTED_EDGE ( 'NONE', *, *, #510, .T. ) ;
#428 = CARTESIAN_POINT ( 'NONE',  ( 0.000000000000000000, 0.000000000000000000, 0.1333333333333332760 ) ) ;
#429 = CARTESIAN_POINT ( 'NONE',  ( 3.337289833333333622, -1.394685041666666736, 0.2916666666666666297 ) ) ;
#430 = ADVANCED_FACE ( 'NONE', ( #791 ), #615, .F. ) ;
#431 = CARTESIAN_POINT ( 'NONE',  ( 3.015623166666666854, -1.419685041666666647, 0.2514166633333330125 ) ) ;
#432 = ORIENTED_EDGE ( 'NONE', *, *, #2232, .T. ) ;
#433 = EDGE_CURVE ( 'NONE', #987, #1343, #2594, .T. ) ;
#434 = DIRECTION ( 'NONE',  ( 0.000000000000000000, 0.7071067811865474617, 0.7071067811865474617 ) ) ;
#435 = ORIENTED_EDGE ( 'NONE', *, *, #440, .T. ) ;
#436 = LINE ( 'NONE', #2450, #1470 ) ;
#437 = CARTESIAN_POINT ( 'NONE',  ( -3.303956500000000407, -1.086351708333333388, 0.04166666666666694191 ) ) ;
#438 = ORIENTED_EDGE ( 'NONE', *, *, #2371, .T. ) ;
#439 = VECTOR ( 'NONE', #1273, 39.37007874015748143 ) ;
#440 = EDGE_CURVE ( 'NONE', #839, #2561, #178, .T. ) ;
#441 = FACE_OUTER_BOUND ( 'NONE', #1107, .T. ) ;
#442 = CARTESIAN_POINT ( 'NONE',  ( 3.212289833333333178, 1.219685041666666692, 0.1666666666666666574 ) ) ;
#443 = VECTOR ( 'NONE', #936, 39.37007874015748854 ) ;
#444 = VERTEX_POINT ( 'NONE', #1063 ) ;
#445 = VECTOR ( 'NONE', #2258, 39.37007874015748143 ) ;
#446 = DIRECTION ( 'NONE',  ( -0.7071067811865475727, -0.7071067811865475727, 0.000000000000000000 ) ) ;
#447 = DIRECTION ( 'NONE',  ( -0.000000000000000000, -1.000000000000000000, -0.000000000000000000 ) ) ;
#448 = DIRECTION ( 'NONE',  ( -1.000000000000000000, -0.000000000000000000, -0.000000000000000000 ) ) ;
#449 = CIRCLE ( 'NONE', #1561, 0.08474999999999968670 ) ;
#450 = ADVANCED_FACE ( 'NONE', ( #2565 ), #2409, .T. ) ;
#451 = ORIENTED_EDGE ( 'NONE', *, *, #760, .T. ) ;
#452 = CARTESIAN_POINT ( 'NONE',  ( 3.337289833333333622, -0.9259963692740036389, 0.3333333333333333148 ) ) ;
#453 = ORIENTED_EDGE ( 'NONE', *, *, #1202, .T. ) ;
#454 = DIRECTION ( 'NONE',  ( -3.557480969809607827E-15, 0.5773502691896218453, 0.8164965809277288100 ) ) ;
#455 = DIRECTION ( 'NONE',  ( -1.000000000000000000, 0.000000000000000000, 0.000000000000000000 ) ) ;
#456 = EDGE_LOOP ( 'NONE', ( #175, #1359, #822, #819 ) ) ;
#457 = VECTOR ( 'NONE', #1644, 39.37007874015748854 ) ;
#458 = VECTOR ( 'NONE', #2244, 39.37007874015748143 ) ;
#459 = DIRECTION ( 'NONE',  ( -0.000000000000000000, 1.000000000000000000, -0.000000000000000000 ) ) ;
#460 = DIRECTION ( 'NONE',  ( 0.7071067811865611175, 0.4999999999999902855, 0.4999999999999905631 ) ) ;
#461 = ORIENTED_EDGE ( 'NONE', *, *, #410, .F. ) ;
#462 = CARTESIAN_POINT ( 'NONE',  ( 1.630133913803663459, -1.219685041666666692, -1.630133913803669454 ) ) ;
#463 = DIRECTION ( 'NONE',  ( 1.000000000000000000, 0.000000000000000000, 0.000000000000000000 ) ) ;
#464 = EDGE_CURVE ( 'NONE', #2031, #633, #138, .T. ) ;
#465 = EDGE_LOOP ( 'NONE', ( #1263, #1062, #22, #2260 ) ) ;
#466 = PLANE ( 'NONE',  #306 ) ;
#467 = ORIENTED_EDGE ( 'NONE', *, *, #1362, .T. ) ;
#468 = DIRECTION ( 'NONE',  ( -0.8164965809277262565, 0.5773502691896255090, 6.810492847608449328E-17 ) ) ;
#469 = CARTESIAN_POINT ( 'NONE',  ( 3.337289833333332734, 1.244685041666666603, 0.04166666666666689334 ) ) ;
#470 = ORIENTED_EDGE ( 'NONE', *, *, #599, .F. ) ;
#471 = DIRECTION ( 'NONE',  ( 0.000000000000000000, 0.7071067811865476838, 0.7071067811865473507 ) ) ;
#472 = CARTESIAN_POINT ( 'NONE',  ( 3.337289833333333622, -0.9613517083333332769, 0.1333333333333332760 ) ) ;
#473 = ORIENTED_EDGE ( 'NONE', *, *, #753, .F. ) ;
#474 = EDGE_CURVE ( 'NONE', #2865, #1585, #162, .T. ) ;
#475 = LINE ( 'NONE', #2709, #1887 ) ;
#476 = LINE ( 'NONE', #1318, #1649 ) ;
#477 = ORIENTED_EDGE ( 'NONE', *, *, #149, .F. ) ;
#478 = CARTESIAN_POINT ( 'NONE',  ( 3.337289833333333622, -1.219685041666666692, 0.04166666666666665741 ) ) ;
#479 = ORIENTED_EDGE ( 'NONE', *, *, #418, .F. ) ;
#480 = CARTESIAN_POINT ( 'NONE',  ( 1.080646732029663992, 1.080646732029663992, 0.1333333333333332760 ) ) ;
#481 = ORIENTED_EDGE ( 'NONE', *, *, #1501, .T. ) ;
#482 = DIRECTION ( 'NONE',  ( 2.255206291344518547E-16, 1.000000000000000000, -0.000000000000000000 ) ) ;
#483 = FACE_OUTER_BOUND ( 'NONE', #1658, .T. ) ;
#484 = VERTEX_POINT ( 'NONE', #834 ) ;
#485 = AXIS2_PLACEMENT_3D ( 'NONE', #1862, #941, #784 ) ;
#486 = DIRECTION ( 'NONE',  ( 0.7071067811865474617, -0.7071067811865474617, 0.000000000000000000 ) ) ;
#487 = VECTOR ( 'NONE', #45, 39.37007874015748143 ) ;
#488 = CARTESIAN_POINT ( 'NONE',  ( 3.337289833333334066, -1.211351708333333610, 0.3083333333333323489 ) ) ;
#489 = VECTOR ( 'NONE', #520, 39.37007874015748143 ) ;
#490 = ORIENTED_EDGE ( 'NONE', *, *, #329, .F. ) ;
#491 = AXIS2_PLACEMENT_3D ( 'NONE', #2181, #2417, #1308 ) ;
#492 = LINE ( 'NONE', #249, #680 ) ;
#493 = ORIENTED_EDGE ( 'NONE', *, *, #1137, .T. ) ;
#494 = DIRECTION ( 'NONE',  ( 0.7071067811865466846, -0.7071067811865483499, 0.000000000000000000 ) ) ;
#495 = VERTEX_POINT ( 'NONE', #2848 ) ;
#496 = EDGE_CURVE ( 'NONE', #2180, #648, #2342, .T. ) ;
#497 = DIRECTION ( 'NONE',  ( 0.000000000000000000, -0.7071067811865474617, -0.7071067811865474617 ) ) ;
#498 = EDGE_CURVE ( 'NONE', #1003, #2690, #1016, .T. ) ;
#499 = DIRECTION ( 'NONE',  ( 0.000000000000000000, -0.7071067811865474617, -0.7071067811865474617 ) ) ;
#500 = CARTESIAN_POINT ( 'NONE',  ( -1.630133913803670120, 1.219685041666666692, -1.630133913803670120 ) ) ;
#501 = VECTOR ( 'NONE', #1430, 39.37007874015748143 ) ;
#502 = ORIENTED_EDGE ( 'NONE', *, *, #1910, .T. ) ;
#503 = AXIS2_PLACEMENT_3D ( 'NONE', #978, #765, #1434 ) ;
#504 = DIRECTION ( 'NONE',  ( -0.5000000000000016653, 0.5000000000000011102, -0.7071067811865455743 ) ) ;
#505 = LINE ( 'NONE', #2277, #1375 ) ;
#506 = ORIENTED_EDGE ( 'NONE', *, *, #723, .T. ) ;
#507 = EDGE_CURVE ( 'NONE', #1994, #2014, #2578, .T. ) ;
#508 = CARTESIAN_POINT ( 'NONE',  ( -3.337289833333333622, 1.244685041666665493, 0.04166666666666678925 ) ) ;
#509 = ADVANCED_FACE ( 'NONE', ( #2623 ), #1512, .T. ) ;
#510 = EDGE_CURVE ( 'NONE', #275, #874, #1997, .T. ) ;
#511 = ORIENTED_EDGE ( 'NONE', *, *, #2880, .T. ) ;
#512 = CARTESIAN_POINT ( 'NONE',  ( 3.337289833333333622, -0.7113517083333331659, 0.3083333333333334592 ) ) ;
#513 = ORIENTED_EDGE ( 'NONE', *, *, #2452, .T. ) ;
#514 = CARTESIAN_POINT ( 'NONE',  ( 3.337289833333333622, -1.211351708333333166, 0.3083333333333323489 ) ) ;
#515 = DIRECTION ( 'NONE',  ( 0.8164965809277341391, -0.5773502691896142958, 2.247462639710827610E-15 ) ) ;
#516 = AXIS2_PLACEMENT_3D ( 'NONE', #553, #345, #2120 ) ;
#517 = CARTESIAN_POINT ( 'NONE',  ( 3.337289833333333622, -1.394685041666666736, 0.04166666666666665741 ) ) ;
#518 = ORIENTED_EDGE ( 'NONE', *, *, #1362, .F. ) ;
#519 = CARTESIAN_POINT ( 'NONE',  ( 3.212289833333333622, -1.086351708333333388, 0.3083333333333323489 ) ) ;
#520 = DIRECTION ( 'NONE',  ( 0.000000000000000000, 0.000000000000000000, -1.000000000000000000 ) ) ;
#521 = ORIENTED_EDGE ( 'NONE', *, *, #1111, .F. ) ;
#522 = EDGE_CURVE ( 'NONE', #2, #1035, #436, .T. ) ;
#523 = EDGE_CURVE ( 'NONE', #275, #25, #1298, .T. ) ;
#524 = CARTESIAN_POINT ( 'NONE',  ( 3.337289833333333622, -0.9613517083333332769, 0.1583333333333332982 ) ) ;
#525 = ORIENTED_EDGE ( 'NONE', *, *, #1017, .T. ) ;
#526 = EDGE_CURVE ( 'NONE', #1384, #2753, #423, .T. ) ;
#527 = CARTESIAN_POINT ( 'NONE',  ( 2.527214017706211902, -1.086351708333339383, 0.6427550881901744617 ) ) ;
#528 = ORIENTED_EDGE ( 'NONE', *, *, #2232, .F. ) ;
#529 = LINE ( 'NONE', #778, #910 ) ;
#530 = CARTESIAN_POINT ( 'NONE',  ( -3.478956500000001562, 1.211351708333333610, 0.1666666666666666852 ) ) ;
#531 = CARTESIAN_POINT ( 'NONE',  ( -3.478956500000001562, 0.9613517083333332769, 0.1666666666666667129 ) ) ;
#532 = VERTEX_POINT ( 'NONE', #689 ) ;
#533 = LINE ( 'NONE', #2584, #2025 ) ;
#534 = DIRECTION ( 'NONE',  ( -0.000000000000000000, 0.7071067811865473507, 0.7071067811865476838 ) ) ;
#535 = DIRECTION ( 'NONE',  ( 0.4999999999999968359, -0.7071067811865514585, 0.4999999999999976130 ) ) ;
#536 = VECTOR ( 'NONE', #1352, 39.37007874015748854 ) ;
#537 = DIRECTION ( 'NONE',  ( -0.4999999999999978906, -0.4999999999999966693, 0.7071067811865513475 ) ) ;
#538 = VECTOR ( 'NONE', #639, 39.37007874015748143 ) ;
#539 = ORIENTED_EDGE ( 'NONE', *, *, #464, .T. ) ;
#540 = VECTOR ( 'NONE', #1618, 39.37007874015748143 ) ;
#541 = LINE ( 'NONE', #512, #2361 ) ;
#542 = VERTEX_POINT ( 'NONE', #1967 ) ;
#543 = LINE ( 'NONE', #1662, #443 ) ;
#544 = EDGE_CURVE ( 'NONE', #2561, #2622, #2433, .T. ) ;
#545 = VECTOR ( 'NONE', #1494, 39.37007874015748143 ) ;
#546 = LINE ( 'NONE', #2301, #2683 ) ;
#547 = DIRECTION ( 'NONE',  ( -1.000000000000000000, -0.000000000000000000, -0.000000000000000000 ) ) ;
#548 = EDGE_CURVE ( 'NONE', #1951, #25, #1324, .T. ) ;
#549 = ORIENTED_EDGE ( 'NONE', *, *, #1407, .T. ) ;
#550 = DIRECTION ( 'NONE',  ( -0.000000000000000000, -0.000000000000000000, -1.000000000000000000 ) ) ;
#551 = DIRECTION ( 'NONE',  ( -0.7071067811865473507, 0.000000000000000000, 0.7071067811865476838 ) ) ;
#552 = CARTESIAN_POINT ( 'NONE',  ( 3.337289833333333622, -1.211351708333333166, 0.3083333333333323489 ) ) ;
#553 = CARTESIAN_POINT ( 'NONE',  ( 3.337289833333333622, -0.9613517083333332769, 0.1333333333333332760 ) ) ;
#554 = VECTOR ( 'NONE', #547, 39.37007874015748143 ) ;
#555 = EDGE_CURVE ( 'NONE', #398, #2536, #190, .T. ) ;
#556 = ORIENTED_EDGE ( 'NONE', *, *, #624, .T. ) ;
#557 = LINE ( 'NONE', #2108, #1341 ) ;
#558 = ORIENTED_EDGE ( 'NONE', *, *, #1965, .T. ) ;
#559 = CARTESIAN_POINT ( 'NONE',  ( -3.295623166666667991, 1.335759476567789372, 0.1666666666666663521 ) ) ;
#560 = CARTESIAN_POINT ( 'NONE',  ( 3.212289833333333622, -1.086351708333333388, 0.1583333333333331872 ) ) ;
#561 = ORIENTED_EDGE ( 'NONE', *, *, #219, .T. ) ;
#562 = AXIS2_PLACEMENT_3D ( 'NONE', #15, #1305, #621 ) ;
#563 = DIRECTION ( 'NONE',  ( -0.5000000000000084377, 0.7071067811865359154, 0.5000000000000082157 ) ) ;
#564 = PLANE ( 'NONE',  #115 ) ;
#565 = EDGE_LOOP ( 'NONE', ( #1312, #1882, #704, #625 ) ) ;
#566 = FACE_OUTER_BOUND ( 'NONE', #730, .T. ) ;
#567 = VERTEX_POINT ( 'NONE', #1762 ) ;
#568 = DIRECTION ( 'NONE',  ( -0.7071067811865473507, 0.000000000000000000, -0.7071067811865476838 ) ) ;
#569 = ORIENTED_EDGE ( 'NONE', *, *, #73, .T. ) ;
#570 = CARTESIAN_POINT ( 'NONE',  ( 2.109541226039550743, -2.024446059828113320, 0.1666666666666726249 ) ) ;
#571 = CARTESIAN_POINT ( 'NONE',  ( -3.328956500000000318, -1.211351708333333388, 0.1666666666666669905 ) ) ;
#572 = VERTEX_POINT ( 'NONE', #2651 ) ;
#573 = DIRECTION ( 'NONE',  ( 0.4999999999999946709, -0.7071067811865552333, 0.4999999999999943934 ) ) ;
#574 = LINE ( 'NONE', #401, #1839 ) ;
#575 = DIRECTION ( 'NONE',  ( 0.000000000000000000, -0.7071067811865473507, 0.7071067811865476838 ) ) ;
#576 = DIRECTION ( 'NONE',  ( 0.7071067811865473507, 0.000000000000000000, -0.7071067811865476838 ) ) ;
#577 = FACE_OUTER_BOUND ( 'NONE', #581, .T. ) ;
#578 = VECTOR ( 'NONE', #575, 39.37007874015748143 ) ;
#579 = ORIENTED_EDGE ( 'NONE', *, *, #1146, .F. ) ;
#580 = AXIS2_PLACEMENT_3D ( 'NONE', #2481, #2456, #1812 ) ;
#581 = EDGE_LOOP ( 'NONE', ( #924, #2711, #2346, #1269 ) ) ;
#582 = DIRECTION ( 'NONE',  ( -0.000000000000000000, 1.000000000000000000, 0.000000000000000000 ) ) ;
#583 = LINE ( 'NONE', #1268, #2127 ) ;
#584 = AXIS2_PLACEMENT_3D ( 'NONE', #2110, #582, #1103 ) ;
#585 = EDGE_CURVE ( 'NONE', #1014, #2454, #449, .T. ) ;
#586 = ORIENTED_EDGE ( 'NONE', *, *, #2049, .F. ) ;
#587 = CARTESIAN_POINT ( 'NONE',  ( 3.337289833333332734, 1.244685041666666603, 0.2916666666666663521 ) ) ;
#588 = DIRECTION ( 'NONE',  ( 0.000000000000000000, 0.000000000000000000, 1.000000000000000000 ) ) ;
#589 = EDGE_LOOP ( 'NONE', ( #1732, #628, #2074, #2136 ) ) ;
#590 = CARTESIAN_POINT ( 'NONE',  ( -3.247645172392660040, 1.219685041666666692, 0.1666666666666666852 ) ) ;
#591 = EDGE_CURVE ( 'NONE', #2690, #542, #904, .T. ) ;
#592 = CARTESIAN_POINT ( 'NONE',  ( 3.337289833333333622, -0.4613517083333331659, 0.3083333333333334592 ) ) ;
#593 = DIRECTION ( 'NONE',  ( 0.000000000000000000, -0.7071067811865474617, -0.7071067811865474617 ) ) ;
#594 = EDGE_CURVE ( 'NONE', #2097, #1615, #2638, .T. ) ;
#595 = AXIS2_PLACEMENT_3D ( 'NONE', #2714, #1134, #1121 ) ;
#596 = ORIENTED_EDGE ( 'NONE', *, *, #2694, .T. ) ;
#597 = AXIS2_PLACEMENT_3D ( 'NONE', #691, #2702, #50 ) ;
#598 = LINE ( 'NONE', #65, #540 ) ;
#599 = EDGE_CURVE ( 'NONE', #43, #291, #645, .T. ) ;
#600 = ORIENTED_EDGE ( 'NONE', *, *, #526, .T. ) ;
#601 = CARTESIAN_POINT ( 'NONE',  ( -3.420030934901122865, -1.086351708333333832, 0.2083333333333326487 ) ) ;
#602 = LINE ( 'NONE', #1923, #2882 ) ;
#603 = ORIENTED_EDGE ( 'NONE', *, *, #1860, .F. ) ;
#604 = CARTESIAN_POINT ( 'NONE',  ( 3.337289833333333622, -0.4613517083333331659, 0.1333333333333332760 ) ) ;
#605 = DIRECTION ( 'NONE',  ( -0.4999999999999955036, -0.7071067811865537900, -0.4999999999999955036 ) ) ;
#606 = CARTESIAN_POINT ( 'NONE',  ( 0.000000000000000000, 0.000000000000000000, 0.3333333333333333148 ) ) ;
#607 = CARTESIAN_POINT ( 'NONE',  ( 3.337289833333333622, -0.9613517083333332769, 0.3083333333333323489 ) ) ;
#608 = VECTOR ( 'NONE', #34, 39.37007874015748143 ) ;
#609 = LENGTH_MEASURE_WITH_UNIT ( LENGTH_MEASURE( 0.02539999999999999897 ), #1041 );
#610 = ADVANCED_FACE ( 'NONE', ( #2419 ), #2669, .F. ) ;
#611 = EDGE_LOOP ( 'NONE', ( #165, #1536, #939, #1564 ) ) ;
#612 = EDGE_CURVE ( 'NONE', #766, #1996, #1120, .T. ) ;
#613 = DIRECTION ( 'NONE',  ( 3.557480969809625971E-15, 0.8164965809277332509, 0.5773502691896155170 ) ) ;
#614 = ORIENTED_EDGE ( 'NONE', *, *, #2562, .F. ) ;
#615 = PLANE ( 'NONE',  #1427 ) ;
#616 = CARTESIAN_POINT ( 'NONE',  ( 3.247645172392661816, -1.219685041666666692, 0.1666666666666660468 ) ) ;
#617 = EDGE_LOOP ( 'NONE', ( #371, #1896, #1145, #118 ) ) ;
#618 = LINE ( 'NONE', #413, #725 ) ;
#619 = CARTESIAN_POINT ( 'NONE',  ( -3.462289833333333178, 1.394685041666667846, 0.1666666666666666852 ) ) ;
#620 = DIRECTION ( 'NONE',  ( 0.7071067811865475727, 0.000000000000000000, -0.7071067811865475727 ) ) ;
#621 = DIRECTION ( 'NONE',  ( 0.000000000000000000, 0.000000000000000000, 1.000000000000000000 ) ) ;
#622 = DIRECTION ( 'NONE',  ( -0.7071067811865470176, 0.000000000000000000, 0.7071067811865481278 ) ) ;
#623 = VECTOR ( 'NONE', #838, 39.37007874015748143 ) ;
#624 = EDGE_CURVE ( 'NONE', #2113, #2263, #221, .T. ) ;
#625 = ORIENTED_EDGE ( 'NONE', *, *, #1627, .F. ) ;
#626 = MANIFOLD_SOLID_BREP ( '#18 (0.1695) Diameter Hole1', #2064 ) ;
#627 = DIRECTION ( 'NONE',  ( -0.000000000000000000, 1.000000000000000000, -0.000000000000000000 ) ) ;
#628 = ORIENTED_EDGE ( 'NONE', *, *, #2243, .F. ) ;
#629 = CARTESIAN_POINT ( 'NONE',  ( 3.015623166666666854, -1.269685041666666736, 0.1666666633333332981 ) ) ;
#630 = AXIS2_PLACEMENT_3D ( 'NONE', #2262, #2323, #2751 ) ;
#631 = AXIS2_PLACEMENT_3D ( 'NONE', #1874, #1256, #2556 ) ;
#632 = DIRECTION ( 'NONE',  ( -0.5773502691896178485, 1.153777611830146080E-15, 0.8164965809277314746 ) ) ;
#633 = VERTEX_POINT ( 'NONE', #1027 ) ;
#634 = ADVANCED_FACE ( 'NONE', ( #641 ), #236, .F. ) ;
#635 = VECTOR ( 'NONE', #2015, 39.37007874015748143 ) ;
#636 = EDGE_CURVE ( 'NONE', #2850, #1482, #1246, .T. ) ;
#637 = DIRECTION ( 'NONE',  ( -0.7071067811865473507, 0.000000000000000000, -0.7071067811865476838 ) ) ;
#638 = ORIENTED_EDGE ( 'NONE', *, *, #636, .T. ) ;
#639 = DIRECTION ( 'NONE',  ( 0.000000000000000000, 0.7071067811865476838, 0.7071067811865473507 ) ) ;
#640 = DIRECTION ( 'NONE',  ( -0.000000000000000000, 1.000000000000000000, -0.000000000000000000 ) ) ;
#641 = FACE_OUTER_BOUND ( 'NONE', #1236, .T. ) ;
#642 = EDGE_LOOP ( 'NONE', ( #1367, #1804, #2310, #284 ) ) ;
#643 = CARTESIAN_POINT ( 'NONE',  ( 3.337289833333333622, -0.4613517083333331659, 0.3083333333333334592 ) ) ;
#644 = ORIENTED_EDGE ( 'NONE', *, *, #218, .F. ) ;
#645 = LINE ( 'NONE', #2195, #1659 ) ;
#646 = VECTOR ( 'NONE', #1841, 39.37007874015748143 ) ;
#647 = LINE ( 'NONE', #1525, #739 ) ;
#648 = VERTEX_POINT ( 'NONE', #1712 ) ;
#649 = DIRECTION ( 'NONE',  ( 0.5773502691896184036, 0.8164965809277311415, -1.722654073218627834E-16 ) ) ;
#650 = ORIENTED_EDGE ( 'NONE', *, *, #2053, .F. ) ;
#651 = EDGE_CURVE ( 'NONE', #1994, #2036, #1262, .T. ) ;
#652 = DIRECTION ( 'NONE',  ( -0.4999999999999914513, -0.7071067811865591191, 0.4999999999999922284 ) ) ;
#653 = CARTESIAN_POINT ( 'NONE',  ( -3.478956500000001562, -1.086351708333333388, 0.04166666666666694191 ) ) ;
#654 = FACE_OUTER_BOUND ( 'NONE', #1797, .T. ) ;
#655 = VERTEX_POINT ( 'NONE', #1013 ) ;
#656 = VECTOR ( 'NONE', #1071, 39.37007874015748143 ) ;
#657 = LINE ( 'NONE', #1074, #1796 ) ;
#658 = ORIENTED_EDGE ( 'NONE', *, *, #2089, .T. ) ;
#659 = DIRECTION ( 'NONE',  ( 0.000000000000000000, 0.000000000000000000, 1.000000000000000000 ) ) ;
#660 = FACE_BOUND ( 'NONE', #973, .T. ) ;
#661 = ORIENTED_EDGE ( 'NONE', *, *, #2153, .F. ) ;
#662 = FACE_OUTER_BOUND ( 'NONE', #328, .T. ) ;
#663 = CARTESIAN_POINT ( 'NONE',  ( -3.303956500000000407, -1.211351708333333388, 0.1666666666666669905 ) ) ;
#664 = ADVANCED_FACE ( 'NONE', ( #417, #2602, #147 ), #1292, .F. ) ;
#665 = ORIENTED_EDGE ( 'NONE', *, *, #891, .F. ) ;
#666 = DIRECTION ( 'NONE',  ( -0.000000000000000000, 0.000000000000000000, 1.000000000000000000 ) ) ;
#667 = LINE ( 'NONE', #2869, #887 ) ;
#668 = FACE_OUTER_BOUND ( 'NONE', #2017, .T. ) ;
#669 = EDGE_LOOP ( 'NONE', ( #408, #1941, #906, #2549, #47, #2577 ) ) ;
#670 = LINE ( 'NONE', #1553, #1424 ) ;
#671 = ORIENTED_EDGE ( 'NONE', *, *, #1395, .F. ) ;
#672 = CARTESIAN_POINT ( 'NONE',  ( 3.212289833333333178, 1.244685041666666603, 0.1666666666666666574 ) ) ;
#673 = PLANE ( 'NONE',  #1944 ) ;
#674 = ORIENTED_EDGE ( 'NONE', *, *, #2846, .T. ) ;
#675 = DIRECTION ( 'NONE',  ( -0.7071067811865479058, 0.000000000000000000, -0.7071067811865471286 ) ) ;
#676 = EDGE_CURVE ( 'NONE', #2514, #2454, #2178, .T. ) ;
#677 = CARTESIAN_POINT ( 'NONE',  ( -3.328956499999998986, 1.086351708333333388, 0.04166666666666651864 ) ) ;
#678 = VECTOR ( 'NONE', #1004, 39.37007874015748143 ) ;
#679 = ORIENTED_EDGE ( 'NONE', *, *, #11, .T. ) ;
#680 = VECTOR ( 'NONE', #1383, 39.37007874015748143 ) ;
#681 = CARTESIAN_POINT ( 'NONE',  ( -3.303956500000000407, 0.5046648513036703365, -0.5046648513036703365 ) ) ;
#682 = CARTESIAN_POINT ( 'NONE',  ( -3.303956500000000407, -0.9967070473926618046, 0.1666666666666668795 ) ) ;
#683 = AXIS2_PLACEMENT_3D ( 'NONE', #629, #1237, #1267 ) ;
#684 = ORIENTED_EDGE ( 'NONE', *, *, #1036, .F. ) ;
#685 = ADVANCED_FACE ( 'NONE', ( #1737 ), #2385, .F. ) ;
#686 = VECTOR ( 'NONE', #1098, 39.37007874015748854 ) ;
#687 = CARTESIAN_POINT ( 'NONE',  ( -3.170623166666667103, 1.253018375000000129, 0.3333333333333333148 ) ) ;
#688 = ORIENTED_EDGE ( 'NONE', *, *, #2658, .F. ) ;
#689 = CARTESIAN_POINT ( 'NONE',  ( -3.478956500000001562, 1.211351708333333610, 0.1666666666666666852 ) ) ;
#690 = ADVANCED_FACE ( 'NONE', ( #133 ), #1905, .F. ) ;
#691 = CARTESIAN_POINT ( 'NONE',  ( -3.462289833333333178, 1.394685041666667846, 0.1666666666666666852 ) ) ;
#692 = ORIENTED_EDGE ( 'NONE', *, *, #2358, .F. ) ;
#693 = VECTOR ( 'NONE', #568, 39.37007874015748143 ) ;
#694 = VECTOR ( 'NONE', #223, 39.37007874015748854 ) ;
#695 = DIRECTION ( 'NONE',  ( 0.5000000000000025535, -0.7071067811865435759, -0.5000000000000031086 ) ) ;
#696 = LINE ( 'NONE', #24, #1345 ) ;
#697 = ORIENTED_EDGE ( 'NONE', *, *, #779, .F. ) ;
#698 = CARTESIAN_POINT ( 'NONE',  ( 3.497645172392660928, -0.5863517083333332769, 0.3333333333333333148 ) ) ;
#699 = CARTESIAN_POINT ( 'NONE',  ( -3.478956500000001562, 1.086351708333333388, 0.04166666666666651864 ) ) ;
#700 = EDGE_LOOP ( 'NONE', ( #365, #2449, #1084, #1685 ) ) ;
#701 = DIRECTION ( 'NONE',  ( 0.7071067811865473507, 0.000000000000000000, 0.7071067811865476838 ) ) ;
#702 = ORIENTED_EDGE ( 'NONE', *, *, #1524, .T. ) ;
#703 = CARTESIAN_POINT ( 'NONE',  ( 3.337289833333332734, 1.219685041666666692, 0.07702200572599544881 ) ) ;
#704 = ORIENTED_EDGE ( 'NONE', *, *, #2568, .F. ) ;
#705 = DIRECTION ( 'NONE',  ( 0.000000000000000000, -0.7071067811865474617, -0.7071067811865474617 ) ) ;
#706 = DIRECTION ( 'NONE',  ( 0.000000000000000000, 0.7071067811865476838, -0.7071067811865473507 ) ) ;
#707 = VERTEX_POINT ( 'NONE', #1725 ) ;
#708 = CARTESIAN_POINT ( 'NONE',  ( 3.170623166666667103, 1.253018375000000129, 0.000000000000000000 ) ) ;
#709 = CARTESIAN_POINT ( 'NONE',  ( 1.916998440362998268, -1.916998440362998268, 0.1333333333333332760 ) ) ;
#710 = ORIENTED_EDGE ( 'NONE', *, *, #2393, .F. ) ;
#711 = CARTESIAN_POINT ( 'NONE',  ( 1.916998440362998268, -1.916998440362998268, 0.1333333333333332760 ) ) ;
#712 = EDGE_CURVE ( 'NONE', #13, #2503, #2855, .T. ) ;
#713 = ORIENTED_EDGE ( 'NONE', *, *, #1326, .T. ) ;
#714 = FACE_OUTER_BOUND ( 'NONE', #897, .T. ) ;
#715 = ORIENTED_EDGE ( 'NONE', *, *, #591, .T. ) ;
#716 = CARTESIAN_POINT ( 'NONE',  ( -3.503956500000000585, 1.419685041666666647, 0.000000000000000000 ) ) ;
#717 = CARTESIAN_POINT ( 'NONE',  ( 3.015623166666666854, -1.269685041666666736, 0.1666666633333332981 ) ) ;
#718 = CARTESIAN_POINT ( 'NONE',  ( -3.170623166666667103, 1.253018375000000129, 0.000000000000000000 ) ) ;
#719 = ADVANCED_FACE ( 'NONE', ( #577 ), #1468, .F. ) ;
#720 = AXIS2_PLACEMENT_3D ( 'NONE', #2645, #446, #1491 ) ;
#721 = ORIENTED_EDGE ( 'NONE', *, *, #1221, .T. ) ;
#722 = EDGE_CURVE ( 'NONE', #2736, #2180, #186, .T. ) ;
#723 = EDGE_CURVE ( 'NONE', #199, #742, #214, .T. ) ;
#724 = DIRECTION ( 'NONE',  ( -0.7071067811865471286, -0.7071067811865479058, 0.000000000000000000 ) ) ;
#725 = VECTOR ( 'NONE', #1094, 39.37007874015748143 ) ;
#726 = CARTESIAN_POINT ( 'NONE',  ( 2.256643101303662302, -2.256643101303672516, 0.1333333333333332760 ) ) ;
#727 = AXIS2_PLACEMENT_3D ( 'NONE', #1490, #2585, #588 ) ;
#728 = EDGE_LOOP ( 'NONE', ( #2236, #1363, #569, #1174 ) ) ;
#729 = FACE_OUTER_BOUND ( 'NONE', #700, .T. ) ;
#730 = EDGE_LOOP ( 'NONE', ( #1239, #2655, #1297, #1826 ) ) ;
#731 = CARTESIAN_POINT ( 'NONE',  ( -3.303956500000000407, -1.175996369274004971, 0.1666666666666669905 ) ) ;
#732 = ORIENTED_EDGE ( 'NONE', *, *, #1126, .F. ) ;
#733 = LINE ( 'NONE', #1617, #1422 ) ;
#734 = CARTESIAN_POINT ( 'NONE',  ( 2.860623166666667050, -1.269685041666666736, 0.1666666633333333536 ) ) ;
#735 = CARTESIAN_POINT ( 'NONE',  ( 1.170291392970330469, 1.170291392970334465, 0.1333333333333332760 ) ) ;
#736 = EDGE_CURVE ( 'NONE', #2000, #368, #1567, .T. ) ;
#737 = ORIENTED_EDGE ( 'NONE', *, *, #2484, .F. ) ;
#738 = ADVANCED_FACE ( 'NONE', ( #1592 ), #1533, .F. ) ;
#739 = VECTOR ( 'NONE', #424, 39.37007874015748854 ) ;
#740 = CARTESIAN_POINT ( 'NONE',  ( 3.337289833333333622, -0.4613517083333331659, 0.3083333333333334592 ) ) ;
#741 = EDGE_CURVE ( 'NONE', #19, #839, #2190, .T. ) ;
#742 = VERTEX_POINT ( 'NONE', #1337 ) ;
#743 = CARTESIAN_POINT ( 'NONE',  ( 1.630133913803663459, -1.219685041666666692, -1.630133913803669454 ) ) ;
#744 = ORIENTED_EDGE ( 'NONE', *, *, #1364, .F. ) ;
#745 = DIRECTION ( 'NONE',  ( 0.7071067811865480168, 0.000000000000000000, -0.7071067811865469066 ) ) ;
#746 = ADVANCED_FACE ( 'NONE', ( #1787 ), #870, .F. ) ;
#747 = ORIENTED_EDGE ( 'NONE', *, *, #1534, .F. ) ;
#748 = PLANE ( 'NONE',  #1327 ) ;
#749 = LINE ( 'NONE', #2604, #399 ) ;
#750 = VECTOR ( 'NONE', #2326, 39.37007874015748143 ) ;
#751 = FACE_OUTER_BOUND ( 'NONE', #565, .T. ) ;
#752 = ORIENTED_EDGE ( 'NONE', *, *, #285, .F. ) ;
#753 = EDGE_CURVE ( 'NONE', #1996, #1015, #885, .T. ) ;
#754 = DIRECTION ( 'NONE',  ( 0.4999999999999918399, 0.4999999999999918399, 0.7071067811865591191 ) ) ;
#755 = CARTESIAN_POINT ( 'NONE',  ( 3.337289833333333622, -1.219685041666666692, 0.2916666666666666297 ) ) ;
#756 = ORIENTED_EDGE ( 'NONE', *, *, #2779, .F. ) ;
#757 = PLANE ( 'NONE',  #2005 ) ;
#758 = ORIENTED_EDGE ( 'NONE', *, *, #308, .F. ) ;
#759 = ORIENTED_EDGE ( 'NONE', *, *, #9, .T. ) ;
#760 = EDGE_CURVE ( 'NONE', #1369, #484, #2033, .T. ) ;
#761 = CARTESIAN_POINT ( 'NONE',  ( 3.503956500000000585, 1.419685041666666647, 0.3333333333333333148 ) ) ;
#762 = VERTEX_POINT ( 'NONE', #431 ) ;
#763 = CARTESIAN_POINT ( 'NONE',  ( -3.462289833333333178, 1.219685041666666692, 0.1666666666666666852 ) ) ;
#764 = CARTESIAN_POINT ( 'NONE',  ( 3.337289833333333622, -1.219685041666666692, 0.04166666666666665741 ) ) ;
#765 = DIRECTION ( 'NONE',  ( 0.000000000000000000, 1.000000000000000000, 0.000000000000000000 ) ) ;
#766 = VERTEX_POINT ( 'NONE', #682 ) ;
#767 = ADVANCED_FACE ( 'NONE', ( #2460, #1976 ), #2710, .F. ) ;
#768 = CARTESIAN_POINT ( 'NONE',  ( 3.479967502862998607, -1.068674038803668402, 0.3333333333333333148 ) ) ;
#769 = FACE_OUTER_BOUND ( 'NONE', #137, .T. ) ;
#770 = VECTOR ( 'NONE', #247, 39.37007874015748854 ) ;
#771 = CARTESIAN_POINT ( 'NONE',  ( 3.212289833333333178, 1.394685041666666736, 0.1666666666666666574 ) ) ;
#772 = AXIS2_PLACEMENT_3D ( 'NONE', #286, #504, #724 ) ;
#773 = CARTESIAN_POINT ( 'NONE',  ( -3.170623166666666659, -1.169685041666666647, 0.3333333333333333148 ) ) ;
#774 = EDGE_LOOP ( 'NONE', ( #665, #886, #362, #2252 ) ) ;
#775 = VECTOR ( 'NONE', #2829, 39.37007874015748143 ) ;
#776 = DIRECTION ( 'NONE',  ( 0.7071067811865487940, 0.000000000000000000, -0.7071067811865462405 ) ) ;
#777 = ORIENTED_EDGE ( 'NONE', *, *, #925, .T. ) ;
#778 = CARTESIAN_POINT ( 'NONE',  ( 1.707155919529665056, -1.219685041666666692, 1.707155919529663946 ) ) ;
#779 = EDGE_CURVE ( 'NONE', #2102, #1482, #476, .T. ) ;
#780 = AXIS2_PLACEMENT_3D ( 'NONE', #389, #174, #2402 ) ;
#781 = FACE_OUTER_BOUND ( 'NONE', #782, .T. ) ;
#782 = EDGE_LOOP ( 'NONE', ( #1315, #833, #2109, #1456 ) ) ;
#783 = CARTESIAN_POINT ( 'NONE',  ( -3.303956500000000407, 0.000000000000000000, 0.000000000000000000 ) ) ;
#784 = DIRECTION ( 'NONE',  ( -0.7071067811865479058, 0.000000000000000000, 0.7071067811865471286 ) ) ;
#785 = LINE ( 'NONE', #1244, #2862 ) ;
#786 = CARTESIAN_POINT ( 'NONE',  ( -3.417467502862996831, 1.419685041666666647, 0.2468443361963297555 ) ) ;
#787 = ORIENTED_EDGE ( 'NONE', *, *, #585, .T. ) ;
#788 = CARTESIAN_POINT ( 'NONE',  ( 1.796800580470332864, 1.219685041666666692, 1.796800580470335529 ) ) ;
#789 = ORIENTED_EDGE ( 'NONE', *, *, #2374, .T. ) ;
#790 = EDGE_CURVE ( 'NONE', #921, #2457, #1757, .T. ) ;
#791 = FACE_OUTER_BOUND ( 'NONE', #2828, .T. ) ;
#792 = CARTESIAN_POINT ( 'NONE',  ( -3.303956500000000407, 1.211351708333333610, 0.1666666666666666852 ) ) ;
#793 = ORIENTED_EDGE ( 'NONE', *, *, #474, .T. ) ;
#794 = VECTOR ( 'NONE', #230, 39.37007874015748143 ) ;
#795 = LINE ( 'NONE', #1421, #1374 ) ;
#796 = CARTESIAN_POINT ( 'NONE',  ( -3.503956500000000585, 1.419685041666666647, 0.3333333333333333148 ) ) ;
#797 = CARTESIAN_POINT ( 'NONE',  ( 3.337289833333332734, 1.394685041666666736, 0.2916666666666663521 ) ) ;
#798 = PLANE ( 'NONE',  #2327 ) ;
#799 = CARTESIAN_POINT ( 'NONE',  ( 3.503956500000000585, 1.419685041666666647, 0.3333333333333333148 ) ) ;
#800 = ORIENTED_EDGE ( 'NONE', *, *, #1534, .T. ) ;
#801 = ADVANCED_FACE ( 'NONE', ( #654 ), #1353, .F. ) ;
#802 = ORIENTED_EDGE ( 'NONE', *, *, #722, .F. ) ;
#803 = CARTESIAN_POINT ( 'NONE',  ( -3.478956500000001562, 1.086351708333333388, 0.04166666666666651864 ) ) ;
#804 = DIRECTION ( 'NONE',  ( 0.000000000000000000, 0.7071067811865474617, 0.7071067811865474617 ) ) ;
#805 = ORIENTED_EDGE ( 'NONE', *, *, #2371, .F. ) ;
#806 = ADVANCED_FACE ( 'NONE', ( #668 ), #2663, .T. ) ;
#807 = DIRECTION ( 'NONE',  ( 0.8164965809277309194, -0.5773502691896187367, 4.358715422469441491E-15 ) ) ;
#808 = DIRECTION ( 'NONE',  ( 1.000000000000000000, 0.000000000000000000, -0.000000000000000000 ) ) ;
#809 = LINE ( 'NONE', #1039, #1554 ) ;
#810 = EDGE_CURVE ( 'NONE', #1176, #2850, #2219, .T. ) ;
#811 = EDGE_CURVE ( 'NONE', #2499, #1158, #1366, .T. ) ;
#812 = CARTESIAN_POINT ( 'NONE',  ( 3.337289833333332734, 1.244685041666666603, 0.04166666666666689334 ) ) ;
#813 = DIRECTION ( 'NONE',  ( 0.000000000000000000, -1.000000000000000000, 0.000000000000000000 ) ) ;
#814 = AXIS2_PLACEMENT_3D ( 'NONE', #1735, #2823, #1723 ) ;
#815 = ORIENTED_EDGE ( 'NONE', *, *, #1859, .F. ) ;
#816 = CARTESIAN_POINT ( 'NONE',  ( 3.170623166666667103, 1.253018375000000129, 0.3333333333333333148 ) ) ;
#817 = VECTOR ( 'NONE', #1081, 39.37007874015748854 ) ;
#818 = VECTOR ( 'NONE', #2497, 39.37007874015748854 ) ;
#819 = ORIENTED_EDGE ( 'NONE', *, *, #2801, .T. ) ;
#820 = CARTESIAN_POINT ( 'NONE',  ( 1.630133913803667012, 1.219685041666666692, -1.630133913803668788 ) ) ;
#821 = VECTOR ( 'NONE', #1897, 39.37007874015748143 ) ;
#822 = ORIENTED_EDGE ( 'NONE', *, *, #1099, .T. ) ;
#823 = ADVANCED_FACE ( 'NONE', ( #1130 ), #29, .F. ) ;
#824 = CARTESIAN_POINT ( 'NONE',  ( 3.212289833333333622, -1.394685041666666736, 0.1666666666666666574 ) ) ;
#825 = DIRECTION ( 'NONE',  ( -0.000000000000000000, 0.000000000000000000, -1.000000000000000000 ) ) ;
#826 = ADVANCED_FACE ( 'NONE', ( #1144 ), #1815, .F. ) ;
#827 = CARTESIAN_POINT ( 'NONE',  ( -3.478956500000001562, -1.211351708333333388, 0.1666666666666669905 ) ) ;
#828 = CARTESIAN_POINT ( 'NONE',  ( -1.540489252862997427, 1.219685041666666692, -1.540489252862996761 ) ) ;
#829 = AXIS2_PLACEMENT_3D ( 'NONE', #788, #1401, #745 ) ;
#830 = ORIENTED_EDGE ( 'NONE', *, *, #1258, .T. ) ;
#831 = VECTOR ( 'NONE', #411, 39.37007874015748143 ) ;
#832 = DIRECTION ( 'NONE',  ( 0.4999999999999973355, -0.4999999999999973355, 0.7071067811865513475 ) ) ;
#833 = ORIENTED_EDGE ( 'NONE', *, *, #2815, .F. ) ;
#834 = CARTESIAN_POINT ( 'NONE',  ( 3.503956500000000585, 1.419685041666666647, 0.3333333333333333148 ) ) ;
#835 = CARTESIAN_POINT ( 'NONE',  ( -3.328956499999998986, 0.9613517083333332769, 0.1666666666666667129 ) ) ;
#836 = ORIENTED_EDGE ( 'NONE', *, *, #1878, .F. ) ;
#837 = LINE ( 'NONE', #1706, #28 ) ;
#838 = DIRECTION ( 'NONE',  ( 0.7071067811865479058, 0.000000000000000000, -0.7071067811865471286 ) ) ;
#839 = VERTEX_POINT ( 'NONE', #2557 ) ;
#840 = PLANE ( 'NONE',  #1694 ) ;
#841 = LINE ( 'NONE', #197, #1772 ) ;
#842 = ORIENTED_EDGE ( 'NONE', *, *, #2675, .T. ) ;
#843 = DIRECTION ( 'NONE',  ( 0.7071067811865491270, 0.7071067811865459074, 0.000000000000000000 ) ) ;
#844 = EDGE_CURVE ( 'NONE', #1761, #1471, #1157, .T. ) ;
#845 = EDGE_LOOP ( 'NONE', ( #1282, #1642, #148, #305 ) ) ;
#846 = CARTESIAN_POINT ( 'NONE',  ( 3.337289833333333622, -0.9613517083333332769, 0.3083333333333323489 ) ) ;
#847 = EDGE_CURVE ( 'NONE', #2674, #2191, #1381, .T. ) ;
#848 = DIRECTION ( 'NONE',  ( 0.000000000000000000, -0.000000000000000000, -1.000000000000000000 ) ) ;
#849 = ORIENTED_EDGE ( 'NONE', *, *, #722, .T. ) ;
#850 = LINE ( 'NONE', #2851, #2630 ) ;
#851 = CARTESIAN_POINT ( 'NONE',  ( -3.478956500000001562, -0.9613517083333333879, 0.1666666666666669905 ) ) ;
#852 = DIRECTION ( 'NONE',  ( 0.5773502691896182926, 1.281975124255717100E-16, 0.8164965809277311415 ) ) ;
#853 = ADVANCED_FACE ( 'NONE', ( #2530 ), #1875, .F. ) ;
#854 = DIRECTION ( 'NONE',  ( -0.000000000000000000, -0.000000000000000000, -1.000000000000000000 ) ) ;
#855 = CARTESIAN_POINT ( 'NONE',  ( -3.503956500000000585, 1.419685041666666647, 0.3333333333333333148 ) ) ;
#856 = ORIENTED_EDGE ( 'NONE', *, *, #2445, .F. ) ;
#857 = CARTESIAN_POINT ( 'NONE',  ( 3.170623166666666659, -1.169685041666666647, 0.000000000000000000 ) ) ;
#858 = EDGE_LOOP ( 'NONE', ( #2330, #1830, #202, #2038 ) ) ;
#859 = CARTESIAN_POINT ( 'NONE',  ( -3.170623166666667103, 1.253018375000000129, 0.3333333333333333148 ) ) ;
#860 = VECTOR ( 'NONE', #2738, 39.37007874015748854 ) ;
#861 = AXIS2_PLACEMENT_3D ( 'NONE', #783, #2307, #967 ) ;
#862 = LINE ( 'NONE', #1064, #1386 ) ;
#863 = VECTOR ( 'NONE', #343, 39.37007874015748854 ) ;
#864 = ORIENTED_EDGE ( 'NONE', *, *, #1998, .F. ) ;
#865 = CIRCLE ( 'NONE', #2027, 0.1097500000000001114 ) ;
#866 = CARTESIAN_POINT ( 'NONE',  ( 3.212289833333333622, -1.086351708333333388, 0.3083333333333323489 ) ) ;
#867 = ORIENTED_EDGE ( 'NONE', *, *, #1364, .T. ) ;
#868 = DIRECTION ( 'NONE',  ( -0.7071067811865466846, 0.7071067811865483499, 0.000000000000000000 ) ) ;
#869 = DIRECTION ( 'NONE',  ( 0.000000000000000000, 0.000000000000000000, 1.000000000000000000 ) ) ;
#870 = PLANE ( 'NONE',  #1598 ) ;
#871 = ORIENTED_EDGE ( 'NONE', *, *, #2872, .T. ) ;
#872 = LINE ( 'NONE', #2447, #1001 ) ;
#873 = AXIS2_PLACEMENT_3D ( 'NONE', #1309, #2606, #1920 ) ;
#874 = VERTEX_POINT ( 'NONE', #1848 ) ;
#875 = CARTESIAN_POINT ( 'NONE',  ( 2.229067440627086061, 0.3726651250730089737, 0.1666666666666668795 ) ) ;
#876 = VECTOR ( 'NONE', #1664, 39.37007874015748854 ) ;
#877 = ADVANCED_FACE ( 'NONE', ( #769 ), #954, .F. ) ;
#878 = DIRECTION ( 'NONE',  ( 0.000000000000000000, -0.7071067811865474617, 0.7071067811865474617 ) ) ;
#879 = ORIENTED_EDGE ( 'NONE', *, *, #1770, .F. ) ;
#880 = CARTESIAN_POINT ( 'NONE',  ( 3.176934494274006759, -0.5863517083333324997, 0.3333333333333333148 ) ) ;
#881 = CARTESIAN_POINT ( 'NONE',  ( 3.212289833333333622, -1.086351708333333388, 0.1333333333333332760 ) ) ;
#882 = ORIENTED_EDGE ( 'NONE', *, *, #935, .T. ) ;
#883 = CARTESIAN_POINT ( 'NONE',  ( 3.337289833333345168, -0.3726651250730099174, -0.9415557260395469585 ) ) ;
#884 = DIRECTION ( 'NONE',  ( 0.5773502691896169603, 1.249925746149325331E-15, -0.8164965809277322517 ) ) ;
#885 = LINE ( 'NONE', #1581, #2863 ) ;
#886 = ORIENTED_EDGE ( 'NONE', *, *, #741, .T. ) ;
#887 = VECTOR ( 'NONE', #640, 39.37007874015748143 ) ;
#888 = DIRECTION ( 'NONE',  ( 0.7071067811865610064, -0.4999999999999905076, -0.4999999999999905076 ) ) ;
#889 = ORIENTED_EDGE ( 'NONE', *, *, #522, .F. ) ;
#890 = DIRECTION ( 'NONE',  ( 2.275505845553901180E-15, -0.5773502691896162942, -0.8164965809277328068 ) ) ;
#891 = EDGE_CURVE ( 'NONE', #19, #1042, #88, .T. ) ;
#892 = LINE ( 'NONE', #480, #321 ) ;
#893 = ORIENTED_EDGE ( 'NONE', *, *, #1221, .F. ) ;
#894 = DIRECTION ( 'NONE',  ( 0.000000000000000000, 0.7071067811865473507, -0.7071067811865476838 ) ) ;
#895 = DIRECTION ( 'NONE',  ( 6.089381840214652032E-16, -0.5773502691896191807, 0.8164965809277305864 ) ) ;
#896 = ADVANCED_FACE ( 'NONE', ( #1637 ), #331, .F. ) ;
#897 = EDGE_LOOP ( 'NONE', ( #586, #1152, #1441, #2644 ) ) ;
#898 = FACE_OUTER_BOUND ( 'NONE', #1431, .T. ) ;
#899 = DIRECTION ( 'NONE',  ( -0.000000000000000000, 0.000000000000000000, 1.000000000000000000 ) ) ;
#900 = ORIENTED_EDGE ( 'NONE', *, *, #2312, .F. ) ;
#901 = EDGE_CURVE ( 'NONE', #2031, #275, #287, .T. ) ;
#902 = FACE_OUTER_BOUND ( 'NONE', #965, .T. ) ;
#903 = ORIENTED_EDGE ( 'NONE', *, *, #204, .F. ) ;
#904 = LINE ( 'NONE', #859, #309 ) ;
#905 = CARTESIAN_POINT ( 'NONE',  ( -3.478956500000001562, -0.9613517083333333879, 0.1666666666666669905 ) ) ;
#906 = ORIENTED_EDGE ( 'NONE', *, *, #1799, .F. ) ;
#907 = AXIS2_PLACEMENT_3D ( 'NONE', #1023, #1437, #1914 ) ;
#908 = LINE ( 'NONE', #1349, #2494 ) ;
#909 = FACE_OUTER_BOUND ( 'NONE', #1128, .T. ) ;
#910 = VECTOR ( 'NONE', #1415, 39.37007874015748854 ) ;
#911 = VERTEX_POINT ( 'NONE', #1438 ) ;
#912 = VECTOR ( 'NONE', #1776, 39.37007874015748854 ) ;
#913 = LINE ( 'NONE', #1802, #487 ) ;
#914 = DIRECTION ( 'NONE',  ( 0.7071067811865532349, -0.4999999999999961142, -0.4999999999999958367 ) ) ;
#915 = ADVANCED_FACE ( 'NONE', ( #1213 ), #2722, .F. ) ;
#916 = EDGE_LOOP ( 'NONE', ( #864, #267, #539, #98 ) ) ;
#917 = AXIS2_PLACEMENT_3D ( 'NONE', #799, #1057, #1950 ) ;
#918 = LINE ( 'NONE', #508, #420 ) ;
#919 = ORIENTED_EDGE ( 'NONE', *, *, #496, .T. ) ;
#920 = FACE_BOUND ( 'NONE', #2468, .T. ) ;
#921 = VERTEX_POINT ( 'NONE', #113 ) ;
#922 = LINE ( 'NONE', #1811, #1932 ) ;
#923 = DIRECTION ( 'NONE',  ( -1.000000000000000000, -0.000000000000000000, -0.000000000000000000 ) ) ;
#924 = ORIENTED_EDGE ( 'NONE', *, *, #1857, .F. ) ;
#925 = EDGE_CURVE ( 'NONE', #2078, #1541, #968, .T. ) ;
#926 = CARTESIAN_POINT ( 'NONE',  ( -3.170623166666666659, -1.169685041666666647, 0.3333333333333333148 ) ) ;
#927 = DIRECTION ( 'NONE',  ( -0.000000000000000000, 1.000000000000000000, -0.000000000000000000 ) ) ;
#928 = ORIENTED_EDGE ( 'NONE', *, *, #712, .F. ) ;
#929 = PLANE ( 'NONE',  #1909 ) ;
#930 = ORIENTED_EDGE ( 'NONE', *, *, #1808, .F. ) ;
#931 = VECTOR ( 'NONE', #1172, 39.37007874015748143 ) ;
#932 = EDGE_CURVE ( 'NONE', #2341, #199, #1890, .T. ) ;
#933 = LINE ( 'NONE', #1821, #694 ) ;
#934 = VERTEX_POINT ( 'NONE', #1669 ) ;
#935 = EDGE_CURVE ( 'NONE', #2457, #655, #317, .T. ) ;
#936 = DIRECTION ( 'NONE',  ( 0.7071067811865480168, 0.000000000000000000, 0.7071067811865469066 ) ) ;
#937 = LINE ( 'NONE', #1109, #2348 ) ;
#938 = DIRECTION ( 'NONE',  ( -0.7071067811865474617, 0.000000000000000000, -0.7071067811865474617 ) ) ;
#939 = ORIENTED_EDGE ( 'NONE', *, *, #237, .T. ) ;
#940 = CARTESIAN_POINT ( 'NONE',  ( 3.337289833333333622, -0.4967070473926629148, 0.1333333333333332760 ) ) ;
#941 = DIRECTION ( 'NONE',  ( -0.7071067811865471286, 0.000000000000000000, -0.7071067811865479058 ) ) ;
#942 = ORIENTED_EDGE ( 'NONE', *, *, #544, .T. ) ;
#943 = DIRECTION ( 'NONE',  ( 0.4999999999999947820, -0.4999999999999942824, 0.7071067811865552333 ) ) ;
#944 = EDGE_LOOP ( 'NONE', ( #1511, #1028, #451, #2282 ) ) ;
#945 = CARTESIAN_POINT ( 'NONE',  ( 3.212289833333333622, -1.219685041666666692, 0.1666666666666666574 ) ) ;
#946 = EDGE_LOOP ( 'NONE', ( #756, #2279, #351, #1078 ) ) ;
#947 = FACE_OUTER_BOUND ( 'NONE', #2523, .T. ) ;
#948 = ADVANCED_FACE ( 'NONE', ( #2501 ), #1394, .F. ) ;
#949 = DIRECTION ( 'NONE',  ( 0.5000000000000034417, 0.5000000000000022204, 0.7071067811865435759 ) ) ;
#950 = AXIS2_PLACEMENT_3D ( 'NONE', #2531, #2119, #1670 ) ;
#951 = VERTEX_POINT ( 'NONE', #1623 ) ;
#952 = CARTESIAN_POINT ( 'NONE',  ( 2.166998440362998490, -2.166998440362996270, 0.1333333333333332760 ) ) ;
#953 = VECTOR ( 'NONE', #1502, 39.37007874015748143 ) ;
#954 = PLANE ( 'NONE',  #630 ) ;
#955 = ORIENTED_EDGE ( 'NONE', *, *, #1233, .F. ) ;
#956 = EDGE_CURVE ( 'NONE', #1066, #1035, #505, .T. ) ;
#957 = CARTESIAN_POINT ( 'NONE',  ( -3.478956500000001562, -1.086351708333333388, 0.2916666666666670182 ) ) ;
#958 = VECTOR ( 'NONE', #2011, 39.37007874015748854 ) ;
#959 = ORIENTED_EDGE ( 'NONE', *, *, #1234, .F. ) ;
#960 = ORIENTED_EDGE ( 'NONE', *, *, #1845, .T. ) ;
#961 = FACE_OUTER_BOUND ( 'NONE', #224, .T. ) ;
#962 = EDGE_CURVE ( 'NONE', #1674, #2194, #1201, .T. ) ;
#963 = DIRECTION ( 'NONE',  ( -0.000000000000000000, 1.000000000000000000, -0.000000000000000000 ) ) ;
#964 = DIRECTION ( 'NONE',  ( -0.7071067811865487940, 0.000000000000000000, 0.7071067811865462405 ) ) ;
#965 = EDGE_LOOP ( 'NONE', ( #244, #425, #2762, #1719 ) ) ;
#966 = VECTOR ( 'NONE', #878, 39.37007874015748854 ) ;
#967 = DIRECTION ( 'NONE',  ( 0.000000000000000000, 0.000000000000000000, 1.000000000000000000 ) ) ;
#968 = LINE ( 'NONE', #1183, #2112 ) ;
#969 = EDGE_LOOP ( 'NONE', ( #2084, #240, #1454, #1059 ) ) ;
#970 = CARTESIAN_POINT ( 'NONE',  ( 3.212289833333333622, -1.086351708333333388, 0.3083333333333323489 ) ) ;
#971 = ORIENTED_EDGE ( 'NONE', *, *, #1278, .F. ) ;
#972 = DIRECTION ( 'NONE',  ( -0.000000000000000000, -1.000000000000000000, -0.000000000000000000 ) ) ;
#973 = EDGE_LOOP ( 'NONE', ( #561, #1853, #1620, #2612 ) ) ;
#974 = ADVANCED_FACE ( 'NONE', ( #1409 ), #564, .F. ) ;
#975 = DIRECTION ( 'NONE',  ( -7.948245770385519973E-15, 0.8164965809277374698, -0.5773502691896094108 ) ) ;
#976 = CARTESIAN_POINT ( 'NONE',  ( 1.630133913803667012, 1.219685041666666692, -1.630133913803668788 ) ) ;
#977 = VECTOR ( 'NONE', #2805, 39.37007874015748143 ) ;
#978 = CARTESIAN_POINT ( 'NONE',  ( 3.015623166666666854, -1.169685041666666647, 0.1666666633333332981 ) ) ;
#979 = ORIENTED_EDGE ( 'NONE', *, *, #1020, .T. ) ;
#980 = CARTESIAN_POINT ( 'NONE',  ( -3.503956500000000585, 1.419685041666666647, 0.000000000000000000 ) ) ;
#981 = CARTESIAN_POINT ( 'NONE',  ( 1.707155919529662613, 1.219685041666666692, 1.707155919529664168 ) ) ;
#982 = DIRECTION ( 'NONE',  ( 0.7071067811865474617, 0.7071067811865474617, 0.000000000000000000 ) ) ;
#983 = CARTESIAN_POINT ( 'NONE',  ( 0.000000000000000000, 1.219685041666666692, 0.000000000000000000 ) ) ;
#984 = ORIENTED_EDGE ( 'NONE', *, *, #97, .T. ) ;
#985 = ADVANCED_FACE ( 'NONE', ( #1038 ), #1945, .F. ) ;
#986 = CARTESIAN_POINT ( 'NONE',  ( 3.212289833333333622, -1.394685041666666736, 0.1666666666666666574 ) ) ;
#987 = VERTEX_POINT ( 'NONE', #386 ) ;
#988 = DIRECTION ( 'NONE',  ( -0.7071067811865479058, 0.7071067811865471286, 0.000000000000000000 ) ) ;
#989 = PLANE ( 'NONE',  #33 ) ;
#990 = PLANE ( 'NONE',  #2835 ) ;
#991 = VECTOR ( 'NONE', #2213, 39.37007874015748854 ) ;
#992 = ORIENTED_EDGE ( 'NONE', *, *, #1122, .F. ) ;
#993 = DIRECTION ( 'NONE',  ( -0.7071067811865474617, 0.000000000000000000, 0.7071067811865474617 ) ) ;
#994 = DIRECTION ( 'NONE',  ( 0.7071067811865491270, 0.7071067811865459074, 0.000000000000000000 ) ) ;
#995 = VECTOR ( 'NONE', #927, 39.37007874015748143 ) ;
#996 = FACE_OUTER_BOUND ( 'NONE', #969, .T. ) ;
#997 = VECTOR ( 'NONE', #1079, 39.37007874015748143 ) ;
#998 = DIRECTION ( 'NONE',  ( -0.7071067811865476838, 0.000000000000000000, 0.7071067811865473507 ) ) ;
#999 = EDGE_CURVE ( 'NONE', #2850, #2036, #357, .T. ) ;
#1000 = ORIENTED_EDGE ( 'NONE', *, *, #1194, .T. ) ;
#1001 = VECTOR ( 'NONE', #1279, 39.37007874015748854 ) ;
#1002 = CARTESIAN_POINT ( 'NONE',  ( 3.462289833333333178, -0.5863517083333332769, 0.1333333333333332760 ) ) ;
#1003 = VERTEX_POINT ( 'NONE', #1068 ) ;
#1004 = DIRECTION ( 'NONE',  ( 0.7071067811865466846, -0.7071067811865483499, 0.000000000000000000 ) ) ;
#1005 = CARTESIAN_POINT ( 'NONE',  ( -3.478956500000001562, 1.211351708333333610, 0.1666666666666666852 ) ) ;
#1006 = ORIENTED_EDGE ( 'NONE', *, *, #2788, .T. ) ;
#1007 = CARTESIAN_POINT ( 'NONE',  ( -3.303956500000000407, -0.4150201903629972544, -0.4150201903629974765 ) ) ;
#1008 = DIRECTION ( 'NONE',  ( 0.7071067811865474617, 0.7071067811865474617, -0.000000000000000000 ) ) ;
#1009 = AXIS2_PLACEMENT_3D ( 'NONE', #2126, #84, #2111 ) ;
#1010 = ORIENTED_EDGE ( 'NONE', *, *, #1784, .F. ) ;
#1011 = ADVANCED_FACE ( 'NONE', ( #1902 ), #2336, .F. ) ;
#1012 = DIRECTION ( 'NONE',  ( -0.7071067811865477948, 0.000000000000000000, -0.7071067811865473507 ) ) ;
#1013 = CARTESIAN_POINT ( 'NONE',  ( 3.462289833333334066, -1.394685041666666736, 0.1666666666666666574 ) ) ;
#1014 = VERTEX_POINT ( 'NONE', #2791 ) ;
#1015 = VERTEX_POINT ( 'NONE', #1288 ) ;
#1016 = LINE ( 'NONE', #1730, #2587 ) ;
#1017 = EDGE_CURVE ( 'NONE', #1158, #1865, #183, .T. ) ;
#1018 = CARTESIAN_POINT ( 'NONE',  ( 3.337289833333333622, -0.4613517083333331659, 0.1583333333333340753 ) ) ;
#1019 = ADVANCED_FACE ( 'NONE', ( #370, #1927, #2821 ), #1450, .F. ) ;
#1020 = EDGE_CURVE ( 'NONE', #1015, #2080, #1707, .T. ) ;
#1021 = EDGE_LOOP ( 'NONE', ( #39, #1222, #2134, #777 ) ) ;
#1022 = AXIS2_PLACEMENT_3D ( 'NONE', #1097, #404, #869 ) ;
#1023 = CARTESIAN_POINT ( 'NONE',  ( -3.337289833333333622, 1.219685041666666692, 0.2916666666666666297 ) ) ;
#1024 = CARTESIAN_POINT ( 'NONE',  ( 2.006643101303668075, -2.006643101303668075, 0.1333333333333332760 ) ) ;
#1025 = CARTESIAN_POINT ( 'NONE',  ( -3.497645172392659596, 1.419685041666666647, 0.1666666666666667684 ) ) ;
#1026 = FACE_OUTER_BOUND ( 'NONE', #2339, .T. ) ;
#1027 = CARTESIAN_POINT ( 'NONE',  ( -3.212289833333333622, 1.394685041666667846, 0.1666666666666666852 ) ) ;
#1028 = ORIENTED_EDGE ( 'NONE', *, *, #329, .T. ) ;
#1029 = VERTEX_POINT ( 'NONE', #2382 ) ;
#1030 = LINE ( 'NONE', #570, #2682 ) ;
#1031 = EDGE_CURVE ( 'NONE', #766, #2629, #169, .T. ) ;
#1032 = EDGE_CURVE ( 'NONE', #1568, #839, #143, .T. ) ;
#1033 = DIRECTION ( 'NONE',  ( 0.000000000000000000, 0.7071067811865475727, -0.7071067811865475727 ) ) ;
#1034 = EDGE_CURVE ( 'NONE', #2629, #2861, #1681, .T. ) ;
#1035 = VERTEX_POINT ( 'NONE', #2570 ) ;
#1036 = EDGE_CURVE ( 'NONE', #1541, #279, #574, .T. ) ;
#1037 = DIRECTION ( 'NONE',  ( 0.7071067811865473507, 0.000000000000000000, -0.7071067811865476838 ) ) ;
#1038 = FACE_OUTER_BOUND ( 'NONE', #1528, .T. ) ;
#1039 = CARTESIAN_POINT ( 'NONE',  ( 3.337289833333333622, -1.211351708333333166, 0.1333333333333332760 ) ) ;
#1040 = LINE ( 'NONE', #334, #1675 ) ;
#1041 =( LENGTH_UNIT ( ) NAMED_UNIT ( * ) SI_UNIT ( $, .METRE. ) );
#1042 = VERTEX_POINT ( 'NONE', #1462 ) ;
#1043 = DIRECTION ( 'NONE',  ( 0.7071067811865474617, 0.7071067811865474617, 0.000000000000000000 ) ) ;
#1044 = AXIS2_PLACEMENT_3D ( 'NONE', #1483, #2387, #2512 ) ;
#1045 = ORIENTED_EDGE ( 'NONE', *, *, #2880, .F. ) ;
#1046 = CARTESIAN_POINT ( 'NONE',  ( -3.503956500000000585, 1.419685041666666647, 0.3333333333333333148 ) ) ;
#1047 = FACE_OUTER_BOUND ( 'NONE', #1851, .T. ) ;
#1048 = VECTOR ( 'NONE', #1498, 39.37007874015748854 ) ;
#1049 = EDGE_LOOP ( 'NONE', ( #1231, #1294, #1908, #1116 ) ) ;
#1050 = AXIS2_PLACEMENT_3D ( 'NONE', #855, #813, #1306 ) ;
#1051 = DIRECTION ( 'NONE',  ( -0.7071067811865479058, 0.000000000000000000, -0.7071067811865471286 ) ) ;
#1052 = CARTESIAN_POINT ( 'NONE',  ( 3.462289833333333178, -0.5863517083333332769, 0.1333333333333332760 ) ) ;
#1053 = ORIENTED_EDGE ( 'NONE', *, *, #1679, .F. ) ;
#1054 = LINE ( 'NONE', #883, #817 ) ;
#1055 = EDGE_CURVE ( 'NONE', #1035, #1444, #2350, .T. ) ;
#1056 = CARTESIAN_POINT ( 'NONE',  ( -3.503956500000000585, 1.419685041666666647, 0.3333333333333333148 ) ) ;
#1057 = DIRECTION ( 'NONE',  ( -1.000000000000000000, 0.000000000000000000, 0.000000000000000000 ) ) ;
#1058 = ADVANCED_FACE ( 'NONE', ( #2803 ), #2614, .F. ) ;
#1059 = ORIENTED_EDGE ( 'NONE', *, *, #844, .F. ) ;
#1060 = AXIS2_PLACEMENT_3D ( 'NONE', #2748, #1446, #1220 ) ;
#1061 = LINE ( 'NONE', #687, #2541 ) ;
#1062 = ORIENTED_EDGE ( 'NONE', *, *, #676, .T. ) ;
#1063 = CARTESIAN_POINT ( 'NONE',  ( 2.860623166666667050, -1.169685041666666647, 0.1666666633333333536 ) ) ;
#1064 = CARTESIAN_POINT ( 'NONE',  ( -3.499598893956670231, 1.086351708333333832, 0.5329914545160081563 ) ) ;
#1065 = ADVANCED_FACE ( 'NONE', ( #2144 ), #1979, .F. ) ;
#1066 = VERTEX_POINT ( 'NONE', #1272 ) ;
#1067 = FACE_OUTER_BOUND ( 'NONE', #946, .T. ) ;
#1068 = CARTESIAN_POINT ( 'NONE',  ( 3.170623166666667103, 1.253018375000000129, 0.3333333333333333148 ) ) ;
#1069 = PLANE ( 'NONE',  #1087 ) ;
#1070 = AXIS2_PLACEMENT_3D ( 'NONE', #743, #1850, #1356 ) ;
#1071 = DIRECTION ( 'NONE',  ( 0.000000000000000000, -0.7071067811865476838, -0.7071067811865473507 ) ) ;
#1072 = CARTESIAN_POINT ( 'NONE',  ( 3.378956499999998808, -1.086351708333332278, 0.2494077682344547353 ) ) ;
#1073 = ORIENTED_EDGE ( 'NONE', *, *, #418, .T. ) ;
#1074 = CARTESIAN_POINT ( 'NONE',  ( 3.462289833333334066, -1.086351708333333388, 0.3083333333333323489 ) ) ;
#1075 = ORIENTED_EDGE ( 'NONE', *, *, #171, .F. ) ;
#1076 = DIRECTION ( 'NONE',  ( -0.7071067811865473507, 0.000000000000000000, -0.7071067811865476838 ) ) ;
#1077 = DIRECTION ( 'NONE',  ( -0.7071067811865491270, -0.7071067811865459074, 0.000000000000000000 ) ) ;
#1078 = ORIENTED_EDGE ( 'NONE', *, *, #1679, .T. ) ;
#1079 = DIRECTION ( 'NONE',  ( -1.000000000000000000, -0.000000000000000000, -0.000000000000000000 ) ) ;
#1080 = ORIENTED_EDGE ( 'NONE', *, *, #333, .F. ) ;
#1081 = DIRECTION ( 'NONE',  ( -7.403406342576745518E-15, -0.5773502691896228445, 0.8164965809277279218 ) ) ;
#1082 = CARTESIAN_POINT ( 'NONE',  ( 3.337289833333333622, -0.4259963692740055818, 0.3333333333333333148 ) ) ;
#1083 = DIRECTION ( 'NONE',  ( 0.000000000000000000, -0.7071067811865474617, 0.7071067811865474617 ) ) ;
#1084 = ORIENTED_EDGE ( 'NONE', *, *, #2539, .F. ) ;
#1085 = ADVANCED_FACE ( 'NONE', ( #2366 ), #1257, .F. ) ;
#1086 = CARTESIAN_POINT ( 'NONE',  ( 3.337289833333332734, 1.219685041666666692, 0.04166666666666689334 ) ) ;
#1087 = AXIS2_PLACEMENT_3D ( 'NONE', #428, #1096, #1316 ) ;
#1088 = ORIENTED_EDGE ( 'NONE', *, *, #548, .F. ) ;
#1089 = DIRECTION ( 'NONE',  ( 0.000000000000000000, -0.7071067811865476838, -0.7071067811865473507 ) ) ;
#1090 = AXIS2_PLACEMENT_3D ( 'NONE', #2569, #563, #1449 ) ;
#1091 = LINE ( 'NONE', #1955, #2506 ) ;
#1092 = AXIS2_PLACEMENT_3D ( 'NONE', #1782, #695, #675 ) ;
#1093 = VERTEX_POINT ( 'NONE', #281 ) ;
#1094 = DIRECTION ( 'NONE',  ( 0.000000000000000000, 0.7071067811865476838, 0.7071067811865473507 ) ) ;
#1095 = ORIENTED_EDGE ( 'NONE', *, *, #1126, .T. ) ;
#1096 = DIRECTION ( 'NONE',  ( -0.000000000000000000, 0.000000000000000000, 1.000000000000000000 ) ) ;
#1097 = CARTESIAN_POINT ( 'NONE',  ( 3.015623166666666854, -1.419685041666666647, 0.1666666633333332981 ) ) ;
#1098 = DIRECTION ( 'NONE',  ( 0.7071067811865474617, -0.7071067811865474617, 0.000000000000000000 ) ) ;
#1099 = EDGE_CURVE ( 'NONE', #2240, #2873, #937, .T. ) ;
#1100 = ORIENTED_EDGE ( 'NONE', *, *, #2877, .T. ) ;
#1101 = LINE ( 'NONE', #1086, #2118 ) ;
#1102 = VERTEX_POINT ( 'NONE', #1767 ) ;
#1103 = DIRECTION ( 'NONE',  ( 0.000000000000000000, -0.000000000000000000, 1.000000000000000000 ) ) ;
#1104 = VECTOR ( 'NONE', #243, 39.37007874015748854 ) ;
#1105 = ADVANCED_FACE ( 'NONE', ( #441 ), #2691, .F. ) ;
#1106 = CARTESIAN_POINT ( 'NONE',  ( 2.860623166666667050, -1.269685041666666736, 0.1666666633333333536 ) ) ;
#1107 = EDGE_LOOP ( 'NONE', ( #979, #1251, #2648, #836 ) ) ;
#1108 = ADVANCED_FACE ( 'NONE', ( #2273 ), #2656, .F. ) ;
#1109 = CARTESIAN_POINT ( 'NONE',  ( -3.303956500000000407, -1.086351708333333388, 0.04166666666666694191 ) ) ;
#1110 = LINE ( 'NONE', #227, #1838 ) ;
#1111 = EDGE_CURVE ( 'NONE', #1585, #279, #10, .T. ) ;
#1112 = ORIENTED_EDGE ( 'NONE', *, *, #1326, .F. ) ;
#1113 = LINE ( 'NONE', #2600, #1834 ) ;
#1114 = LINE ( 'NONE', #1990, #2560 ) ;
#1115 = CARTESIAN_POINT ( 'NONE',  ( 2.089172426738185706, -0.5863517083333251723, -0.8126072962353442231 ) ) ;
#1116 = ORIENTED_EDGE ( 'NONE', *, *, #2053, .T. ) ;
#1117 = VECTOR ( 'NONE', #1532, 39.37007874015748854 ) ;
#1118 = DIRECTION ( 'NONE',  ( -0.000000000000000000, 1.000000000000000000, -0.000000000000000000 ) ) ;
#1119 = ORIENTED_EDGE ( 'NONE', *, *, #2424, .T. ) ;
#1120 = LINE ( 'NONE', #1793, #2777 ) ;
#1121 = DIRECTION ( 'NONE',  ( 0.000000000000000000, 0.7071067811865476838, 0.7071067811865473507 ) ) ;
#1122 = EDGE_CURVE ( 'NONE', #1176, #2034, #1577, .T. ) ;
#1123 = ORIENTED_EDGE ( 'NONE', *, *, #2605, .F. ) ;
#1124 = ADVANCED_FACE ( 'NONE', ( #662 ), #1332, .F. ) ;
#1125 = CARTESIAN_POINT ( 'NONE',  ( 3.337289833333334066, -1.246707047392663359, 0.3333333333333333148 ) ) ;
#1126 = EDGE_CURVE ( 'NONE', #707, #377, #865, .T. ) ;
#1127 = PLANE ( 'NONE',  #2596 ) ;
#1128 = EDGE_LOOP ( 'NONE', ( #1953, #2666, #710, #879 ) ) ;
#1129 = FACE_OUTER_BOUND ( 'NONE', #2256, .T. ) ;
#1130 = FACE_OUTER_BOUND ( 'NONE', #611, .T. ) ;
#1131 = ORIENTED_EDGE ( 'NONE', *, *, #1407, .F. ) ;
#1132 = DIRECTION ( 'NONE',  ( -0.7071067811865472397, 0.000000000000000000, 0.7071067811865476838 ) ) ;
#1133 = ORIENTED_EDGE ( 'NONE', *, *, #1576, .F. ) ;
#1134 = DIRECTION ( 'NONE',  ( 0.7071067811865621167, -0.4999999999999896194, 0.4999999999999898415 ) ) ;
#1135 = AXIS2_PLACEMENT_3D ( 'NONE', #2059, #1170, #69 ) ;
#1136 = ORIENTED_EDGE ( 'NONE', *, *, #1032, .T. ) ;
#1137 = EDGE_CURVE ( 'NONE', #1343, #1946, #1166, .T. ) ;
#1138 = AXIS2_PLACEMENT_3D ( 'NONE', #2076, #56, #1814 ) ;
#1139 = CARTESIAN_POINT ( 'NONE',  ( -3.303956500000000407, -0.6713315179703357449, 0.6713315179703359670 ) ) ;
#1140 = LINE ( 'NONE', #2002, #271 ) ;
#1141 = ORIENTED_EDGE ( 'NONE', *, *, #295, .F. ) ;
#1142 = VECTOR ( 'NONE', #2540, 39.37007874015748854 ) ;
#1143 = CARTESIAN_POINT ( 'NONE',  ( 2.860623166666667050, -1.169685041666666647, 0.3333333333333333148 ) ) ;
#1144 = FACE_OUTER_BOUND ( 'NONE', #1555, .T. ) ;
#1145 = ORIENTED_EDGE ( 'NONE', *, *, #2204, .F. ) ;
#1146 = EDGE_CURVE ( 'NONE', #2519, #337, #1562, .T. ) ;
#1147 = AXIS2_PLACEMENT_3D ( 'NONE', #1311, #203, #1089 ) ;
#1148 = FACE_OUTER_BOUND ( 'NONE', #1587, .T. ) ;
#1149 = EDGE_CURVE ( 'NONE', #2861, #911, #1603, .T. ) ;
#1150 = VERTEX_POINT ( 'NONE', #1125 ) ;
#1151 = FACE_OUTER_BOUND ( 'NONE', #2289, .T. ) ;
#1152 = ORIENTED_EDGE ( 'NONE', *, *, #171, .T. ) ;
#1153 = CARTESIAN_POINT ( 'NONE',  ( -3.462289833333333178, 1.244685041666665493, 0.1666666666666666852 ) ) ;
#1154 = PLANE ( 'NONE',  #580 ) ;
#1155 = ORIENTED_EDGE ( 'NONE', *, *, #1055, .F. ) ;
#1156 = CARTESIAN_POINT ( 'NONE',  ( -3.212289833333333622, 1.244685041666665493, 0.1666666666666666852 ) ) ;
#1157 = LINE ( 'NONE', #2292, #257 ) ;
#1158 = VERTEX_POINT ( 'NONE', #880 ) ;
#1159 = DIRECTION ( 'NONE',  ( -0.000000000000000000, -0.000000000000000000, -1.000000000000000000 ) ) ;
#1160 = VERTEX_POINT ( 'NONE', #2455 ) ;
#1161 = EDGE_CURVE ( 'NONE', #2477, #2850, #908, .T. ) ;
#1162 = VECTOR ( 'NONE', #854, 39.37007874015748143 ) ;
#1163 = CARTESIAN_POINT ( 'NONE',  ( 3.212289833333333178, 1.394685041666666736, 0.1666666666666666574 ) ) ;
#1164 = ORIENTED_EDGE ( 'NONE', *, *, #41, .F. ) ;
#1165 = LINE ( 'NONE', #763, #2538 ) ;
#1166 = LINE ( 'NONE', #254, #2163 ) ;
#1167 = FACE_OUTER_BOUND ( 'NONE', #2367, .T. ) ;
#1168 = ORIENTED_EDGE ( 'NONE', *, *, #307, .F. ) ;
#1169 = CARTESIAN_POINT ( 'NONE',  ( 1.080646732029663770, 1.080646732029663770, 0.1333333333333332760 ) ) ;
#1170 = DIRECTION ( 'NONE',  ( 0.000000000000000000, -0.7071067811865473507, 0.7071067811865476838 ) ) ;
#1171 = ORIENTED_EDGE ( 'NONE', *, *, #2093, .F. ) ;
#1172 = DIRECTION ( 'NONE',  ( -0.000000000000000000, -0.000000000000000000, -1.000000000000000000 ) ) ;
#1173 = EDGE_CURVE ( 'NONE', #2014, #1160, #2001, .T. ) ;
#1174 = ORIENTED_EDGE ( 'NONE', *, *, #2528, .T. ) ;
#1175 = CARTESIAN_POINT ( 'NONE',  ( -3.478956500000001562, -1.086351708333333388, 0.04166666666666694191 ) ) ;
#1176 = VERTEX_POINT ( 'NONE', #40 ) ;
#1177 = FACE_OUTER_BOUND ( 'NONE', #2681, .T. ) ;
#1178 = DIRECTION ( 'NONE',  ( 0.7071067811865474617, 0.7071067811865474617, 0.000000000000000000 ) ) ;
#1179 = CARTESIAN_POINT ( 'NONE',  ( -3.328956499999998986, 0.9613517083333332769, 0.1666666666666667129 ) ) ;
#1180 = ORIENTED_EDGE ( 'NONE', *, *, #379, .F. ) ;
#1181 = DIRECTION ( 'NONE',  ( -0.7071067811865487940, 0.000000000000000000, -0.7071067811865462405 ) ) ;
#1182 = VECTOR ( 'NONE', #2286, 39.37007874015748143 ) ;
#1183 = CARTESIAN_POINT ( 'NONE',  ( 2.256643101303661858, -2.256643101303672516, 0.1333333333333332760 ) ) ;
#1184 = AXIS2_PLACEMENT_3D ( 'NONE', #83, #2086, #2760 ) ;
#1185 = ORIENTED_EDGE ( 'NONE', *, *, #676, .F. ) ;
#1186 = CARTESIAN_POINT ( 'NONE',  ( -3.303956500000000407, 0.4150201903629962552, -0.4150201903629963662 ) ) ;
#1187 = VECTOR ( 'NONE', #2360, 39.37007874015748854 ) ;
#1188 = EDGE_CURVE ( 'NONE', #2113, #1384, #2229, .T. ) ;
#1189 = ORIENTED_EDGE ( 'NONE', *, *, #2283, .T. ) ;
#1190 = AXIS2_PLACEMENT_3D ( 'NONE', #2354, #622, #361 ) ;
#1191 = LENGTH_MEASURE_WITH_UNIT ( LENGTH_MEASURE( 0.02539999999999999897 ), #2743 );
#1192 = ORIENTED_EDGE ( 'NONE', *, *, #2153, .T. ) ;
#1193 = DIRECTION ( 'NONE',  ( 1.000000000000000000, 2.255206291344518547E-16, -0.000000000000000000 ) ) ;
#1194 = EDGE_CURVE ( 'NONE', #742, #2408, #922, .T. ) ;
#1195 = CARTESIAN_POINT ( 'NONE',  ( 1.796800580470330422, -1.219685041666666692, 1.796800580470336861 ) ) ;
#1196 = CARTESIAN_POINT ( 'NONE',  ( -3.503956500000000585, 1.416529377862996597, 0.3364889971370033650 ) ) ;
#1197 = VECTOR ( 'NONE', #2026, 39.37007874015748143 ) ;
#1198 = ORIENTED_EDGE ( 'NONE', *, *, #1770, .T. ) ;
#1199 = AXIS2_PLACEMENT_3D ( 'NONE', #2478, #1574, #1540 ) ;
#1200 = LINE ( 'NONE', #1212, #122 ) ;
#1201 = LINE ( 'NONE', #2091, #489 ) ;
#1202 = EDGE_CURVE ( 'NONE', #2328, #2507, #2480, .T. ) ;
#1203 = CARTESIAN_POINT ( 'NONE',  ( -3.066055207611120270, -0.8395531350715503827, 0.1666666666666664909 ) ) ;
#1204 = CARTESIAN_POINT ( 'NONE',  ( 3.212289833333333622, -1.219685041666666692, 0.1666666666666666574 ) ) ;
#1205 = EDGE_LOOP ( 'NONE', ( #2615, #1100, #253, #558 ) ) ;
#1206 = CARTESIAN_POINT ( 'NONE',  ( 3.462289833333333178, -0.5863517083333332769, 0.1583333333333341586 ) ) ;
#1207 = ORIENTED_EDGE ( 'NONE', *, *, #1548, .F. ) ;
#1208 = PLANE ( 'NONE',  #2818 ) ;
#1209 = PLANE ( 'NONE',  #2772 ) ;
#1210 = DIRECTION ( 'NONE',  ( -0.7071067811865466846, 0.7071067811865483499, 0.000000000000000000 ) ) ;
#1211 = ORIENTED_EDGE ( 'NONE', *, *, #2680, .F. ) ;
#1212 = CARTESIAN_POINT ( 'NONE',  ( 3.319612163803668636, -0.9436740388036686245, 0.3333333333333333148 ) ) ;
#1213 = FACE_OUTER_BOUND ( 'NONE', #1886, .T. ) ;
#1214 = DIRECTION ( 'NONE',  ( -0.4999999999999851785, 0.4999999999999874545, 0.7071067811865670016 ) ) ;
#1215 = FACE_OUTER_BOUND ( 'NONE', #2713, .T. ) ;
#1216 = ORIENTED_EDGE ( 'NONE', *, *, #999, .F. ) ;
#1217 = CARTESIAN_POINT ( 'NONE',  ( 3.194612163803668636, -1.104029377862998373, 0.3333333333333333148 ) ) ;
#1218 = EDGE_LOOP ( 'NONE', ( #2603, #195, #402, #2046 ) ) ;
#1219 = DIRECTION ( 'NONE',  ( -0.000000000000000000, 1.000000000000000000, -0.000000000000000000 ) ) ;
#1220 = DIRECTION ( 'NONE',  ( -0.7071067811865486830, 0.7071067811865462405, -0.000000000000000000 ) ) ;
#1221 = EDGE_CURVE ( 'NONE', #874, #1226, #268, .T. ) ;
#1222 = ORIENTED_EDGE ( 'NONE', *, *, #1925, .T. ) ;
#1223 = CARTESIAN_POINT ( 'NONE',  ( 3.212289833333333622, -1.086351708333333388, 0.3083333333333323489 ) ) ;
#1224 = DIRECTION ( 'NONE',  ( -0.5773502691896172934, 0.8164965809277320297, -4.358715422469464368E-15 ) ) ;
#1225 = AXIS2_PLACEMENT_3D ( 'NONE', #1829, #534, #2308 ) ;
#1226 = VERTEX_POINT ( 'NONE', #52 ) ;
#1227 = CIRCLE ( 'NONE', #1138, 0.1549999999999998601 ) ;
#1228 = FACE_OUTER_BOUND ( 'NONE', #2444, .T. ) ;
#1229 = VECTOR ( 'NONE', #1224, 39.37007874015748143 ) ;
#1230 = EDGE_CURVE ( 'NONE', #377, #707, #2072, .T. ) ;
#1231 = ORIENTED_EDGE ( 'NONE', *, *, #2373, .T. ) ;
#1232 = VECTOR ( 'NONE', #1433, 39.37007874015748143 ) ;
#1233 = EDGE_CURVE ( 'NONE', #2410, #2171, #598, .T. ) ;
#1234 = EDGE_CURVE ( 'NONE', #2457, #2275, #749, .T. ) ;
#1235 = LINE ( 'NONE', #1217, #1612 ) ;
#1236 = EDGE_LOOP ( 'NONE', ( #1590, #2142, #467, #2124 ) ) ;
#1237 = DIRECTION ( 'NONE',  ( -0.000000000000000000, 1.000000000000000000, -0.000000000000000000 ) ) ;
#1238 = CARTESIAN_POINT ( 'NONE',  ( 3.176934494274004095, -1.086351708333333388, 0.3333333333333333148 ) ) ;
#1239 = ORIENTED_EDGE ( 'NONE', *, *, #1416, .F. ) ;
#1240 = CARTESIAN_POINT ( 'NONE',  ( 3.378956500000000140, -1.335759476567788484, 0.1666666666666662133 ) ) ;
#1241 = VECTOR ( 'NONE', #776, 39.37007874015748143 ) ;
#1242 = CARTESIAN_POINT ( 'NONE',  ( -0.2468443361963346683, 1.419685041666666647, 3.590445497137002562 ) ) ;
#1243 = VECTOR ( 'NONE', #2707, 39.37007874015748143 ) ;
#1244 = CARTESIAN_POINT ( 'NONE',  ( 3.337289833333333622, -0.4613517083333331659, 0.1583333333333340753 ) ) ;
#1245 = CARTESIAN_POINT ( 'NONE',  ( 3.212289833333333622, -1.244685041666666159, 0.1666666666666666574 ) ) ;
#1246 = LINE ( 'NONE', #2370, #1429 ) ;
#1247 = EDGE_CURVE ( 'NONE', #2783, #2, #1936, .T. ) ;
#1248 = ORIENTED_EDGE ( 'NONE', *, *, #2404, .T. ) ;
#1249 = EDGE_CURVE ( 'NONE', #648, #1419, #160, .T. ) ;
#1250 = ADVANCED_FACE ( 'NONE', ( #1496 ), #167, .F. ) ;
#1251 = ORIENTED_EDGE ( 'NONE', *, *, #11, .F. ) ;
#1252 = DIRECTION ( 'NONE',  ( -1.000000000000000000, -0.000000000000000000, -0.000000000000000000 ) ) ;
#1253 = CARTESIAN_POINT ( 'NONE',  ( 3.247645172392663149, -0.5863517083333331659, 0.1333333333333332760 ) ) ;
#1254 = ORIENTED_EDGE ( 'NONE', *, *, #498, .F. ) ;
#1255 = AXIS2_PLACEMENT_3D ( 'NONE', #1291, #185, #2662 ) ;
#1256 = DIRECTION ( 'NONE',  ( -0.000000000000000000, 1.000000000000000000, -0.000000000000000000 ) ) ;
#1257 = PLANE ( 'NONE',  #2246 ) ;
#1258 = EDGE_CURVE ( 'NONE', #398, #2674, #1633, .T. ) ;
#1259 = ORIENTED_EDGE ( 'NONE', *, *, #1621, .T. ) ;
#1260 = EDGE_LOOP ( 'NONE', ( #1513, #1729, #380, #919 ) ) ;
#1261 = DIRECTION ( 'NONE',  ( -0.4999999999999997224, -0.7071067811865474617, 0.5000000000000004441 ) ) ;
#1262 = LINE ( 'NONE', #1518, #38 ) ;
#1263 = ORIENTED_EDGE ( 'NONE', *, *, #2089, .F. ) ;
#1264 = CARTESIAN_POINT ( 'NONE',  ( 3.015623166666666854, -1.269685041666666736, 0.1666666633333332981 ) ) ;
#1265 = ADVANCED_FACE ( 'NONE', ( #326 ), #989, .F. ) ;
#1266 = ORIENTED_EDGE ( 'NONE', *, *, #810, .T. ) ;
#1267 = DIRECTION ( 'NONE',  ( 0.000000000000000000, 0.000000000000000000, 1.000000000000000000 ) ) ;
#1268 = CARTESIAN_POINT ( 'NONE',  ( -3.420030934901122865, 1.044685041666668202, 0.1666666666666663521 ) ) ;
#1269 = ORIENTED_EDGE ( 'NONE', *, *, #2733, .T. ) ;
#1270 = EDGE_CURVE ( 'NONE', #1160, #2036, #1404, .T. ) ;
#1271 = CARTESIAN_POINT ( 'NONE',  ( -3.328956500000000318, -1.086351708333333388, 0.04166666666666694191 ) ) ;
#1272 = CARTESIAN_POINT ( 'NONE',  ( 3.337289833333332734, 1.419685041666666647, 0.3270220057259938251 ) ) ;
#1273 = DIRECTION ( 'NONE',  ( 2.255206291344518547E-16, 1.000000000000000000, -0.000000000000000000 ) ) ;
#1274 = CARTESIAN_POINT ( 'NONE',  ( 3.212289833333333622, -1.086351708333333388, 0.3083333333333323489 ) ) ;
#1275 =( NAMED_UNIT ( * ) PLANE_ANGLE_UNIT ( ) SI_UNIT ( $, .RADIAN. ) );
#1276 = EDGE_LOOP ( 'NONE', ( #744, #2796, #702, #1849, #2723, #341 ) ) ;
#1277 = VECTOR ( 'NONE', #637, 39.37007874015748854 ) ;
#1278 = EDGE_CURVE ( 'NONE', #1384, #2191, #1871, .T. ) ;
#1279 = DIRECTION ( 'NONE',  ( -2.275505845553911435E-15, 0.5773502691896122974, -0.8164965809277354714 ) ) ;
#1280 = VECTOR ( 'NONE', #280, 39.37007874015748143 ) ;
#1281 = VECTOR ( 'NONE', #2009, 39.37007874015748143 ) ;
#1282 = ORIENTED_EDGE ( 'NONE', *, *, #2093, .T. ) ;
#1283 = FACE_OUTER_BOUND ( 'NONE', #1348, .T. ) ;
#1284 = CARTESIAN_POINT ( 'NONE',  ( -0.08648899713700840264, 1.419685041666666647, 3.750800836196330756 ) ) ;
#1285 = ORIENTED_EDGE ( 'NONE', *, *, #548, .T. ) ;
#1286 = VECTOR ( 'NONE', #2225, 39.37007874015748854 ) ;
#1287 = CARTESIAN_POINT ( 'NONE',  ( -3.423778830470336931, 1.419685041666666647, 0.4135110028629966350 ) ) ;
#1288 = CARTESIAN_POINT ( 'NONE',  ( -3.478956500000001562, -0.9613517083333333879, 0.1666666666666669905 ) ) ;
#1289 = DIRECTION ( 'NONE',  ( 0.7071067811865462405, -0.000000000000000000, 0.7071067811865487940 ) ) ;
#1290 = EDGE_CURVE ( 'NONE', #532, #315, #2149, .T. ) ;
#1291 = CARTESIAN_POINT ( 'NONE',  ( 3.015623166666666854, -1.269685041666666736, 0.1666666633333332981 ) ) ;
#1292 = PLANE ( 'NONE',  #1050 ) ;
#1293 = AXIS2_PLACEMENT_3D ( 'NONE', #1597, #1371, #494 ) ;
#1294 = ORIENTED_EDGE ( 'NONE', *, *, #2836, .T. ) ;
#1295 = LINE ( 'NONE', #1995, #263 ) ;
#1296 =( NAMED_UNIT ( * ) PLANE_ANGLE_UNIT ( ) SI_UNIT ( $, .RADIAN. ) );
#1297 = ORIENTED_EDGE ( 'NONE', *, *, #1857, .T. ) ;
#1298 = LINE ( 'NONE', #1571, #2210 ) ;
#1299 = CARTESIAN_POINT ( 'NONE',  ( 3.462289833333332734, 1.244685041666666603, 0.1666666666666666574 ) ) ;
#1300 = ORIENTED_EDGE ( 'NONE', *, *, #397, .F. ) ;
#1301 = CARTESIAN_POINT ( 'NONE',  ( 3.462289833333334066, -1.086351708333333388, 0.1333333333333332760 ) ) ;
#1302 = FACE_BOUND ( 'NONE', #2543, .T. ) ;
#1303 = CIRCLE ( 'NONE', #1022, 0.08474999999999968670 ) ;
#1304 = ADVANCED_FACE ( 'NONE', ( #1840 ), #1209, .F. ) ;
#1305 = DIRECTION ( 'NONE',  ( -0.000000000000000000, 1.000000000000000000, -0.000000000000000000 ) ) ;
#1306 = DIRECTION ( 'NONE',  ( 0.000000000000000000, -0.000000000000000000, -1.000000000000000000 ) ) ;
#1307 = ORIENTED_EDGE ( 'NONE', *, *, #1233, .T. ) ;
#1308 = DIRECTION ( 'NONE',  ( 0.000000000000000000, 0.7071067811865474617, -0.7071067811865474617 ) ) ;
#1309 = CARTESIAN_POINT ( 'NONE',  ( 0.000000000000000000, 0.000000000000000000, 0.000000000000000000 ) ) ;
#1310 = ORIENTED_EDGE ( 'NONE', *, *, #736, .T. ) ;
#1311 = CARTESIAN_POINT ( 'NONE',  ( -3.303956500000000407, -1.211351708333333388, 0.1666666666666669905 ) ) ;
#1312 = ORIENTED_EDGE ( 'NONE', *, *, #1842, .T. ) ;
#1313 = EDGE_CURVE ( 'NONE', #874, #1951, #546, .T. ) ;
#1314 = PLANE ( 'NONE',  #2398 ) ;
#1315 = ORIENTED_EDGE ( 'NONE', *, *, #2066, .T. ) ;
#1316 = DIRECTION ( 'NONE',  ( 1.000000000000000000, 0.000000000000000000, 0.000000000000000000 ) ) ;
#1317 = DIRECTION ( 'NONE',  ( -0.7071067811865471286, -0.7071067811865479058, -0.000000000000000000 ) ) ;
#1318 = CARTESIAN_POINT ( 'NONE',  ( 3.337289833333342060, -1.563094190627123847, 0.7606062183879163108 ) ) ;
#1319 = VERTEX_POINT ( 'NONE', #2734 ) ;
#1320 = FACE_OUTER_BOUND ( 'NONE', #2755, .T. ) ;
#1321 = ADVANCED_FACE ( 'NONE', ( #1700 ), #2287, .T. ) ;
#1322 = AXIS2_PLACEMENT_3D ( 'NONE', #196, #652, #2853 ) ;
#1323 = EDGE_LOOP ( 'NONE', ( #1740, #579, #2249, #1378 ) ) ;
#1324 = LINE ( 'NONE', #1344, #2822 ) ;
#1325 = ADVANCED_FACE ( 'NONE', ( #313 ), #1714, .F. ) ;
#1326 = EDGE_CURVE ( 'NONE', #2561, #2457, #108, .T. ) ;
#1327 = AXIS2_PLACEMENT_3D ( 'NONE', #1432, #1870, #81 ) ;
#1328 = VECTOR ( 'NONE', #1680, 39.37007874015748143 ) ;
#1329 = DIRECTION ( 'NONE',  ( 8.659560562354932858E-17, 0.7071067811865474617, -0.7071067811865474617 ) ) ;
#1330 = ORIENTED_EDGE ( 'NONE', *, *, #1968, .F. ) ;
#1331 = VECTOR ( 'NONE', #2797, 39.37007874015748143 ) ;
#1332 = PLANE ( 'NONE',  #2401 ) ;
#1333 = CARTESIAN_POINT ( 'NONE',  ( 3.354967502862999051, -1.229029377862998373, 0.3333333333333333148 ) ) ;
#1334 = EDGE_LOOP ( 'NONE', ( #2700, #288, #1551, #2212 ) ) ;
#1335 = PLANE ( 'NONE',  #1322 ) ;
#1336 = CARTESIAN_POINT ( 'NONE',  ( 3.337289833333333622, -1.211351708333333166, 0.1583333333333331872 ) ) ;
#1337 = CARTESIAN_POINT ( 'NONE',  ( -3.328956499999998986, 1.086351708333333388, 0.2916666666666668517 ) ) ;
#1338 = EDGE_LOOP ( 'NONE', ( #1879, #1155, #889, #2317 ) ) ;
#1339 = CARTESIAN_POINT ( 'NONE',  ( 3.479967502862997275, -0.5686740388036695126, 0.3333333333333333148 ) ) ;
#1340 = ADVANCED_FACE ( 'NONE', ( #2809 ), #1919, .T. ) ;
#1341 = VECTOR ( 'NONE', #121, 39.37007874015748143 ) ;
#1342 = EDGE_CURVE ( 'NONE', #2341, #2028, #1295, .T. ) ;
#1343 = VERTEX_POINT ( 'NONE', #857 ) ;
#1344 = CARTESIAN_POINT ( 'NONE',  ( -1.796800580470337527, 1.219685041666666692, 1.796800580470336639 ) ) ;
#1345 = VECTOR ( 'NONE', #895, 39.37007874015748143 ) ;
#1346 = EDGE_CURVE ( 'NONE', #911, #2328, #2636, .T. ) ;
#1347 = DIRECTION ( 'NONE',  ( 0.8164965809277328068, 0.5773502691896162942, -2.367647807609795363E-15 ) ) ;
#1348 = EDGE_LOOP ( 'NONE', ( #1185, #1010, #261, #787 ) ) ;
#1349 = CARTESIAN_POINT ( 'NONE',  ( 3.337289833333333622, -0.4613517083333331659, 0.1583333333333340753 ) ) ;
#1350 = LINE ( 'NONE', #718, #1464 ) ;
#1351 = ORIENTED_EDGE ( 'NONE', *, *, #1290, .T. ) ;
#1352 = DIRECTION ( 'NONE',  ( 0.000000000000000000, -0.7071067811865474617, -0.7071067811865474617 ) ) ;
#1353 = PLANE ( 'NONE',  #119 ) ;
#1354 = ORIENTED_EDGE ( 'NONE', *, *, #2049, .T. ) ;
#1355 = VECTOR ( 'NONE', #1805, 39.37007874015748854 ) ;
#1356 = DIRECTION ( 'NONE',  ( 0.7071067811865487940, 0.000000000000000000, 0.7071067811865462405 ) ) ;
#1357 = EDGE_LOOP ( 'NONE', ( #871, #661, #614, #2856 ) ) ;
#1358 = CARTESIAN_POINT ( 'NONE',  ( -2.220652337150648581, 1.945878639696274170, 0.1666666666666638819 ) ) ;
#1359 = ORIENTED_EDGE ( 'NONE', *, *, #2617, .T. ) ;
#1360 = CARTESIAN_POINT ( 'NONE',  ( -3.478956500000001562, -1.086351708333333388, 0.04166666666666694191 ) ) ;
#1361 = CARTESIAN_POINT ( 'NONE',  ( -3.303956500000000407, -1.086351708333333388, 0.2916666666666670182 ) ) ;
#1362 = EDGE_CURVE ( 'NONE', #2240, #2629, #2193, .T. ) ;
#1363 = ORIENTED_EDGE ( 'NONE', *, *, #901, .T. ) ;
#1364 = EDGE_CURVE ( 'NONE', #444, #1924, #670, .T. ) ;
#1365 = LINE ( 'NONE', #1408, #2769 ) ;
#1366 = LINE ( 'NONE', #16, #770 ) ;
#1367 = ORIENTED_EDGE ( 'NONE', *, *, #523, .F. ) ;
#1368 = CARTESIAN_POINT ( 'NONE',  ( -3.503956500000000585, 1.256174038803670179, 0.4968443361963299498 ) ) ;
#1369 = VERTEX_POINT ( 'NONE', #1569 ) ;
#1370 = EDGE_CURVE ( 'NONE', #1444, #2783, #2405, .T. ) ;
#1371 = DIRECTION ( 'NONE',  ( -0.7071067811865483499, -0.7071067811865466846, 0.000000000000000000 ) ) ;
#1372 = VECTOR ( 'NONE', #551, 39.37007874015748143 ) ;
#1373 = ORIENTED_EDGE ( 'NONE', *, *, #811, .F. ) ;
#1374 = VECTOR ( 'NONE', #993, 39.37007874015748854 ) ;
#1375 = VECTOR ( 'NONE', #2517, 39.37007874015748854 ) ;
#1376 = CARTESIAN_POINT ( 'NONE',  ( 1.420291392970339128, 1.420291392970335798, 0.1333333333333332760 ) ) ;
#1377 = PLANE ( 'NONE',  #1758 ) ;
#1378 = ORIENTED_EDGE ( 'NONE', *, *, #99, .F. ) ;
#1379 = VECTOR ( 'NONE', #627, 39.37007874015748143 ) ;
#1380 = CARTESIAN_POINT ( 'NONE',  ( 3.497645172392660484, 1.419685041666666647, 0.1666666666666672680 ) ) ;
#1381 = LINE ( 'NONE', #981, #1885 ) ;
#1382 = EDGE_LOOP ( 'NONE', ( #758, #721, #1475, #1391 ) ) ;
#1383 = DIRECTION ( 'NONE',  ( 0.000000000000000000, 0.7071067811865476838, 0.7071067811865473507 ) ) ;
#1384 = VERTEX_POINT ( 'NONE', #1537 ) ;
#1385 = LINE ( 'NONE', #1868, #2081 ) ;
#1386 = VECTOR ( 'NONE', #632, 39.37007874015748854 ) ;
#1387 = ORIENTED_EDGE ( 'NONE', *, *, #555, .T. ) ;
#1388 = DIRECTION ( 'NONE',  ( -0.000000000000000000, 1.000000000000000000, -0.000000000000000000 ) ) ;
#1389 = DIRECTION ( 'NONE',  ( 0.4999999999999924505, 0.4999999999999912847, -0.7071067811865590080 ) ) ;
#1390 = DIRECTION ( 'NONE',  ( -0.4999999999999918954, -0.7071067811865591191, -0.4999999999999918954 ) ) ;
#1391 = ORIENTED_EDGE ( 'NONE', *, *, #2063, .T. ) ;
#1392 = EDGE_CURVE ( 'NONE', #2674, #2753, #872, .T. ) ;
#1393 = DIRECTION ( 'NONE',  ( 0.000000000000000000, -0.7071067811865474617, 0.7071067811865474617 ) ) ;
#1394 = PLANE ( 'NONE',  #1225 ) ;
#1395 = EDGE_CURVE ( 'NONE', #368, #2180, #657, .T. ) ;
#1396 = VERTEX_POINT ( 'NONE', #643 ) ;
#1397 = LINE ( 'NONE', #1818, #2794 ) ;
#1398 = ORIENTED_EDGE ( 'NONE', *, *, #790, .T. ) ;
#1399 = AXIS2_PLACEMENT_3D ( 'NONE', #970, #943, #276 ) ;
#1400 = DIMENSIONAL_EXPONENTS ( 1.000000000000000000, 0.000000000000000000, 0.000000000000000000, 0.000000000000000000, 0.000000000000000000, 0.000000000000000000, 0.000000000000000000 ) ;
#1401 = DIRECTION ( 'NONE',  ( 0.4999999999999914513, -0.7071067811865591191, 0.4999999999999922284 ) ) ;
#1402 = ORIENTED_EDGE ( 'NONE', *, *, #1258, .F. ) ;
#1403 = LINE ( 'NONE', #352, #678 ) ;
#1404 = LINE ( 'NONE', #2319, #2633 ) ;
#1405 = FACE_OUTER_BOUND ( 'NONE', #1913, .T. ) ;
#1406 = ORIENTED_EDGE ( 'NONE', *, *, #1370, .T. ) ;
#1407 = EDGE_CURVE ( 'NONE', #2690, #104, #1061, .T. ) ;
#1408 = CARTESIAN_POINT ( 'NONE',  ( 0.08017766952965138527, -1.419685041666666647, -3.250800836196331645 ) ) ;
#1409 = FACE_OUTER_BOUND ( 'NONE', #210, .T. ) ;
#1410 = ORIENTED_EDGE ( 'NONE', *, *, #2155, .F. ) ;
#1411 = PLANE ( 'NONE',  #282 ) ;
#1412 = ADVANCED_FACE ( 'NONE', ( #902 ), #1521, .F. ) ;
#1413 = ORIENTED_EDGE ( 'NONE', *, *, #2745, .F. ) ;
#1414 = ORIENTED_EDGE ( 'NONE', *, *, #2283, .F. ) ;
#1415 = DIRECTION ( 'NONE',  ( 0.7071067811865472397, 0.000000000000000000, -0.7071067811865476838 ) ) ;
#1416 = EDGE_CURVE ( 'NONE', #2536, #1471, #1728, .T. ) ;
#1417 = DIRECTION ( 'NONE',  ( -0.5773502691896177375, 0.8164965809277316966, 3.845925372767172499E-16 ) ) ;
#1418 = DIRECTION ( 'NONE',  ( 0.7071067811865561215, -0.4999999999999937272, 0.4999999999999939493 ) ) ;
#1419 = VERTEX_POINT ( 'NONE', #452 ) ;
#1420 = VECTOR ( 'NONE', #27, 39.37007874015748854 ) ;
#1421 = CARTESIAN_POINT ( 'NONE',  ( -3.462289833333333178, 1.394685041666667846, 0.1666666666666666852 ) ) ;
#1422 = VECTOR ( 'NONE', #975, 39.37007874015748854 ) ;
#1423 = DIRECTION ( 'NONE',  ( -0.7071067811865479058, 0.000000000000000000, 0.7071067811865471286 ) ) ;
#1424 = VECTOR ( 'NONE', #1789, 39.37007874015748143 ) ;
#1425 = DIRECTION ( 'NONE',  ( -0.000000000000000000, -0.000000000000000000, 1.000000000000000000 ) ) ;
#1426 = CARTESIAN_POINT ( 'NONE',  ( 3.015623166666666854, -1.269685041666666736, 0.2514166633333330125 ) ) ;
#1427 = AXIS2_PLACEMENT_3D ( 'NONE', #820, #1485, #1676 ) ;
#1428 = EDGE_LOOP ( 'NONE', ( #513, #900, #1966, #265 ) ) ;
#1429 = VECTOR ( 'NONE', #376, 39.37007874015748854 ) ;
#1430 = DIRECTION ( 'NONE',  ( -0.000000000000000000, -0.000000000000000000, -1.000000000000000000 ) ) ;
#1431 = EDGE_LOOP ( 'NONE', ( #2847, #2892, #36, #688 ) ) ;
#1432 = CARTESIAN_POINT ( 'NONE',  ( -3.303956500000000407, 0.5816868570296633845, 0.5816868570296631624 ) ) ;
#1433 = DIRECTION ( 'NONE',  ( -0.000000000000000000, -1.000000000000000000, -0.000000000000000000 ) ) ;
#1434 = DIRECTION ( 'NONE',  ( 0.000000000000000000, 0.000000000000000000, 1.000000000000000000 ) ) ;
#1435 = ORIENTED_EDGE ( 'NONE', *, *, #925, .F. ) ;
#1436 = VECTOR ( 'NONE', #1731, 39.37007874015748854 ) ;
#1437 = DIRECTION ( 'NONE',  ( 0.7071067811865476838, 0.000000000000000000, 0.7071067811865473507 ) ) ;
#1438 = CARTESIAN_POINT ( 'NONE',  ( -3.303956500000000407, -1.086351708333333388, 0.2563113276073384350 ) ) ;
#1439 = DIRECTION ( 'NONE',  ( -0.7071067811865491270, -0.7071067811865459074, 0.000000000000000000 ) ) ;
#1440 = DIRECTION ( 'NONE',  ( 0.000000000000000000, -0.7071067811865476838, -0.7071067811865473507 ) ) ;
#1441 = ORIENTED_EDGE ( 'NONE', *, *, #2779, .T. ) ;
#1442 = ADVANCED_FACE ( 'NONE', ( #2207 ), #407, .F. ) ;
#1443 = LINE ( 'NONE', #2757, #2833 ) ;
#1444 = VERTEX_POINT ( 'NONE', #1952 ) ;
#1445 = DIRECTION ( 'NONE',  ( 0.000000000000000000, 0.7071067811865476838, -0.7071067811865473507 ) ) ;
#1446 = DIRECTION ( 'NONE',  ( 0.4999999999999937272, 0.4999999999999954481, -0.7071067811865551223 ) ) ;
#1447 = ORIENTED_EDGE ( 'NONE', *, *, #498, .T. ) ;
#1448 = ADVANCED_FACE ( 'NONE', ( #1320 ), #200, .F. ) ;
#1449 = DIRECTION ( 'NONE',  ( -0.7071067811865473507, 0.000000000000000000, -0.7071067811865476838 ) ) ;
#1450 = PLANE ( 'NONE',  #2492 ) ;
#1451 = FACE_OUTER_BOUND ( 'NONE', #1338, .T. ) ;
#1452 = EDGE_CURVE ( 'NONE', #2275, #2552, #2684, .T. ) ;
#1453 = FACE_OUTER_BOUND ( 'NONE', #1260, .T. ) ;
#1454 = ORIENTED_EDGE ( 'NONE', *, *, #1576, .T. ) ;
#1455 = PLANE ( 'NONE',  #829 ) ;
#1456 = ORIENTED_EDGE ( 'NONE', *, *, #1766, .F. ) ;
#1457 = DIRECTION ( 'NONE',  ( -0.5773502691896185146, 1.602468905319646424E-15, -0.8164965809277309194 ) ) ;
#1458 = FACE_OUTER_BOUND ( 'NONE', #248, .T. ) ;
#1459 = ORIENTED_EDGE ( 'NONE', *, *, #741, .F. ) ;
#1460 = DIRECTION ( 'NONE',  ( 0.000000000000000000, 0.7071067811865476838, -0.7071067811865473507 ) ) ;
#1461 = AXIS2_PLACEMENT_3D ( 'NONE', #552, #1214, #1439 ) ;
#1462 = CARTESIAN_POINT ( 'NONE',  ( 3.337289833333333622, -1.394685041666666736, 0.2916666666666666297 ) ) ;
#1463 = FACE_OUTER_BOUND ( 'NONE', #63, .T. ) ;
#1464 = VECTOR ( 'NONE', #923, 39.37007874015748143 ) ;
#1465 = EDGE_CURVE ( 'NONE', #2753, #2783, #1101, .T. ) ;
#1466 = DIRECTION ( 'NONE',  ( 0.7071067811865473507, 0.000000000000000000, -0.7071067811865476838 ) ) ;
#1467 = VECTOR ( 'NONE', #2117, 39.37007874015748854 ) ;
#1468 = PLANE ( 'NONE',  #1190 ) ;
#1469 = ORIENTED_EDGE ( 'NONE', *, *, #1842, .F. ) ;
#1470 = VECTOR ( 'NONE', #468, 39.37007874015748143 ) ;
#1471 = VERTEX_POINT ( 'NONE', #1980 ) ;
#1472 = CARTESIAN_POINT ( 'NONE',  ( -3.212289833333333622, 1.219685041666666692, 0.1666666666666666852 ) ) ;
#1473 = EDGE_CURVE ( 'NONE', #1865, #1994, #2874, .T. ) ;
#1474 = LINE ( 'NONE', #2362, #966 ) ;
#1475 = ORIENTED_EDGE ( 'NONE', *, *, #1998, .T. ) ;
#1476 = LINE ( 'NONE', #1901, #1328 ) ;
#1477 = DIRECTION ( 'NONE',  ( 0.8164965809277285880, 1.092883793427993791E-14, 0.5773502691896218453 ) ) ;
#1478 = VECTOR ( 'NONE', #1347, 39.37007874015748854 ) ;
#1479 = VERTEX_POINT ( 'NONE', #2667 ) ;
#1480 = EDGE_CURVE ( 'NONE', #2477, #1396, #1760, .T. ) ;
#1481 = PLANE ( 'NONE',  #2233 ) ;
#1482 = VERTEX_POINT ( 'NONE', #18 ) ;
#1483 = CARTESIAN_POINT ( 'NONE',  ( 3.015623166666666854, -1.269685041666666736, 0.1666666633333332981 ) ) ;
#1484 = EDGE_LOOP ( 'NONE', ( #2215, #1645, #2392, #928 ) ) ;
#1485 = DIRECTION ( 'NONE',  ( 0.4999999999999915623, -0.7071067811865591191, -0.4999999999999921174 ) ) ;
#1486 = FACE_OUTER_BOUND ( 'NONE', #858, .T. ) ;
#1487 = ORIENTED_EDGE ( 'NONE', *, *, #2135, .T. ) ;
#1488 = AXIS2_PLACEMENT_3D ( 'NONE', #2106, #998, #1893 ) ;
#1489 = PLANE ( 'NONE',  #1741 ) ;
#1490 = CARTESIAN_POINT ( 'NONE',  ( 3.015623166666666854, -1.269685041666666736, 0.1666666633333332981 ) ) ;
#1491 = DIRECTION ( 'NONE',  ( 0.7071067811865474617, -0.7071067811865474617, 0.000000000000000000 ) ) ;
#1492 = ADVANCED_FACE ( 'NONE', ( #2047 ), #466, .F. ) ;
#1493 = PLANE ( 'NONE',  #2421 ) ;
#1494 = DIRECTION ( 'NONE',  ( -0.000000000000000000, 1.000000000000000000, -0.000000000000000000 ) ) ;
#1495 = VERTEX_POINT ( 'NONE', #957 ) ;
#1496 = FACE_OUTER_BOUND ( 'NONE', #2641, .T. ) ;
#1497 = ORIENTED_EDGE ( 'NONE', *, *, #1480, .F. ) ;
#1498 = DIRECTION ( 'NONE',  ( -0.7071067811865474617, -0.7071067811865474617, 0.000000000000000000 ) ) ;
#1499 = LINE ( 'NONE', #2860, #831 ) ;
#1500 = EDGE_LOOP ( 'NONE', ( #80, #2364, #2668, #2107 ) ) ;
#1501 = EDGE_CURVE ( 'NONE', #2171, #1029, #492, .T. ) ;
#1502 = DIRECTION ( 'NONE',  ( -0.000000000000000000, -0.000000000000000000, 1.000000000000000000 ) ) ;
#1503 = DIRECTION ( 'NONE',  ( -0.000000000000000000, -0.000000000000000000, 1.000000000000000000 ) ) ;
#1504 = DIRECTION ( 'NONE',  ( -0.7071067811865474617, 0.000000000000000000, -0.7071067811865474617 ) ) ;
#1505 = LINE ( 'NONE', #429, #239 ) ;
#1506 = AXIS2_PLACEMENT_3D ( 'NONE', #709, #101, #2545 ) ;
#1507 = EDGE_LOOP ( 'NONE', ( #106, #2128, #959, #2186 ) ) ;
#1508 = AXIS2_PLACEMENT_3D ( 'NONE', #1691, #2790, #2544 ) ;
#1509 = CARTESIAN_POINT ( 'NONE',  ( -3.303956500000000407, -0.5046648513036690042, -0.5046648513036690042 ) ) ;
#1510 = AXIS2_PLACEMENT_3D ( 'NONE', #298, #832, #1178 ) ;
#1511 = ORIENTED_EDGE ( 'NONE', *, *, #1859, .T. ) ;
#1512 = PLANE ( 'NONE',  #584 ) ;
#1513 = ORIENTED_EDGE ( 'NONE', *, *, #2334, .F. ) ;
#1514 = CARTESIAN_POINT ( 'NONE',  ( 3.503956500000000585, 1.419685041666666647, 0.000000000000000000 ) ) ;
#1515 = ORIENTED_EDGE ( 'NONE', *, *, #1032, .F. ) ;
#1516 = CARTESIAN_POINT ( 'NONE',  ( 3.212289833333333622, -0.5863517083333330548, 0.1583333333333344084 ) ) ;
#1517 = LINE ( 'NONE', #1056, #5 ) ;
#1518 = CARTESIAN_POINT ( 'NONE',  ( 3.462289833333333178, -0.5863517083333332769, 0.3083333333333334592 ) ) ;
#1519 = VECTOR ( 'NONE', #2611, 39.37007874015748854 ) ;
#1520 = EDGE_LOOP ( 'NONE', ( #849, #671, #89, #2208 ) ) ;
#1521 = PLANE ( 'NONE',  #77 ) ;
#1522 = ORIENTED_EDGE ( 'NONE', *, *, #2808, .F. ) ;
#1523 = DIRECTION ( 'NONE',  ( -0.7071067811865474617, 0.000000000000000000, -0.7071067811865474617 ) ) ;
#1524 = EDGE_CURVE ( 'NONE', #1093, #1343, #2505, .T. ) ;
#1525 = CARTESIAN_POINT ( 'NONE',  ( -3.328956500000000318, -1.086351708333333388, 0.04166666666666694191 ) ) ;
#1526 = ORIENTED_EDGE ( 'NONE', *, *, #333, .T. ) ;
#1527 = PLANE ( 'NONE',  #211 ) ;
#1528 = EDGE_LOOP ( 'NONE', ( #256, #2758, #789, #419 ) ) ;
#1529 = DIRECTION ( 'NONE',  ( -0.7071067811865487940, 0.000000000000000000, 0.7071067811865462405 ) ) ;
#1530 = AXIS2_PLACEMENT_3D ( 'NONE', #983, #1904, #1683 ) ;
#1531 = EDGE_CURVE ( 'NONE', #1996, #2328, #2237, .T. ) ;
#1532 = DIRECTION ( 'NONE',  ( -2.211407089341120403E-15, 0.5773502691896140737, -0.8164965809277342501 ) ) ;
#1533 = PLANE ( 'NONE',  #2309 ) ;
#1534 = EDGE_CURVE ( 'NONE', #2561, #1667, #2061, .T. ) ;
#1535 = ADVANCED_FACE ( 'NONE', ( #1148 ), #2265, .F. ) ;
#1536 = ORIENTED_EDGE ( 'NONE', *, *, #932, .F. ) ;
#1537 = CARTESIAN_POINT ( 'NONE',  ( 3.212289833333333178, 1.244685041666666603, 0.1666666666666666574 ) ) ;
#1538 = EDGE_LOOP ( 'NONE', ( #856, #2781, #528, #692 ) ) ;
#1539 = DIRECTION ( 'NONE',  ( -0.5773502691896109651, 0.8164965809277363595, 1.041604788457789310E-16 ) ) ;
#1540 = DIRECTION ( 'NONE',  ( 0.000000000000000000, -0.000000000000000000, 1.000000000000000000 ) ) ;
#1541 = VERTEX_POINT ( 'NONE', #2488 ) ;
#1542 = CARTESIAN_POINT ( 'NONE',  ( 1.420291392970339350, 1.420291392970336020, 0.1333333333333332760 ) ) ;
#1543 = CARTESIAN_POINT ( 'NONE',  ( 3.170623166666666659, -1.269685041666666736, 0.1666666633333332981 ) ) ;
#1544 = ORIENTED_EDGE ( 'NONE', *, *, #636, .F. ) ;
#1545 = LINE ( 'NONE', #1973, #1929 ) ;
#1546 = ADVANCED_FACE ( 'NONE', ( #264 ), #2250, .T. ) ;
#1547 = CARTESIAN_POINT ( 'NONE',  ( 3.170623166666666659, -1.269685041666666736, 0.1666666633333332981 ) ) ;
#1548 = EDGE_CURVE ( 'NONE', #1226, #2031, #918, .T. ) ;
#1549 = CARTESIAN_POINT ( 'NONE',  ( -3.170623166666667103, 1.253018375000000129, 0.3333333333333333148 ) ) ;
#1550 = PRODUCT_RELATED_PRODUCT_CATEGORY ( 'part', '', ( #2886 ) ) ;
#1551 = ORIENTED_EDGE ( 'NONE', *, *, #555, .F. ) ;
#1552 = ADVANCED_FACE ( 'NONE', ( #729 ), #929, .F. ) ;
#1553 = CARTESIAN_POINT ( 'NONE',  ( 2.860623166666667050, -1.169685041666666647, 0.1666666633333333536 ) ) ;
#1554 = VECTOR ( 'NONE', #1425, 39.37007874015748143 ) ;
#1555 = EDGE_LOOP ( 'NONE', ( #2739, #1934, #805, #1164 ) ) ;
#1556 = DIRECTION ( 'NONE',  ( -0.000000000000000000, -0.000000000000000000, -1.000000000000000000 ) ) ;
#1557 = VECTOR ( 'NONE', #497, 39.37007874015748854 ) ;
#1558 = LINE ( 'NONE', #1586, #1197 ) ;
#1559 = VECTOR ( 'NONE', #2223, 39.37007874015748143 ) ;
#1560 = ORIENTED_EDGE ( 'NONE', *, *, #2586, .T. ) ;
#1561 = AXIS2_PLACEMENT_3D ( 'NONE', #2209, #2859, #659 ) ;
#1562 = LINE ( 'NONE', #226, #1745 ) ;
#1563 = CARTESIAN_POINT ( 'NONE',  ( -2.987487787479279344, 0.7284420239604425529, 0.1666666666666659358 ) ) ;
#1564 = ORIENTED_EDGE ( 'NONE', *, *, #1907, .F. ) ;
#1565 = VECTOR ( 'NONE', #1962, 39.37007874015748854 ) ;
#1566 = LINE ( 'NONE', #2291, #2159 ) ;
#1567 = LINE ( 'NONE', #488, #686 ) ;
#1568 = VERTEX_POINT ( 'NONE', #2725 ) ;
#1569 = CARTESIAN_POINT ( 'NONE',  ( 3.503956500000000585, -1.419685041666666647, 0.3333333333333333148 ) ) ;
#1570 = ORIENTED_EDGE ( 'NONE', *, *, #1764, .T. ) ;
#1571 = CARTESIAN_POINT ( 'NONE',  ( -3.337289833333329625, 0.3726651250730048659, -0.9415557260395743810 ) ) ;
#1572 = VECTOR ( 'NONE', #12, 39.37007874015748143 ) ;
#1573 = EDGE_CURVE ( 'NONE', #1970, #2062, #1397, .T. ) ;
#1574 = DIRECTION ( 'NONE',  ( 0.000000000000000000, 1.000000000000000000, 0.000000000000000000 ) ) ;
#1575 = ORIENTED_EDGE ( 'NONE', *, *, #1984, .T. ) ;
#1576 = EDGE_CURVE ( 'NONE', #1938, #1471, #2712, .T. ) ;
#1577 = LINE ( 'NONE', #1542, #2624 ) ;
#1578 = LINE ( 'NONE', #1361, #458 ) ;
#1579 = ORIENTED_EDGE ( 'NONE', *, *, #810, .F. ) ;
#1580 = DIRECTION ( 'NONE',  ( 4.583061069214171251E-15, 0.5773502691896239547, 0.8164965809277273667 ) ) ;
#1581 = CARTESIAN_POINT ( 'NONE',  ( -3.303956500000000407, -0.9613517083333333879, 0.1666666666666669905 ) ) ;
#1582 = EDGE_CURVE ( 'NONE', #2034, #2607, #90, .T. ) ;
#1583 = ORIENTED_EDGE ( 'NONE', *, *, #1621, .F. ) ;
#1584 = DIRECTION ( 'NONE',  ( -0.7071067811865487940, 0.000000000000000000, -0.7071067811865462405 ) ) ;
#1585 = VERTEX_POINT ( 'NONE', #524 ) ;
#1586 = CARTESIAN_POINT ( 'NONE',  ( 3.212289833333333622, -1.086351708333333388, 0.1583333333333331316 ) ) ;
#1587 = EDGE_LOOP ( 'NONE', ( #2479, #1595, #1515, #30 ) ) ;
#1588 = DIRECTION ( 'NONE',  ( -1.000000000000000000, -0.000000000000000000, -0.000000000000000000 ) ) ;
#1589 = DIRECTION ( 'NONE',  ( -0.7071067811865474617, 0.000000000000000000, 0.7071067811865474617 ) ) ;
#1590 = ORIENTED_EDGE ( 'NONE', *, *, #612, .T. ) ;
#1591 = LINE ( 'NONE', #2032, #2608 ) ;
#1592 = FACE_OUTER_BOUND ( 'NONE', #2010, .T. ) ;
#1593 = ORIENTED_EDGE ( 'NONE', *, *, #2617, .F. ) ;
#1594 = FACE_OUTER_BOUND ( 'NONE', #1813, .T. ) ;
#1595 = ORIENTED_EDGE ( 'NONE', *, *, #440, .F. ) ;
#1596 = VECTOR ( 'NONE', #2558, 39.37007874015748143 ) ;
#1597 = CARTESIAN_POINT ( 'NONE',  ( 3.212289833333333622, -0.5863517083333330548, 0.1333333333333332760 ) ) ;
#1598 = AXIS2_PLACEMENT_3D ( 'NONE', #699, #914, #2429 ) ;
#1599 = ORIENTED_EDGE ( 'NONE', *, *, #2877, .F. ) ;
#1600 = FACE_OUTER_BOUND ( 'NONE', #1624, .T. ) ;
#1601 = VECTOR ( 'NONE', #2187, 39.37007874015748854 ) ;
#1602 = AXIS2_PLACEMENT_3D ( 'NONE', #619, #605, #1692 ) ;
#1603 = LINE ( 'NONE', #1139, #1654 ) ;
#1604 = CARTESIAN_POINT ( 'NONE',  ( -3.328956500000000318, -1.086351708333333388, 0.2916666666666670182 ) ) ;
#1605 = ORIENTED_EDGE ( 'NONE', *, *, #1778, .T. ) ;
#1606 = VECTOR ( 'NONE', #2039, 39.37007874015748854 ) ;
#1607 = DIRECTION ( 'NONE',  ( 0.7071067811865533459, -0.4999999999999959477, -0.4999999999999959477 ) ) ;
#1608 = CARTESIAN_POINT ( 'NONE',  ( -3.337289833333333622, 1.244685041666665493, 0.2916666666666666297 ) ) ;
#1609 = ORIENTED_EDGE ( 'NONE', *, *, #117, .T. ) ;
#1610 = CARTESIAN_POINT ( 'NONE',  ( 3.212289833333333622, -1.244685041666666159, 0.1666666666666666574 ) ) ;
#1611 = ORIENTED_EDGE ( 'NONE', *, *, #935, .F. ) ;
#1612 = VECTOR ( 'NONE', #293, 39.37007874015748854 ) ;
#1613 = FACE_OUTER_BOUND ( 'NONE', #2296, .T. ) ;
#1614 = VECTOR ( 'NONE', #2087, 39.37007874015748854 ) ;
#1615 = VERTEX_POINT ( 'NONE', #72 ) ;
#1616 = ADVANCED_FACE ( 'NONE', ( #1594 ), #1411, .F. ) ;
#1617 = CARTESIAN_POINT ( 'NONE',  ( 3.337289833333332734, -1.128018374999996798, 0.2494077682344537084 ) ) ;
#1618 = DIRECTION ( 'NONE',  ( 0.000000000000000000, -0.7071067811865473507, 0.7071067811865476838 ) ) ;
#1619 = CARTESIAN_POINT ( 'NONE',  ( 3.337289833333334066, 0.7812919128493639453, 1.037015064469797299 ) ) ;
#1620 = ORIENTED_EDGE ( 'NONE', *, *, #2012, .T. ) ;
#1621 = EDGE_CURVE ( 'NONE', #1667, #19, #2281, .T. ) ;
#1622 = PLANE ( 'NONE',  #772 ) ;
#1623 = CARTESIAN_POINT ( 'NONE',  ( 2.860623166666667050, -1.269685041666666736, 0.3333333333333333148 ) ) ;
#1624 = EDGE_LOOP ( 'NONE', ( #1410, #2837, #549, #2425 ) ) ;
#1625 = ADVANCED_FACE ( 'NONE', ( #2754 ), #757, .F. ) ;
#1626 = DIRECTION ( 'NONE',  ( 0.7071067811865543451, -0.4999999999999951705, 0.4999999999999953926 ) ) ;
#1627 = EDGE_CURVE ( 'NONE', #934, #2519, #2475, .T. ) ;
#1628 = ORIENTED_EDGE ( 'NONE', *, *, #2395, .F. ) ;
#1629 = AXIS2_PLACEMENT_3D ( 'NONE', #773, #2548, #2428 ) ;
#1630 = LINE ( 'NONE', #1175, #319 ) ;
#1631 = ORIENTED_EDGE ( 'NONE', *, *, #2887, .F. ) ;
#1632 = PLANE ( 'NONE',  #2161 ) ;
#1633 = LINE ( 'NONE', #976, #2302 ) ;
#1634 = DIRECTION ( 'NONE',  ( -0.5773502691896172934, 4.583061069214194128E-15, -0.8164965809277318076 ) ) ;
#1635 = ORIENTED_EDGE ( 'NONE', *, *, #2290, .T. ) ;
#1636 = CARTESIAN_POINT ( 'NONE',  ( 3.337289833333333622, -1.175996369274005859, 0.1333333333333332760 ) ) ;
#1637 = FACE_OUTER_BOUND ( 'NONE', #86, .T. ) ;
#1638 = CARTESIAN_POINT ( 'NONE',  ( -3.503956500000000585, 0.3301776695296633202, 1.422840705470336697 ) ) ;
#1639 = EDGE_CURVE ( 'NONE', #2753, #2536, #1671, .T. ) ;
#1640 = ADVANCED_FACE ( 'NONE', ( #132 ), #2338, .F. ) ;
#1641 = DIRECTION ( 'NONE',  ( 0.7071067811865462405, 0.000000000000000000, -0.7071067811865487940 ) ) ;
#1642 = ORIENTED_EDGE ( 'NONE', *, *, #1031, .T. ) ;
#1643 = ORIENTED_EDGE ( 'NONE', *, *, #373, .F. ) ;
#1644 = DIRECTION ( 'NONE',  ( -0.7071067811865474617, 0.000000000000000000, 0.7071067811865474617 ) ) ;
#1645 = ORIENTED_EDGE ( 'NONE', *, *, #2063, .F. ) ;
#1646 = CARTESIAN_POINT ( 'NONE',  ( 3.212289833333333622, -1.394685041666666736, 0.1666666666666666574 ) ) ;
#1647 = CARTESIAN_POINT ( 'NONE',  ( 3.212289833333333178, 1.394685041666666736, 0.1666666666666666574 ) ) ;
#1648 = DIRECTION ( 'NONE',  ( 0.000000000000000000, -1.000000000000000000, 0.000000000000000000 ) ) ;
#1649 = VECTOR ( 'NONE', #2203, 39.37007874015748143 ) ;
#1650 = ORIENTED_EDGE ( 'NONE', *, *, #1764, .F. ) ;
#1651 = VECTOR ( 'NONE', #649, 39.37007874015748854 ) ;
#1652 = LINE ( 'NONE', #1240, #2491 ) ;
#1653 = DIRECTION ( 'NONE',  ( 0.5000000000000002220, -0.5000000000000025535, -0.7071067811865455743 ) ) ;
#1654 = VECTOR ( 'NONE', #471, 39.37007874015748143 ) ;
#1655 = CARTESIAN_POINT ( 'NONE',  ( -3.337289833333333622, 1.219685041666666692, 0.2916666666666666297 ) ) ;
#1656 = ADVANCED_FACE ( 'NONE', ( #566 ), #360, .F. ) ;
#1657 = PLANE ( 'NONE',  #2185 ) ;
#1658 = EDGE_LOOP ( 'NONE', ( #1722, #1858, #7, #60 ) ) ;
#1659 = VECTOR ( 'NONE', #1523, 39.37007874015748854 ) ;
#1660 = LINE ( 'NONE', #2551, #693 ) ;
#1661 = ORIENTED_EDGE ( 'NONE', *, *, #262, .T. ) ;
#1662 = CARTESIAN_POINT ( 'NONE',  ( 1.540489252862994984, 1.219685041666666692, -1.540489252862997427 ) ) ;
#1663 = EDGE_CURVE ( 'NONE', #25, #43, #116, .T. ) ;
#1664 = DIRECTION ( 'NONE',  ( 0.000000000000000000, 0.7071067811865474617, -0.7071067811865474617 ) ) ;
#1665 = EDGE_CURVE ( 'NONE', #762, #1014, #2146, .T. ) ;
#1666 = VECTOR ( 'NONE', #2329, 39.37007874015748143 ) ;
#1667 = VERTEX_POINT ( 'NONE', #1245 ) ;
#1668 = DIRECTION ( 'NONE',  ( 0.7071067811865486830, -0.7071067811865462405, 0.000000000000000000 ) ) ;
#1669 = CARTESIAN_POINT ( 'NONE',  ( -3.503956500000000585, 1.086351708333333388, 0.3270220057259933810 ) ) ;
#1670 = DIRECTION ( 'NONE',  ( -0.7071067811865479058, 0.000000000000000000, 0.7071067811865471286 ) ) ;
#1671 = LINE ( 'NONE', #812, #977 ) ;
#1672 = ORIENTED_EDGE ( 'NONE', *, *, #1202, .F. ) ;
#1673 = LINE ( 'NONE', #323, #457 ) ;
#1674 = VERTEX_POINT ( 'NONE', #2590 ) ;
#1675 = VECTOR ( 'NONE', #2133, 39.37007874015748854 ) ;
#1676 = DIRECTION ( 'NONE',  ( -0.7071067811865479058, 0.000000000000000000, -0.7071067811865471286 ) ) ;
#1677 = LINE ( 'NONE', #1196, #1614 ) ;
#1678 = ORIENTED_EDGE ( 'NONE', *, *, #1313, .F. ) ;
#1679 = EDGE_CURVE ( 'NONE', #1396, #2499, #1040, .T. ) ;
#1680 = DIRECTION ( 'NONE',  ( -0.7071067811865466846, 0.7071067811865483499, 0.000000000000000000 ) ) ;
#1681 = LINE ( 'NONE', #1915, #2867 ) ;
#1682 = DIRECTION ( 'NONE',  ( -1.000000000000000000, -0.000000000000000000, -0.000000000000000000 ) ) ;
#1683 = DIRECTION ( 'NONE',  ( 0.000000000000000000, -0.000000000000000000, 1.000000000000000000 ) ) ;
#1684 = CARTESIAN_POINT ( 'NONE',  ( -3.303956500000000407, -0.5816868570296643837, 0.5816868570296643837 ) ) ;
#1685 = ORIENTED_EDGE ( 'NONE', *, *, #1501, .F. ) ;
#1686 = ORIENTED_EDGE ( 'NONE', *, *, #1907, .T. ) ;
#1687 = DIRECTION ( 'NONE',  ( 0.5773502691896206240, -2.275505845553894869E-15, -0.8164965809277296982 ) ) ;
#1688 = CARTESIAN_POINT ( 'NONE',  ( -3.478956500000001562, -1.086351708333333388, 0.04166666666666694191 ) ) ;
#1689 = ADVANCED_FACE ( 'NONE', ( #1215 ), #145, .F. ) ;
#1690 = EDGE_LOOP ( 'NONE', ( #235, #2271, #1300, #2555 ) ) ;
#1691 = CARTESIAN_POINT ( 'NONE',  ( 3.015623166666666854, -1.269685041666666736, 0.1666666633333332981 ) ) ;
#1692 = DIRECTION ( 'NONE',  ( -0.7071067811865474617, 0.000000000000000000, 0.7071067811865474617 ) ) ;
#1693 = CARTESIAN_POINT ( 'NONE',  ( 3.337289833333333622, -1.244685041666666603, 0.2916666666666666297 ) ) ;
#1694 = AXIS2_PLACEMENT_3D ( 'NONE', #1709, #620, #1504 ) ;
#1695 = VECTOR ( 'NONE', #68, 39.37007874015748143 ) ;
#1696 = PLANE ( 'NONE',  #516 ) ;
#1697 = AXIS2_PLACEMENT_3D ( 'NONE', #1264, #963, #2747 ) ;
#1698 = ORIENTED_EDGE ( 'NONE', *, *, #295, .T. ) ;
#1699 = VECTOR ( 'NONE', #2832, 39.37007874015748854 ) ;
#1700 = FACE_OUTER_BOUND ( 'NONE', #2840, .T. ) ;
#1701 = ORIENTED_EDGE ( 'NONE', *, *, #1270, .T. ) ;
#1702 = DIRECTION ( 'NONE',  ( 0.8164965809277288100, 0.5773502691896216232, -4.418808006418924973E-15 ) ) ;
#1703 = CARTESIAN_POINT ( 'NONE',  ( 3.176934494274006759, -1.419685041666666647, 0.1666666666666659913 ) ) ;
#1704 = ADVANCED_FACE ( 'NONE', ( #1026 ), #2780, .T. ) ;
#1705 = VERTEX_POINT ( 'NONE', #2311 ) ;
#1706 = CARTESIAN_POINT ( 'NONE',  ( -3.170623166666667103, 1.253018375000000129, 0.000000000000000000 ) ) ;
#1707 = LINE ( 'NONE', #851, #1229 ) ;
#1708 = VECTOR ( 'NONE', #2214, 39.37007874015748143 ) ;
#1709 = CARTESIAN_POINT ( 'NONE',  ( -3.337289833333333622, 1.219685041666666692, 0.04166666666666678925 ) ) ;
#1710 = EDGE_CURVE ( 'NONE', #1615, #13, #2094, .T. ) ;
#1711 = LINE ( 'NONE', #2400, #1117 ) ;
#1712 = CARTESIAN_POINT ( 'NONE',  ( 3.337289833333333622, -0.9613517083333332769, 0.3083333333333323489 ) ) ;
#1713 = ORIENTED_EDGE ( 'NONE', *, *, #1473, .F. ) ;
#1714 = PLANE ( 'NONE',  #1184 ) ;
#1715 = ADVANCED_FACE ( 'NONE', ( #1453 ), #1696, .F. ) ;
#1716 = EDGE_LOOP ( 'NONE', ( #1628, #453, #2879, #2238 ) ) ;
#1717 = DIRECTION ( 'NONE',  ( -1.000000000000000000, -0.000000000000000000, -0.000000000000000000 ) ) ;
#1718 = CARTESIAN_POINT ( 'NONE',  ( 0.000000000000000000, -1.219685041666666692, 0.000000000000000000 ) ) ;
#1719 = ORIENTED_EDGE ( 'NONE', *, *, #307, .T. ) ;
#1720 = LINE ( 'NONE', #866, #1601 ) ;
#1721 = CARTESIAN_POINT ( 'NONE',  ( 2.340178551738206103, -0.4512325452048321361, 0.1666666666666759000 ) ) ;
#1722 = ORIENTED_EDGE ( 'NONE', *, *, #811, .T. ) ;
#1723 = DIRECTION ( 'NONE',  ( 0.7071067811865473507, 0.000000000000000000, 0.7071067811865476838 ) ) ;
#1724 = DIRECTION ( 'NONE',  ( 0.000000000000000000, -1.000000000000000000, 0.000000000000000000 ) ) ;
#1725 = CARTESIAN_POINT ( 'NONE',  ( 3.015623166666666854, -1.269685041666666736, 0.2764166633333334233 ) ) ;
#1726 = ORIENTED_EDGE ( 'NONE', *, *, #373, .T. ) ;
#1727 = ADVANCED_FACE ( 'NONE', ( #1228 ), #1657, .T. ) ;
#1728 = LINE ( 'NONE', #2166, #1379 ) ;
#1729 = ORIENTED_EDGE ( 'NONE', *, *, #1111, .T. ) ;
#1730 = CARTESIAN_POINT ( 'NONE',  ( -3.170623166666667103, 1.253018375000000129, 0.3333333333333333148 ) ) ;
#1731 = DIRECTION ( 'NONE',  ( -0.7071067811865480168, 0.000000000000000000, 0.7071067811865469066 ) ) ;
#1732 = ORIENTED_EDGE ( 'NONE', *, *, #594, .T. ) ;
#1733 = CARTESIAN_POINT ( 'NONE',  ( -3.303956500000000407, 0.9967070473926596952, 0.1666666666666667129 ) ) ;
#1734 = CARTESIAN_POINT ( 'NONE',  ( -3.303956500000000407, -0.5816868570296643837, 0.5816868570296643837 ) ) ;
#1735 = CARTESIAN_POINT ( 'NONE',  ( -3.462289833333333178, 1.219685041666666692, 0.1666666666666666852 ) ) ;
#1736 = LINE ( 'NONE', #2890, #794 ) ;
#1737 = FACE_OUTER_BOUND ( 'NONE', #2298, .T. ) ;
#1738 = VECTOR ( 'NONE', #2019, 39.37007874015748143 ) ;
#1739 = ADVANCED_FACE ( 'NONE', ( #2793 ), #798, .F. ) ;
#1740 = ORIENTED_EDGE ( 'NONE', *, *, #410, .T. ) ;
#1741 = AXIS2_PLACEMENT_3D ( 'NONE', #1752, #2838, #2613 ) ;
#1742 = VECTOR ( 'NONE', #1503, 39.37007874015748143 ) ;
#1743 = DIRECTION ( 'NONE',  ( -1.000000000000000000, -0.000000000000000000, -0.000000000000000000 ) ) ;
#1744 =( NAMED_UNIT ( * ) SI_UNIT ( $, .STERADIAN. ) SOLID_ANGLE_UNIT ( ) );
#1745 = VECTOR ( 'NONE', #894, 39.37007874015748143 ) ;
#1746 = ORIENTED_EDGE ( 'NONE', *, *, #415, .T. ) ;
#1747 = DIRECTION ( 'NONE',  ( -6.089381840214664851E-16, 0.5773502691896161831, 0.8164965809277326958 ) ) ;
#1748 = DIRECTION ( 'NONE',  ( 0.000000000000000000, -1.000000000000000000, 0.000000000000000000 ) ) ;
#1749 = ORIENTED_EDGE ( 'NONE', *, *, #594, .F. ) ;
#1750 = ADVANCED_FACE ( 'NONE', ( #2353 ), #1481, .F. ) ;
#1751 = ADVANCED_FACE ( 'NONE', ( #2824 ), #2765, .T. ) ;
#1752 = CARTESIAN_POINT ( 'NONE',  ( 0.000000000000000000, 0.000000000000000000, 0.1333333333333332760 ) ) ;
#1753 = EDGE_CURVE ( 'NONE', #2454, #1014, #2278, .T. ) ;
#1754 = VERTEX_POINT ( 'NONE', #2189 ) ;
#1755 = DIRECTION ( 'NONE',  ( 0.7071067811865487940, 0.000000000000000000, -0.7071067811865462405 ) ) ;
#1756 = LINE ( 'NONE', #653, #1867 ) ;
#1757 = LINE ( 'NONE', #2647, #394 ) ;
#1758 = AXIS2_PLACEMENT_3D ( 'NONE', #2016, #2498, #255 ) ;
#1759 = ORIENTED_EDGE ( 'NONE', *, *, #999, .T. ) ;
#1760 = LINE ( 'NONE', #234, #1281 ) ;
#1761 = VERTEX_POINT ( 'NONE', #1975 ) ;
#1762 = CARTESIAN_POINT ( 'NONE',  ( 3.337289833333334066, -1.419685041666666647, 0.3270220057259935476 ) ) ;
#1763 = PLANE ( 'NONE',  #597 ) ;
#1764 = EDGE_CURVE ( 'NONE', #291, #1226, #1711, .T. ) ;
#1765 = ORIENTED_EDGE ( 'NONE', *, *, #2733, .F. ) ;
#1766 = EDGE_CURVE ( 'NONE', #655, #1042, #1505, .T. ) ;
#1767 = CARTESIAN_POINT ( 'NONE',  ( 3.503956500000000585, -1.419685041666666647, 0.000000000000000000 ) ) ;
#1768 = DIRECTION ( 'NONE',  ( 0.7071067811865471286, 0.000000000000000000, -0.7071067811865479058 ) ) ;
#1769 = ORIENTED_EDGE ( 'NONE', *, *, #2155, .T. ) ;
#1770 = EDGE_CURVE ( 'NONE', #1029, #495, #1114, .T. ) ;
#1771 = DIRECTION ( 'NONE',  ( 0.7071067811865479058, 0.000000000000000000, 0.7071067811865471286 ) ) ;
#1772 = VECTOR ( 'NONE', #884, 39.37007874015748854 ) ;
#1773 = CARTESIAN_POINT ( 'NONE',  ( -3.503956500000000585, 0.1698223304703372072, 1.583196044529663338 ) ) ;
#1774 = DIRECTION ( 'NONE',  ( -0.4999999999999987788, 0.7071067811865494601, -0.4999999999999985012 ) ) ;
#1775 = EDGE_LOOP ( 'NONE', ( #2150, #1672, #1810, #2228 ) ) ;
#1776 = DIRECTION ( 'NONE',  ( 0.5773502691896109651, -3.204937810639252689E-17, 0.8164965809277363595 ) ) ;
#1777 = ORIENTED_EDGE ( 'NONE', *, *, #205, .F. ) ;
#1778 = EDGE_CURVE ( 'NONE', #648, #2000, #2854, .T. ) ;
#1779 = CARTESIAN_POINT ( 'NONE',  ( -3.462289833333333178, 1.244685041666665049, 0.1666666666666666852 ) ) ;
#1780 = LINE ( 'NONE', #905, #2881 ) ;
#1781 = ORIENTED_EDGE ( 'NONE', *, *, #2586, .F. ) ;
#1782 = CARTESIAN_POINT ( 'NONE',  ( 3.337289833333332734, 1.394685041666666736, 0.04166666666666689334 ) ) ;
#1783 = FACE_OUTER_BOUND ( 'NONE', #1785, .T. ) ;
#1784 = EDGE_CURVE ( 'NONE', #762, #2514, #1303, .T. ) ;
#1785 = EDGE_LOOP ( 'NONE', ( #2490, #2462, #161, #1171 ) ) ;
#1786 = DIRECTION ( 'NONE',  ( -0.7071067811865480168, 0.000000000000000000, 0.7071067811865469066 ) ) ;
#1787 = FACE_OUTER_BOUND ( 'NONE', #1323, .T. ) ;
#1788 = ORIENTED_EDGE ( 'NONE', *, *, #2717, .T. ) ;
#1789 = DIRECTION ( 'NONE',  ( 0.000000000000000000, 0.000000000000000000, 1.000000000000000000 ) ) ;
#1790 = EDGE_CURVE ( 'NONE', #1369, #1102, #2632, .T. ) ;
#1791 = ORIENTED_EDGE ( 'NONE', *, *, #1146, .T. ) ;
#1792 = VECTOR ( 'NONE', #1460, 39.37007874015748143 ) ;
#1793 = CARTESIAN_POINT ( 'NONE',  ( -3.499598893956669343, -0.7200269204839897519, 0.1666666666666670182 ) ) ;
#1794 = VECTOR ( 'NONE', #852, 39.37007874015748854 ) ;
#1795 = PLANE ( 'NONE',  #1199 ) ;
#1796 = VECTOR ( 'NONE', #843, 39.37007874015748143 ) ;
#1797 = EDGE_LOOP ( 'NONE', ( #942, #752, #1180, #747 ) ) ;
#1798 = DIRECTION ( 'NONE',  ( 0.000000000000000000, 0.000000000000000000, 1.000000000000000000 ) ) ;
#1799 = EDGE_CURVE ( 'NONE', #2194, #1093, #2202, .T. ) ;
#1800 = DIRECTION ( 'NONE',  ( 0.000000000000000000, 0.7071067811865474617, -0.7071067811865474617 ) ) ;
#1801 = EDGE_LOOP ( 'NONE', ( #930, #2231, #1749, #1817 ) ) ;
#1802 = CARTESIAN_POINT ( 'NONE',  ( -3.328956499999998986, 1.086351708333333388, 0.04166666666666651864 ) ) ;
#1803 = DIRECTION ( 'NONE',  ( 0.7071067811865472397, 0.000000000000000000, -0.7071067811865476838 ) ) ;
#1804 = ORIENTED_EDGE ( 'NONE', *, *, #901, .F. ) ;
#1805 = DIRECTION ( 'NONE',  ( -0.7071067811865474617, -0.7071067811865474617, 0.000000000000000000 ) ) ;
#1806 = ORIENTED_EDGE ( 'NONE', *, *, #2169, .T. ) ;
#1807 = VECTOR ( 'NONE', #1648, 39.37007874015748143 ) ;
#1808 = EDGE_CURVE ( 'NONE', #13, #1479, #1736, .T. ) ;
#1809 = DIRECTION ( 'NONE',  ( 0.000000000000000000, 0.000000000000000000, 1.000000000000000000 ) ) ;
#1810 = ORIENTED_EDGE ( 'NONE', *, *, #1346, .F. ) ;
#1811 = CARTESIAN_POINT ( 'NONE',  ( -3.303956500000000407, 1.086351708333333388, 0.2916666666666668517 ) ) ;
#1812 = DIRECTION ( 'NONE',  ( 0.7071067811865466846, -0.7071067811865483499, 0.000000000000000000 ) ) ;
#1813 = EDGE_LOOP ( 'NONE', ( #1972, #1088, #1678, #111 ) ) ;
#1814 = DIRECTION ( 'NONE',  ( 0.000000000000000000, 0.000000000000000000, 1.000000000000000000 ) ) ;
#1815 = PLANE ( 'NONE',  #1506 ) ;
#1816 = VECTOR ( 'NONE', #2520, 39.37007874015748143 ) ;
#1817 = ORIENTED_EDGE ( 'NONE', *, *, #415, .F. ) ;
#1818 = CARTESIAN_POINT ( 'NONE',  ( -3.503956500000000585, 1.419685041666666647, 0.3333333333333333148 ) ) ;
#1819 = ORIENTED_EDGE ( 'NONE', *, *, #1832, .T. ) ;
#1820 = ADVANCED_FACE ( 'NONE', ( #1961 ), #1493, .T. ) ;
#1821 = CARTESIAN_POINT ( 'NONE',  ( 2.006643101303668075, -2.006643101303668075, 0.1333333333333332760 ) ) ;
#1822 = ORIENTED_EDGE ( 'NONE', *, *, #1416, .T. ) ;
#1823 = CARTESIAN_POINT ( 'NONE',  ( -3.337289833333333622, 1.244685041666665049, 0.2916666666666666297 ) ) ;
#1824 = DIRECTION ( 'NONE',  ( 0.7071067811865547892, 0.4999999999999948930, -0.4999999999999948930 ) ) ;
#1825 = CARTESIAN_POINT ( 'NONE',  ( -3.478956500000001562, -1.211351708333333388, 0.1666666666666669905 ) ) ;
#1826 = ORIENTED_EDGE ( 'NONE', *, *, #844, .T. ) ;
#1827 = DIMENSIONAL_EXPONENTS ( 1.000000000000000000, 0.000000000000000000, 0.000000000000000000, 0.000000000000000000, 0.000000000000000000, 0.000000000000000000, 0.000000000000000000 ) ;
#1828 = DIRECTION ( 'NONE',  ( 7.563653233108695684E-15, 0.8164965809277264785, -0.5773502691896250649 ) ) ;
#1829 = CARTESIAN_POINT ( 'NONE',  ( -3.303956500000000407, -0.9613517083333333879, 0.1666666666666669905 ) ) ;
#1830 = ORIENTED_EDGE ( 'NONE', *, *, #1991, .T. ) ;
#1831 = DIRECTION ( 'NONE',  ( -0.4999999999999932276, -0.7071067811865572317, 0.4999999999999930056 ) ) ;
#1832 = EDGE_CURVE ( 'NONE', #2650, #572, #2384, .T. ) ;
#1833 = ORIENTED_EDGE ( 'NONE', *, *, #2221, .F. ) ;
#1834 = VECTOR ( 'NONE', #1529, 39.37007874015748143 ) ;
#1835 = LINE ( 'NONE', #2340, #1241 ) ;
#1836 = EDGE_LOOP ( 'NONE', ( #1631, #1075, #697, #1643 ) ) ;
#1837 = CARTESIAN_POINT ( 'NONE',  ( 2.860623166666667050, -1.269685041666666736, 0.3333333333333333148 ) ) ;
#1838 = VECTOR ( 'NONE', #1800, 39.37007874015748854 ) ;
#1839 = VECTOR ( 'NONE', #1477, 39.37007874015748854 ) ;
#1840 = FACE_OUTER_BOUND ( 'NONE', #2003, .T. ) ;
#1841 = DIRECTION ( 'NONE',  ( 1.000000000000000000, 0.000000000000000000, 0.000000000000000000 ) ) ;
#1842 = EDGE_CURVE ( 'NONE', #934, #2408, #841, .T. ) ;
#1843 = EDGE_LOOP ( 'NONE', ( #1769, #2167, #493, #1189 ) ) ;
#1844 = VECTOR ( 'NONE', #1076, 39.37007874015748143 ) ;
#1845 = EDGE_CURVE ( 'NONE', #1705, #355, #2162, .T. ) ;
#1846 = ADVANCED_FACE ( 'NONE', ( #172 ), #2414, .F. ) ;
#1847 = LINE ( 'NONE', #2234, #395 ) ;
#1848 = CARTESIAN_POINT ( 'NONE',  ( -3.462289833333333178, 1.244685041666665049, 0.1666666666666666852 ) ) ;
#1849 = ORIENTED_EDGE ( 'NONE', *, *, #433, .F. ) ;
#1850 = DIRECTION ( 'NONE',  ( 0.4999999999999950040, 0.7071067811865534569, -0.4999999999999968359 ) ) ;
#1851 = EDGE_LOOP ( 'NONE', ( #1198, #1686, #1307, #481 ) ) ;
#1852 = VECTOR ( 'NONE', #278, 39.37007874015748854 ) ;
#1853 = ORIENTED_EDGE ( 'NONE', *, *, #2815, .T. ) ;
#1854 = DIRECTION ( 'NONE',  ( -2.255206291344518547E-16, 1.000000000000000000, 0.000000000000000000 ) ) ;
#1855 = DIRECTION ( 'NONE',  ( -8.012344526598212397E-16, -0.5773502691896218453, -0.8164965809277288100 ) ) ;
#1856 = PLANE ( 'NONE',  #1060 ) ;
#1857 = EDGE_CURVE ( 'NONE', #2113, #1761, #667, .T. ) ;
#1858 = ORIENTED_EDGE ( 'NONE', *, *, #2135, .F. ) ;
#1859 = EDGE_CURVE ( 'NONE', #1970, #2650, #1517, .T. ) ;
#1860 = EDGE_CURVE ( 'NONE', #839, #655, #1949, .T. ) ;
#1861 = FACE_OUTER_BOUND ( 'NONE', #2156, .T. ) ;
#1862 = CARTESIAN_POINT ( 'NONE',  ( 3.212289833333333178, 1.219685041666666692, 0.1666666666666666574 ) ) ;
#1863 = VERTEX_POINT ( 'NONE', #2618 ) ;
#1864 = CARTESIAN_POINT ( 'NONE',  ( 3.378956500000000585, 1.335759476567788484, 0.1666666666666656860 ) ) ;
#1865 = VERTEX_POINT ( 'NONE', #1082 ) ;
#1866 = EDGE_LOOP ( 'NONE', ( #2527, #141, #1330, #1765 ) ) ;
#1867 = VECTOR ( 'NONE', #2218, 39.37007874015748854 ) ;
#1868 = CARTESIAN_POINT ( 'NONE',  ( 3.212289833333333622, -0.5863517083333330548, 0.1333333333333332760 ) ) ;
#1869 = VERTEX_POINT ( 'NONE', #1336 ) ;
#1870 = DIRECTION ( 'NONE',  ( 0.7071067811865543451, -0.4999999999999953926, -0.4999999999999951705 ) ) ;
#1871 = LINE ( 'NONE', #2055, #1142 ) ;
#1872 = CARTESIAN_POINT ( 'NONE',  ( -3.462289833333333178, 1.219685041666666692, 0.1666666666666666852 ) ) ;
#1873 = EDGE_LOOP ( 'NONE', ( #124, #1207, #1650, #470 ) ) ;
#1874 = CARTESIAN_POINT ( 'NONE',  ( 3.015623166666666854, -1.419685041666666647, 0.1666666633333332981 ) ) ;
#1875 = PLANE ( 'NONE',  #1135 ) ;
#1876 = LINE ( 'NONE', #2351, #208 ) ;
#1877 = DIRECTION ( 'NONE',  ( 0.7071067811865466846, -0.7071067811865483499, 0.000000000000000000 ) ) ;
#1878 = EDGE_CURVE ( 'NONE', #1015, #2873, #1756, .T. ) ;
#1879 = ORIENTED_EDGE ( 'NONE', *, *, #1370, .F. ) ;
#1880 = EDGE_CURVE ( 'NONE', #2536, #2113, #1591, .T. ) ;
#1881 = DIRECTION ( 'NONE',  ( -0.000000000000000000, -0.000000000000000000, 1.000000000000000000 ) ) ;
#1882 = ORIENTED_EDGE ( 'NONE', *, *, #2257, .F. ) ;
#1883 = CARTESIAN_POINT ( 'NONE',  ( -3.503956500000000585, -1.419685041666666647, 0.3333333333333333148 ) ) ;
#1884 = CARTESIAN_POINT ( 'NONE',  ( -3.337289833333333622, 1.419685041666666647, 0.006311327607340533156 ) ) ;
#1885 = VECTOR ( 'NONE', #1423, 39.37007874015748143 ) ;
#1886 = EDGE_LOOP ( 'NONE', ( #2817, #600, #2811, #187 ) ) ;
#1887 = VECTOR ( 'NONE', #2516, 39.37007874015748143 ) ;
#1888 = ADVANCED_FACE ( 'NONE', ( #2676 ), #2043, .F. ) ;
#1889 = PLANE ( 'NONE',  #1090 ) ;
#1890 = LINE ( 'NONE', #2776, #860 ) ;
#1891 = VECTOR ( 'NONE', #217, 39.37007874015748854 ) ;
#1892 = DIRECTION ( 'NONE',  ( 0.000000000000000000, -0.7071067811865476838, 0.7071067811865473507 ) ) ;
#1893 = DIRECTION ( 'NONE',  ( 0.7071067811865473507, 0.000000000000000000, 0.7071067811865476838 ) ) ;
#1894 = ORIENTED_EDGE ( 'NONE', *, *, #1161, .F. ) ;
#1895 = LINE ( 'NONE', #2563, #2550 ) ;
#1896 = ORIENTED_EDGE ( 'NONE', *, *, #2139, .F. ) ;
#1897 = DIRECTION ( 'NONE',  ( 0.7071067811865473507, 0.000000000000000000, 0.7071067811865476838 ) ) ;
#1898 = CARTESIAN_POINT ( 'NONE',  ( -3.503956500000000585, 1.419685041666666647, 0.000000000000000000 ) ) ;
#1899 = VECTOR ( 'NONE', #804, 39.37007874015748854 ) ;
#1900 = EDGE_LOOP ( 'NONE', ( #2635, #427, #2418, #1746 ) ) ;
#1901 = CARTESIAN_POINT ( 'NONE',  ( 3.194612163803670413, -0.6040293778629964860, 0.3333333333333333148 ) ) ;
#1902 = FACE_OUTER_BOUND ( 'NONE', #465, .T. ) ;
#1903 = ORIENTED_EDGE ( 'NONE', *, *, #1395, .T. ) ;
#1904 = DIRECTION ( 'NONE',  ( -0.000000000000000000, 1.000000000000000000, 0.000000000000000000 ) ) ;
#1905 = PLANE ( 'NONE',  #917 ) ;
#1906 = EDGE_LOOP ( 'NONE', ( #2245, #93, #2731, #2807 ) ) ;
#1907 = EDGE_CURVE ( 'NONE', #495, #2410, #2695, .T. ) ;
#1908 = ORIENTED_EDGE ( 'NONE', *, *, #2139, .T. ) ;
#1909 = AXIS2_PLACEMENT_3D ( 'NONE', #1186, #1626, #2022 ) ;
#1910 = EDGE_CURVE ( 'NONE', #2194, #2659, #1227, .T. ) ;
#1911 = CARTESIAN_POINT ( 'NONE',  ( 3.337289833333333622, -1.244685041666666603, 0.04166666666666665741 ) ) ;
#1912 = CARTESIAN_POINT ( 'NONE',  ( -3.328956500000000318, -1.086351708333333388, 0.04166666666666694191 ) ) ;
#1913 = EDGE_LOOP ( 'NONE', ( #1073, #1777, #51, #2412 ) ) ;
#1914 = DIRECTION ( 'NONE',  ( 0.7071067811865473507, 0.000000000000000000, -0.7071067811865476838 ) ) ;
#1915 = CARTESIAN_POINT ( 'NONE',  ( -3.303956500000000407, -0.5046648513036690042, -0.5046648513036690042 ) ) ;
#1916 = ORIENTED_EDGE ( 'NONE', *, *, #2066, .F. ) ;
#1917 = ORIENTED_EDGE ( 'NONE', *, *, #2424, .F. ) ;
#1918 = EDGE_CURVE ( 'NONE', #1869, #2078, #1566, .T. ) ;
#1919 = PLANE ( 'NONE',  #2870 ) ;
#1920 = DIRECTION ( 'NONE',  ( 1.000000000000000000, 0.000000000000000000, 0.000000000000000000 ) ) ;
#1921 = ORIENTED_EDGE ( 'NONE', *, *, #2445, .T. ) ;
#1922 = CARTESIAN_POINT ( 'NONE',  ( -3.462289833333333178, 1.394685041666667846, 0.1666666666666666852 ) ) ;
#1923 = CARTESIAN_POINT ( 'NONE',  ( 3.015623166666666854, -1.269685041666666736, 0.2764166633333334233 ) ) ;
#1924 = VERTEX_POINT ( 'NONE', #1143 ) ;
#1925 = EDGE_CURVE ( 'NONE', #2865, #2749, #246, .T. ) ;
#1926 = LINE ( 'NONE', #193, #1651 ) ;
#1927 = FACE_BOUND ( 'NONE', #2269, .T. ) ;
#1928 = ORIENTED_EDGE ( 'NONE', *, *, #149, .T. ) ;
#1929 = VECTOR ( 'NONE', #1948, 39.37007874015748143 ) ;
#1930 = ADVANCED_FACE ( 'NONE', ( #898 ), #2721, .F. ) ;
#1931 = DIRECTION ( 'NONE',  ( 0.7071067811865480168, 0.000000000000000000, 0.7071067811865469066 ) ) ;
#1932 = VECTOR ( 'NONE', #1588, 39.37007874015748143 ) ;
#1933 = CARTESIAN_POINT ( 'NONE',  ( 3.015623166666666854, -1.269685041666666736, 0.08191666333333362526 ) ) ;
#1934 = ORIENTED_EDGE ( 'NONE', *, *, #1582, .F. ) ;
#1935 = VECTOR ( 'NONE', #1687, 39.37007874015748143 ) ;
#1936 = LINE ( 'NONE', #1647, #775 ) ;
#1937 = VECTOR ( 'NONE', #1083, 39.37007874015748854 ) ;
#1938 = VERTEX_POINT ( 'NONE', #1380 ) ;
#1939 = CARTESIAN_POINT ( 'NONE',  ( 3.337289833333322964, -1.776901309372898030, -0.4183473199557223299 ) ) ;
#1940 = PLANE ( 'NONE',  #2363 ) ;
#1941 = ORIENTED_EDGE ( 'NONE', *, *, #1524, .F. ) ;
#1942 = DIRECTION ( 'NONE',  ( 0.000000000000000000, -0.7071067811865474617, 0.7071067811865474617 ) ) ;
#1943 = PRODUCT_DEFINITION_SHAPE ( 'NONE', 'NONE',  #2121 ) ;
#1944 = AXIS2_PLACEMENT_3D ( 'NONE', #437, #2239, #266 ) ;
#1945 = PLANE ( 'NONE',  #123 ) ;
#1946 = VERTEX_POINT ( 'NONE', #708 ) ;
#1947 = VECTOR ( 'NONE', #1634, 39.37007874015748854 ) ;
#1948 = DIRECTION ( 'NONE',  ( 0.7071067811865473507, 0.000000000000000000, 0.7071067811865476838 ) ) ;
#1949 = LINE ( 'NONE', #416, #375 ) ;
#1950 = DIRECTION ( 'NONE',  ( 0.000000000000000000, 0.000000000000000000, 1.000000000000000000 ) ) ;
#1951 = VERTEX_POINT ( 'NONE', #2276 ) ;
#1952 = CARTESIAN_POINT ( 'NONE',  ( 3.337289833333332290, 1.419685041666666647, 0.006311327607339948555 ) ) ;
#1953 = ORIENTED_EDGE ( 'NONE', *, *, #2539, .T. ) ;
#1954 = CARTESIAN_POINT ( 'NONE',  ( 3.462289833333333178, -0.5863517083333332769, 0.3083333333333334592 ) ) ;
#1955 = CARTESIAN_POINT ( 'NONE',  ( 3.337289833333333622, -1.211351708333333166, 0.1583333333333332149 ) ) ;
#1956 = ORIENTED_EDGE ( 'NONE', *, *, #218, .T. ) ;
#1957 = DIRECTION ( 'NONE',  ( -0.7071067811865475727, 0.7071067811865475727, 0.000000000000000000 ) ) ;
#1958 = ADVANCED_FACE ( 'NONE', ( #1129 ), #1622, .F. ) ;
#1959 = CARTESIAN_POINT ( 'NONE',  ( -3.337289833333333622, 1.394685041666667846, 0.04166666666666678925 ) ) ;
#1960 = DIRECTION ( 'NONE',  ( 1.000000000000000000, 0.000000000000000000, 0.000000000000000000 ) ) ;
#1961 = FACE_OUTER_BOUND ( 'NONE', #216, .T. ) ;
#1962 = DIRECTION ( 'NONE',  ( -0.8164965809277383579, 9.198171516534834457E-15, -0.5773502691896080785 ) ) ;
#1963 = EDGE_LOOP ( 'NONE', ( #1266, #1894, #438, #992 ) ) ;
#1964 = DIRECTION ( 'NONE',  ( 0.000000000000000000, -0.7071067811865474617, 0.7071067811865474617 ) ) ;
#1965 = EDGE_CURVE ( 'NONE', #2622, #1568, #2500, .T. ) ;
#1966 = ORIENTED_EDGE ( 'NONE', *, *, #1910, .F. ) ;
#1967 = CARTESIAN_POINT ( 'NONE',  ( -3.170623166666667103, 1.253018375000000129, 0.000000000000000000 ) ) ;
#1968 = EDGE_CURVE ( 'NONE', #1761, #1066, #1847, .T. ) ;
#1969 = LINE ( 'NONE', #2420, #363 ) ;
#1970 = VERTEX_POINT ( 'NONE', #2737 ) ;
#1971 = FACE_OUTER_BOUND ( 'NONE', #390, .T. ) ;
#1972 = ORIENTED_EDGE ( 'NONE', *, *, #523, .T. ) ;
#1973 = CARTESIAN_POINT ( 'NONE',  ( -0.08017766952966176586, -1.419685041666666647, -3.090445497137003894 ) ) ;
#1974 = VECTOR ( 'NONE', #1892, 39.37007874015748143 ) ;
#1975 = CARTESIAN_POINT ( 'NONE',  ( 3.337289833333332734, 1.394685041666666736, 0.2916666666666663521 ) ) ;
#1976 = FACE_BOUND ( 'NONE', #1843, .T. ) ;
#1977 = ORIENTED_EDGE ( 'NONE', *, *, #712, .T. ) ;
#1978 = VECTOR ( 'NONE', #2411, 39.37007874015748143 ) ;
#1979 = CONICAL_SURFACE ( 'NONE', #727, 0.1097500000000001114, 0.7853981633974482790 ) ;
#1980 = CARTESIAN_POINT ( 'NONE',  ( 3.462289833333332734, 1.394685041666666736, 0.1666666666666666574 ) ) ;
#1981 = VECTOR ( 'NONE', #1417, 39.37007874015748143 ) ;
#1982 = ORIENTED_EDGE ( 'NONE', *, *, #2404, .F. ) ;
#1983 = CARTESIAN_POINT ( 'NONE',  ( 3.337289833333332734, 1.945878639696274837, 1.283304162849358221 ) ) ;
#1984 = EDGE_CURVE ( 'NONE', #1396, #1865, #2018, .T. ) ;
#1985 = PLANE ( 'NONE',  #2697 ) ;
#1986 = ORIENTED_EDGE ( 'NONE', *, *, #2021, .F. ) ;
#1987 = LINE ( 'NONE', #442, #2206 ) ;
#1988 = ORIENTED_EDGE ( 'NONE', *, *, #2798, .F. ) ;
#1989 = FACE_OUTER_BOUND ( 'NONE', #158, .T. ) ;
#1990 = CARTESIAN_POINT ( 'NONE',  ( -3.303956500000000407, 0.6713315179703369662, 0.6713315179703369662 ) ) ;
#1991 = EDGE_CURVE ( 'NONE', #2533, #2341, #913, .T. ) ;
#1992 = CARTESIAN_POINT ( 'NONE',  ( -3.328956499999998986, 1.211351708333333610, 0.1666666666666666852 ) ) ;
#1993 = VECTOR ( 'NONE', #2274, 39.37007874015748854 ) ;
#1994 = VERTEX_POINT ( 'NONE', #698 ) ;
#1995 = CARTESIAN_POINT ( 'NONE',  ( -3.303956500000000407, 1.086351708333333388, 0.04166666666666651864 ) ) ;
#1996 = VERTEX_POINT ( 'NONE', #2472 ) ;
#1997 = LINE ( 'NONE', #1779, #1844 ) ;
#1998 = EDGE_CURVE ( 'NONE', #1226, #1863, #475, .T. ) ;
#1999 = LINE ( 'NONE', #1358, #1478 ) ;
#2000 = VERTEX_POINT ( 'NONE', #519 ) ;
#2001 = LINE ( 'NONE', #2029, #635 ) ;
#2002 = CARTESIAN_POINT ( 'NONE',  ( -3.337289833333333622, 1.394685041666667846, 0.04166666666666678925 ) ) ;
#2003 = EDGE_LOOP ( 'NONE', ( #1136, #1459, #644, #2430 ) ) ;
#2004 = CARTESIAN_POINT ( 'NONE',  ( -3.503956500000000585, -1.086351708333333388, 0.006311327607340490656 ) ) ;
#2005 = AXIS2_PLACEMENT_3D ( 'NONE', #478, #1641, #1584 ) ;
#2006 = DIRECTION ( 'NONE',  ( -0.000000000000000000, -0.000000000000000000, -1.000000000000000000 ) ) ;
#2007 = DIRECTION ( 'NONE',  ( 0.8164965809277362485, -4.871505472171758702E-15, 0.5773502691896111871 ) ) ;
#2008 = EDGE_LOOP ( 'NONE', ( #1928, #70, #2165, #302 ) ) ;
#2009 = DIRECTION ( 'NONE',  ( -0.000000000000000000, -0.000000000000000000, 1.000000000000000000 ) ) ;
#2010 = EDGE_LOOP ( 'NONE', ( #1956, #1583, #2333, #1599 ) ) ;
#2011 = DIRECTION ( 'NONE',  ( 0.8164965809277351383, 0.5773502691896128525, 1.281975124255731644E-16 ) ) ;
#2012 = EDGE_CURVE ( 'NONE', #1754, #2275, #1365, .T. ) ;
#2013 = DIRECTION ( 'NONE',  ( 0.7071067811865480168, 0.000000000000000000, 0.7071067811865469066 ) ) ;
#2014 = VERTEX_POINT ( 'NONE', #2247 ) ;
#2015 = DIRECTION ( 'NONE',  ( -6.281678108852965766E-15, 0.8164965809277253683, -0.5773502691896266192 ) ) ;
#2016 = CARTESIAN_POINT ( 'NONE',  ( -3.303956500000000407, 0.6713315179703369662, 0.6713315179703369662 ) ) ;
#2017 = EDGE_LOOP ( 'NONE', ( #1414, #1833, #1447, #715 ) ) ;
#2018 = LINE ( 'NONE', #740, #1420 ) ;
#2019 = DIRECTION ( 'NONE',  ( 0.7071067811865487940, 0.000000000000000000, -0.7071067811865462405 ) ) ;
#2020 = ORIENTED_EDGE ( 'NONE', *, *, #1194, .F. ) ;
#2021 = EDGE_CURVE ( 'NONE', #104, #1924, #258, .T. ) ;
#2022 = DIRECTION ( 'NONE',  ( 0.000000000000000000, 0.7071067811865476838, 0.7071067811865473507 ) ) ;
#2023 = VECTOR ( 'NONE', #2007, 39.37007874015748854 ) ;
#2024 = VERTEX_POINT ( 'NONE', #2261 ) ;
#2025 = VECTOR ( 'NONE', #550, 39.37007874015748143 ) ;
#2026 = DIRECTION ( 'NONE',  ( 0.7071067811865471286, 0.7071067811865479058, 0.000000000000000000 ) ) ;
#2027 = AXIS2_PLACEMENT_3D ( 'NONE', #717, #459, #1798 ) ;
#2028 = VERTEX_POINT ( 'NONE', #272 ) ;
#2029 = CARTESIAN_POINT ( 'NONE',  ( 3.337289833333332734, -0.6280183749999992404, 0.2494077682344539026 ) ) ;
#2030 = LINE ( 'NONE', #2470, #1708 ) ;
#2031 = VERTEX_POINT ( 'NONE', #1156 ) ;
#2032 = CARTESIAN_POINT ( 'NONE',  ( 3.337289833333332734, 1.244685041666666603, 0.2916666666666663521 ) ) ;
#2033 = LINE ( 'NONE', #2679, #995 ) ;
#2034 = VERTEX_POINT ( 'NONE', #940 ) ;
#2035 = CARTESIAN_POINT ( 'NONE',  ( -3.328956500000000318, -0.9613517083333333879, 0.1666666666666669905 ) ) ;
#2036 = VERTEX_POINT ( 'NONE', #2763 ) ;
#2037 = LINE ( 'NONE', #252, #2220 ) ;
#2038 = ORIENTED_EDGE ( 'NONE', *, *, #99, .T. ) ;
#2039 = DIRECTION ( 'NONE',  ( 0.7071067811865474617, 0.000000000000000000, -0.7071067811865474617 ) ) ;
#2040 = PLANE ( 'NONE',  #2316 ) ;
#2041 = ORIENTED_EDGE ( 'NONE', *, *, #1188, .F. ) ;
#2042 = ADVANCED_FACE ( 'NONE', ( #2322 ), #330, .T. ) ;
#2043 = PLANE ( 'NONE',  #2582 ) ;
#2044 = DIRECTION ( 'NONE',  ( 0.7071067811865480168, 0.000000000000000000, -0.7071067811865469066 ) ) ;
#2045 = VECTOR ( 'NONE', #2842, 39.37007874015748143 ) ;
#2046 = ORIENTED_EDGE ( 'NONE', *, *, #507, .F. ) ;
#2047 = FACE_OUTER_BOUND ( 'NONE', #1873, .T. ) ;
#2048 = ORIENTED_EDGE ( 'NONE', *, *, #2312, .T. ) ;
#2049 = EDGE_CURVE ( 'NONE', #1482, #1160, #356, .T. ) ;
#2050 = DIRECTION ( 'NONE',  ( 0.5773502691896204020, 0.8164965809277296982, 2.051160198809149331E-15 ) ) ;
#2051 = ORIENTED_EDGE ( 'NONE', *, *, #651, .F. ) ;
#2052 = ADVANCED_FACE ( 'NONE', ( #2349, #1861 ), #87, .T. ) ;
#2053 = EDGE_CURVE ( 'NONE', #1419, #2736, #2802, .T. ) ;
#2054 = LINE ( 'NONE', #2746, #304 ) ;
#2055 = CARTESIAN_POINT ( 'NONE',  ( 2.220652337150640143, 1.945878639696272616, 0.1666666666666641594 ) ) ;
#2056 = CARTESIAN_POINT ( 'NONE',  ( -3.503956500000000585, -1.419685041666666647, 0.000000000000000000 ) ) ;
#2057 = ORIENTED_EDGE ( 'NONE', *, *, #1784, .T. ) ;
#2058 = DIRECTION ( 'NONE',  ( -0.4999999999999973355, -0.4999999999999973355, -0.7071067811865513475 ) ) ;
#2059 = CARTESIAN_POINT ( 'NONE',  ( -3.303956500000000407, 0.9613517083333332769, 0.1666666666666667129 ) ) ;
#2060 = ORIENTED_EDGE ( 'NONE', *, *, #1639, .T. ) ;
#2061 = LINE ( 'NONE', #1610, #2706 ) ;
#2062 = VERTEX_POINT ( 'NONE', #980 ) ;
#2063 = EDGE_CURVE ( 'NONE', #1863, #1479, #795, .T. ) ;
#2064 = CLOSED_SHELL ( 'NONE', ( #1250, #1011, #194, #767, #1019, #2664, #690, #664, #296, #1751, #1340, #806, #719, #915, #2280, #1656, #509, #136, #2464, #231, #2132, #1704, #2192, #2427, #2884, #2756, #2226, #110, #338, #1715, #685, #159, #2701, #2640, #948, #610, #2042, #2583, #1412, #2179, #853, #2652, #1640, #1689, #222, #1625, #2572, #1535, #1304, #801, #738, #2295, #974, #826, #1085, #2704, #2345, #1442, #634, #1552, #2304, #292, #823, #896, #2509, #1930, #1958, #2152, #1492, #1616, #2352, #2827, #430, #201, #877, #274, #1325, #2141, #2502, #1727, #1321, #450, #2324, #245, #1105, #2437, #1888, #1448, #1124, #2515, #746, #1820, #1546, #85, #2070, #2665, #1739, #1058, #985, #31, #1750, #1108, #6, #1265, #1846, #2052, #384, #1065 ) ) ;
#2065 = LINE ( 'NONE', #527, #2217 ) ;
#2066 = EDGE_CURVE ( 'NONE', #655, #1754, #1652, .T. ) ;
#2067 = ORIENTED_EDGE ( 'NONE', *, *, #599, .T. ) ;
#2068 = LINE ( 'NONE', #716, #1182 ) ;
#2069 = VECTOR ( 'NONE', #325, 39.37007874015748854 ) ;
#2070 = ADVANCED_FACE ( 'NONE', ( #2750 ), #2365, .T. ) ;
#2071 = CARTESIAN_POINT ( 'NONE',  ( 3.337289833333333622, -0.9613517083333332769, 0.3083333333333323489 ) ) ;
#2072 = CIRCLE ( 'NONE', #1697, 0.1097500000000001114 ) ;
#2073 = DIRECTION ( 'NONE',  ( 0.7071067811865483499, 0.7071067811865466846, 0.000000000000000000 ) ) ;
#2074 = ORIENTED_EDGE ( 'NONE', *, *, #251, .F. ) ;
#2075 = VECTOR ( 'NONE', #1457, 39.37007874015748854 ) ;
#2076 = CARTESIAN_POINT ( 'NONE',  ( 3.015623166666666854, -1.269685041666666736, 0.1666666633333332981 ) ) ;
#2077 = CARTESIAN_POINT ( 'NONE',  ( 3.337289833333333622, -1.394685041666666736, 0.04166666666666665741 ) ) ;
#2078 = VERTEX_POINT ( 'NONE', #1636 ) ;
#2079 = CARTESIAN_POINT ( 'NONE',  ( -1.707155919529663501, 1.219685041666666692, 1.707155919529663501 ) ) ;
#2080 = VERTEX_POINT ( 'NONE', #369 ) ;
#2081 = VECTOR ( 'NONE', #1881, 39.37007874015748143 ) ;
#2082 =( CONVERSION_BASED_UNIT ( 'INCH', #1191 ) LENGTH_UNIT ( ) NAMED_UNIT ( #1827 ) );
#2083 = AXIS2_PLACEMENT_3D ( 'NONE', #327, #2073, #1210 ) ;
#2084 = ORIENTED_EDGE ( 'NONE', *, *, #1968, .T. ) ;
#2085 = PLANE ( 'NONE',  #166 ) ;
#2086 = DIRECTION ( 'NONE',  ( 0.4999999999999963363, 0.7071067811865515695, -0.4999999999999981681 ) ) ;
#2087 = DIRECTION ( 'NONE',  ( 0.000000000000000000, 0.7071067811865474617, 0.7071067811865474617 ) ) ;
#2088 = EDGE_LOOP ( 'NONE', ( #867, #2770, #1988, #2048 ) ) ;
#2089 = EDGE_CURVE ( 'NONE', #2514, #762, #2535, .T. ) ;
#2090 = DIRECTION ( 'NONE',  ( 0.7071067811865471286, 0.7071067811865479058, 0.000000000000000000 ) ) ;
#2091 = CARTESIAN_POINT ( 'NONE',  ( 3.170623166666666659, -1.269685041666666736, 0.3333333333333333148 ) ) ;
#2092 = DIRECTION ( 'NONE',  ( 0.5773502691896104100, 0.8164965809277369146, -1.281975124255736821E-15 ) ) ;
#2093 = EDGE_CURVE ( 'NONE', #911, #766, #2529, .T. ) ;
#2094 = LINE ( 'NONE', #786, #2518 ) ;
#2095 = EDGE_LOOP ( 'NONE', ( #220, #1487, #525, #2888 ) ) ;
#2096 = LINE ( 'NONE', #761, #501 ) ;
#2097 = VERTEX_POINT ( 'NONE', #2129 ) ;
#2098 = EDGE_CURVE ( 'NONE', #104, #987, #533, .T. ) ;
#2099 = LINE ( 'NONE', #1883, #1280 ) ;
#2100 = DIRECTION ( 'NONE',  ( 0.4999999999999991118, 0.7071067811865475727, 0.5000000000000009992 ) ) ;
#2101 = CARTESIAN_POINT ( 'NONE',  ( 3.212289833333333622, -0.5863517083333330548, 0.3083333333333334592 ) ) ;
#2102 = VERTEX_POINT ( 'NONE', #316 ) ;
#2103 = CARTESIAN_POINT ( 'NONE',  ( 3.337289833333333622, -0.7113517083333331659, 0.1333333333333332760 ) ) ;
#2104 = DIRECTION ( 'NONE',  ( 0.7071067811865491270, 0.7071067811865459074, 0.000000000000000000 ) ) ;
#2105 = DIRECTION ( 'NONE',  ( 0.000000000000000000, 0.7071067811865474617, 0.7071067811865474617 ) ) ;
#2106 = CARTESIAN_POINT ( 'NONE',  ( 3.212289833333333622, -1.219685041666666692, 0.1666666666666666574 ) ) ;
#2107 = ORIENTED_EDGE ( 'NONE', *, *, #736, .F. ) ;
#2108 = CARTESIAN_POINT ( 'NONE',  ( 3.337289833333332734, 1.394685041666666736, 0.04166666666666689334 ) ) ;
#2109 = ORIENTED_EDGE ( 'NONE', *, *, #2562, .T. ) ;
#2110 = CARTESIAN_POINT ( 'NONE',  ( 0.000000000000000000, 1.219685041666666692, 0.000000000000000000 ) ) ;
#2111 = DIRECTION ( 'NONE',  ( 0.000000000000000000, 0.7071067811865476838, 0.7071067811865473507 ) ) ;
#2112 = VECTOR ( 'NONE', #994, 39.37007874015748143 ) ;
#2113 = VERTEX_POINT ( 'NONE', #587 ) ;
#2114 = VECTOR ( 'NONE', #2485, 39.37007874015748143 ) ;
#2115 = AXIS2_PLACEMENT_3D ( 'NONE', #2130, #2852, #155 ) ;
#2116 = PLANE ( 'NONE',  #2253 ) ;
#2117 = DIRECTION ( 'NONE',  ( 0.8164965809277285880, -0.5773502691896218453, -6.734375574605790817E-15 ) ) ;
#2118 = VECTOR ( 'NONE', #1118, 39.37007874015748143 ) ;
#2119 = DIRECTION ( 'NONE',  ( -0.4999999999999997224, -0.7071067811865475727, -0.5000000000000003331 ) ) ;
#2120 = DIRECTION ( 'NONE',  ( -0.7071067811865486830, 0.7071067811865462405, 0.000000000000000000 ) ) ;
#2121 = PRODUCT_DEFINITION ( 'UNKNOWN', '', #2314, #8 ) ;
#2122 = ORIENTED_EDGE ( 'NONE', *, *, #2787, .F. ) ;
#2123 = LINE ( 'NONE', #945, #2504 ) ;
#2124 = ORIENTED_EDGE ( 'NONE', *, *, #1031, .F. ) ;
#2125 = LINE ( 'NONE', #803, #2075 ) ;
#2126 = CARTESIAN_POINT ( 'NONE',  ( -3.478956500000001562, -1.211351708333333388, 0.1666666666666669905 ) ) ;
#2127 = VECTOR ( 'NONE', #2184, 39.37007874015748854 ) ;
#2128 = ORIENTED_EDGE ( 'NONE', *, *, #1452, .F. ) ;
#2129 = CARTESIAN_POINT ( 'NONE',  ( -3.337289833333333622, 1.394685041666667846, 0.2916666666666666297 ) ) ;
#2130 = CARTESIAN_POINT ( 'NONE',  ( 3.015623166666666854, -1.269685041666666736, 0.1666666633333332981 ) ) ;
#2131 = PLANE ( 'NONE',  #720 ) ;
#2132 = ADVANCED_FACE ( 'NONE', ( #100 ), #142, .F. ) ;
#2133 = DIRECTION ( 'NONE',  ( -0.7071067811865474617, -0.7071067811865474617, -0.000000000000000000 ) ) ;
#2134 = ORIENTED_EDGE ( 'NONE', *, *, #2677, .T. ) ;
#2135 = EDGE_CURVE ( 'NONE', #2014, #1158, #1476, .T. ) ;
#2136 = ORIENTED_EDGE ( 'NONE', *, *, #2528, .F. ) ;
#2137 = VECTOR ( 'NONE', #1466, 39.37007874015748143 ) ;
#2138 = DIRECTION ( 'NONE',  ( 1.000000000000000000, 0.000000000000000000, 0.000000000000000000 ) ) ;
#2139 = EDGE_CURVE ( 'NONE', #2422, #1419, #1200, .T. ) ;
#2140 = PLANE ( 'NONE',  #2741 ) ;
#2141 = ADVANCED_FACE ( 'NONE', ( #112 ), #1889, .F. ) ;
#2142 = ORIENTED_EDGE ( 'NONE', *, *, #2482, .F. ) ;
#2143 = CARTESIAN_POINT ( 'NONE',  ( 3.462289833333334066, -1.086351708333333388, 0.3083333333333323489 ) ) ;
#2144 = FACE_OUTER_BOUND ( 'NONE', #75, .T. ) ;
#2145 = ORIENTED_EDGE ( 'NONE', *, *, #2334, .T. ) ;
#2146 = LINE ( 'NONE', #1426, #750 ) ;
#2147 = PRESENTATION_STYLE_ASSIGNMENT (( #2575 ) ) ;
#2148 = ORIENTED_EDGE ( 'NONE', *, *, #2798, .T. ) ;
#2149 = LINE ( 'NONE', #530, #1981 ) ;
#2150 = ORIENTED_EDGE ( 'NONE', *, *, #35, .F. ) ;
#2151 = DIRECTION ( 'NONE',  ( -0.7071067811865474617, -0.7071067811865474617, 0.000000000000000000 ) ) ;
#2152 = ADVANCED_FACE ( 'NONE', ( #342 ), #2116, .F. ) ;
#2153 = EDGE_CURVE ( 'NONE', #1042, #921, #2172, .T. ) ;
#2154 = FACE_OUTER_BOUND ( 'NONE', #1906, .T. ) ;
#2155 = EDGE_CURVE ( 'NONE', #542, #987, #837, .T. ) ;
#2156 = EDGE_LOOP ( 'NONE', ( #1526, #2766, #502, #2148 ) ) ;
#2157 = DIRECTION ( 'NONE',  ( 2.255206291344518547E-16, -1.000000000000000000, 0.000000000000000000 ) ) ;
#2158 = DIRECTION ( 'NONE',  ( 0.4999999999999890643, -0.4999999999999890643, -0.7071067811865630048 ) ) ;
#2159 = VECTOR ( 'NONE', #1828, 39.37007874015748854 ) ;
#2160 = LINE ( 'NONE', #2200, #2201 ) ;
#2161 = AXIS2_PLACEMENT_3D ( 'NONE', #2771, #339, #1445 ) ;
#2162 = LINE ( 'NONE', #1773, #656 ) ;
#2163 = VECTOR ( 'NONE', #482, 39.37007874015748143 ) ;
#2164 = DIRECTION ( 'NONE',  ( -0.8164965809277280329, -1.762715795851605662E-15, -0.5773502691896228445 ) ) ;
#2165 = ORIENTED_EDGE ( 'NONE', *, *, #956, .T. ) ;
#2166 = CARTESIAN_POINT ( 'NONE',  ( 3.462289833333332734, 1.219685041666666692, 0.1666666666666666574 ) ) ;
#2167 = ORIENTED_EDGE ( 'NONE', *, *, #433, .T. ) ;
#2168 = LINE ( 'NONE', #601, #1935 ) ;
#2169 = EDGE_CURVE ( 'NONE', #2533, #2171, #1926, .T. ) ;
#2170 = CARTESIAN_POINT ( 'NONE',  ( -3.303956500000000407, 1.086351708333333388, 0.04166666666666651864 ) ) ;
#2171 = VERTEX_POINT ( 'NONE', #1733 ) ;
#2172 = LINE ( 'NONE', #824, #1277 ) ;
#2173 = AXIS2_PLACEMENT_3D ( 'NONE', #1002, #2782, #78 ) ;
#2174 = CARTESIAN_POINT ( 'NONE',  ( 3.319612163803669969, -0.4436740388036692906, 0.3333333333333333148 ) ) ;
#2175 = CARTESIAN_POINT ( 'NONE',  ( -3.578166314088508049, 1.086351708333333388, -0.3107692322937876117 ) ) ;
#2176 = EDGE_CURVE ( 'NONE', #2507, #2356, #154, .T. ) ;
#2177 = DIRECTION ( 'NONE',  ( -0.4999999999999909517, -0.4999999999999926725, 0.7071067811865591191 ) ) ;
#2178 = LINE ( 'NONE', #1933, #545 ) ;
#2179 = ADVANCED_FACE ( 'NONE', ( #2438 ), #1527, .F. ) ;
#2180 = VERTEX_POINT ( 'NONE', #2143 ) ;
#2181 = CARTESIAN_POINT ( 'NONE',  ( -3.478956500000001562, 1.211351708333333610, 0.1666666666666666852 ) ) ;
#2182 = EDGE_LOOP ( 'NONE', ( #2359, #2792, #1916, #1611 ) ) ;
#2183 = DIRECTION ( 'NONE',  ( 0.7071067811865479058, 0.000000000000000000, -0.7071067811865471286 ) ) ;
#2184 = DIRECTION ( 'NONE',  ( 0.5773502691896177375, 0.8164965809277314746, -3.649622931865513843E-15 ) ) ;
#2185 = AXIS2_PLACEMENT_3D ( 'NONE', #592, #537, #1877 ) ;
#2186 = ORIENTED_EDGE ( 'NONE', *, *, #790, .F. ) ;
#2187 = DIRECTION ( 'NONE',  ( -0.8164965809277334730, -4.775357337852560519E-15, 0.5773502691896152950 ) ) ;
#2188 = FACE_OUTER_BOUND ( 'NONE', #944, .T. ) ;
#2189 = CARTESIAN_POINT ( 'NONE',  ( 3.497645172392661816, -1.419685041666666647, 0.1666666666666667684 ) ) ;
#2190 = LINE ( 'NONE', #198, #1738 ) ;
#2191 = VERTEX_POINT ( 'NONE', #426 ) ;
#2192 = ADVANCED_FACE ( 'NONE', ( #1067 ), #1314, .F. ) ;
#2193 = LINE ( 'NONE', #176, #912 ) ;
#2194 = VERTEX_POINT ( 'NONE', #1543 ) ;
#2195 = CARTESIAN_POINT ( 'NONE',  ( -1.707155919529663501, 1.219685041666666692, 1.707155919529663501 ) ) ;
#2196 = CARTESIAN_POINT ( 'NONE',  ( -3.303956500000000407, -1.086351708333333388, 0.07702200572599540718 ) ) ;
#2197 = ORIENTED_EDGE ( 'NONE', *, *, #1710, .T. ) ;
#2198 = LINE ( 'NONE', #1514, #349 ) ;
#2199 = EDGE_LOOP ( 'NONE', ( #960, #1635, #679, #984 ) ) ;
#2200 = CARTESIAN_POINT ( 'NONE',  ( 3.337289833333333622, -0.4613517083333331104, 0.3083333333333334592 ) ) ;
#2201 = VECTOR ( 'NONE', #868, 39.37007874015748854 ) ;
#2202 = LINE ( 'NONE', #1547, #2045 ) ;
#2203 = DIRECTION ( 'NONE',  ( 8.461035820087770919E-15, -0.8164965809277350273, 0.5773502691896129635 ) ) ;
#2204 = EDGE_CURVE ( 'NONE', #2000, #2422, #1720, .T. ) ;
#2205 = ORIENTED_EDGE ( 'NONE', *, *, #526, .F. ) ;
#2206 = VECTOR ( 'NONE', #2885, 39.37007874015748143 ) ;
#2207 = FACE_OUTER_BOUND ( 'NONE', #2487, .T. ) ;
#2208 = ORIENTED_EDGE ( 'NONE', *, *, #2373, .F. ) ;
#2209 = CARTESIAN_POINT ( 'NONE',  ( 3.015623166666666854, -1.294685041666667091, 0.1666666633333332981 ) ) ;
#2210 = VECTOR ( 'NONE', #890, 39.37007874015748854 ) ;
#2211 = CARTESIAN_POINT ( 'NONE',  ( -3.478956500000001562, 0.9613517083333332769, 0.1666666666666667129 ) ) ;
#2212 = ORIENTED_EDGE ( 'NONE', *, *, #61, .F. ) ;
#2213 = DIRECTION ( 'NONE',  ( 0.7071067811865486830, -0.7071067811865462405, 0.000000000000000000 ) ) ;
#2214 = DIRECTION ( 'NONE',  ( -0.000000000000000000, 1.000000000000000000, -0.000000000000000000 ) ) ;
#2215 = ORIENTED_EDGE ( 'NONE', *, *, #1808, .T. ) ;
#2216 = CARTESIAN_POINT ( 'NONE',  ( 0.08017766952965903193, 1.419685041666666647, -3.250800836196329868 ) ) ;
#2217 = VECTOR ( 'NONE', #2297, 39.37007874015748854 ) ;
#2218 = DIRECTION ( 'NONE',  ( 0.000000000000000000, -0.7071067811865474617, -0.7071067811865474617 ) ) ;
#2219 = LINE ( 'NONE', #1115, #2023 ) ;
#2220 = VECTOR ( 'NONE', #1329, 39.37007874015748854 ) ;
#2221 = EDGE_CURVE ( 'NONE', #1003, #1946, #850, .T. ) ;
#2222 = EDGE_LOOP ( 'NONE', ( #732, #406 ) ) ;
#2223 = DIRECTION ( 'NONE',  ( 0.7071067811865466846, -0.7071067811865483499, 0.000000000000000000 ) ) ;
#2224 = ORIENTED_EDGE ( 'NONE', *, *, #2808, .T. ) ;
#2225 = DIRECTION ( 'NONE',  ( -3.204937810639255155E-17, -0.5773502691896134076, -0.8164965809277345832 ) ) ;
#2226 = ADVANCED_FACE ( 'NONE', ( #1971 ), #1489, .T. ) ;
#2227 = CARTESIAN_POINT ( 'NONE',  ( -3.170623166666667103, 1.253018375000000129, 0.3333333333333333148 ) ) ;
#2228 = ORIENTED_EDGE ( 'NONE', *, *, #1149, .F. ) ;
#2229 = LINE ( 'NONE', #242, #818 ) ;
#2230 = DIRECTION ( 'NONE',  ( -3.845925372767167569E-16, -0.8164965809277350273, -0.5773502691896129635 ) ) ;
#2231 = ORIENTED_EDGE ( 'NONE', *, *, #1710, .F. ) ;
#2232 = EDGE_CURVE ( 'NONE', #1102, #1319, #2198, .T. ) ;
#2233 = AXIS2_PLACEMENT_3D ( 'NONE', #374, #1261, #1931 ) ;
#2234 = CARTESIAN_POINT ( 'NONE',  ( 3.337289833333332734, 1.394685041666666736, 0.2916666666666663521 ) ) ;
#2235 = DIRECTION ( 'NONE',  ( 0.7071067811865472397, 0.000000000000000000, -0.7071067811865476838 ) ) ;
#2236 = ORIENTED_EDGE ( 'NONE', *, *, #464, .F. ) ;
#2237 = LINE ( 'NONE', #2035, #1816 ) ;
#2238 = ORIENTED_EDGE ( 'NONE', *, *, #205, .T. ) ;
#2239 = DIRECTION ( 'NONE',  ( 0.000000000000000000, -0.7071067811865475727, -0.7071067811865475727 ) ) ;
#2240 = VERTEX_POINT ( 'NONE', #1271 ) ;
#2241 = UNCERTAINTY_MEASURE_WITH_UNIT (LENGTH_MEASURE( 1.000000000000000082E-05 ), #2826, 'distance_accuracy_value', 'NONE');
#2242 = DIRECTION ( 'NONE',  ( -0.7071067811865466846, 0.7071067811865483499, 0.000000000000000000 ) ) ;
#2243 = EDGE_CURVE ( 'NONE', #2024, #1615, #209, .T. ) ;
#2244 = DIRECTION ( 'NONE',  ( -1.000000000000000000, -0.000000000000000000, -0.000000000000000000 ) ) ;
#2245 = ORIENTED_EDGE ( 'NONE', *, *, #1099, .F. ) ;
#2246 = AXIS2_PLACEMENT_3D ( 'NONE', #1376, #1389, #2436 ) ;
#2247 = CARTESIAN_POINT ( 'NONE',  ( 3.337289833333334066, -0.7467070473926602503, 0.3333333333333333148 ) ) ;
#2248 = DIRECTION ( 'NONE',  ( 0.7071067811865543451, 0.4999999999999952816, -0.4999999999999952816 ) ) ;
#2249 = ORIENTED_EDGE ( 'NONE', *, *, #2568, .T. ) ;
#2250 = PLANE ( 'NONE',  #1399 ) ;
#2251 = VECTOR ( 'NONE', #57, 39.37007874015748143 ) ;
#2252 = ORIENTED_EDGE ( 'NONE', *, *, #1766, .T. ) ;
#2253 = AXIS2_PLACEMENT_3D ( 'NONE', #129, #573, #1037 ) ;
#2254 = LINE ( 'NONE', #2653, #179 ) ;
#2255 = VECTOR ( 'NONE', #1, 39.37007874015748854 ) ;
#2256 = EDGE_LOOP ( 'NONE', ( #793, #134, #1006, #2285 ) ) ;
#2257 = EDGE_CURVE ( 'NONE', #2742, #2408, #618, .T. ) ;
#2258 = DIRECTION ( 'NONE',  ( 0.000000000000000000, -0.7071067811865476838, -0.7071067811865473507 ) ) ;
#2259 = CARTESIAN_POINT ( 'NONE',  ( 3.212289833333333622, -0.5863517083333330548, 0.3083333333333334592 ) ) ;
#2260 = ORIENTED_EDGE ( 'NONE', *, *, #1665, .F. ) ;
#2261 = CARTESIAN_POINT ( 'NONE',  ( -3.176934494274007204, 1.419685041666666647, 0.1666666666666667684 ) ) ;
#2262 = CARTESIAN_POINT ( 'NONE',  ( 1.707155919529662391, 1.219685041666666692, 1.707155919529664168 ) ) ;
#2263 = VERTEX_POINT ( 'NONE', #385 ) ;
#2264 = EDGE_CURVE ( 'NONE', #1384, #2, #1987, .T. ) ;
#2265 = PLANE ( 'NONE',  #1070 ) ;
#2266 = AXIS2_PLACEMENT_3D ( 'NONE', #1872, #2799, #299 ) ;
#2267 = EDGE_CURVE ( 'NONE', #279, #2180, #2643, .T. ) ;
#2268 = EDGE_CURVE ( 'NONE', #2474, #2000, #2820, .T. ) ;
#2269 = EDGE_LOOP ( 'NONE', ( #2521, #1791, #1248, #1560 ) ) ;
#2270 = DIRECTION ( 'NONE',  ( 0.000000000000000000, 0.7071067811865476838, -0.7071067811865473507 ) ) ;
#2271 = ORIENTED_EDGE ( 'NONE', *, *, #1573, .F. ) ;
#2272 = CARTESIAN_POINT ( 'NONE',  ( -3.503956500000000585, 1.246707047392660028, 0.1666666666666666852 ) ) ;
#2273 = FACE_OUTER_BOUND ( 'NONE', #2744, .T. ) ;
#2274 = DIRECTION ( 'NONE',  ( -0.7071067811865486830, 0.7071067811865462405, 0.000000000000000000 ) ) ;
#2275 = VERTEX_POINT ( 'NONE', #400 ) ;
#2276 = CARTESIAN_POINT ( 'NONE',  ( -3.426934494274007204, 1.219685041666666692, 0.1666666666666666852 ) ) ;
#2277 = CARTESIAN_POINT ( 'NONE',  ( -0.08017766952966941252, 1.419685041666666647, -3.090445497137003006 ) ) ;
#2278 = CIRCLE ( 'NONE', #562, 0.08474999999999968670 ) ;
#2279 = ORIENTED_EDGE ( 'NONE', *, *, #41, .T. ) ;
#2280 = ADVANCED_FACE ( 'NONE', ( #168 ), #2396, .F. ) ;
#2281 = LINE ( 'NONE', #2294, #2377 ) ;
#2282 = ORIENTED_EDGE ( 'NONE', *, *, #397, .T. ) ;
#2283 = EDGE_CURVE ( 'NONE', #1946, #542, #1350, .T. ) ;
#2284 = DIRECTION ( 'NONE',  ( 0.8164965809277333619, -4.999702984597313156E-15, -0.5773502691896154060 ) ) ;
#2285 = ORIENTED_EDGE ( 'NONE', *, *, #1925, .F. ) ;
#2286 = DIRECTION ( 'NONE',  ( -1.000000000000000000, -0.000000000000000000, -0.000000000000000000 ) ) ;
#2287 = PLANE ( 'NONE',  #1510 ) ;
#2288 = CARTESIAN_POINT ( 'NONE',  ( -3.303956500000000407, 1.086351708333333388, 0.07702200572599283979 ) ) ;
#2289 = EDGE_LOOP ( 'NONE', ( #207, #422, #490, #1819 ) ) ;
#2290 = EDGE_CURVE ( 'NONE', #355, #270, #1110, .T. ) ;
#2291 = CARTESIAN_POINT ( 'NONE',  ( 3.337289833333326960, -1.896427523960457995, 0.6427550881901771263 ) ) ;
#2292 = CARTESIAN_POINT ( 'NONE',  ( 3.337289833333332734, 1.394685041666666736, 0.2916666666666663521 ) ) ;
#2293 = ORIENTED_EDGE ( 'NONE', *, *, #9, .F. ) ;
#2294 = CARTESIAN_POINT ( 'NONE',  ( 3.212289833333333622, -1.244685041666666603, 0.1666666666666666574 ) ) ;
#2295 = ADVANCED_FACE ( 'NONE', ( #66 ), #1154, .F. ) ;
#2296 = EDGE_LOOP ( 'NONE', ( #1216, #638, #1354, #1701 ) ) ;
#2297 = DIRECTION ( 'NONE',  ( 0.8164965809277265896, 6.922665670980835064E-15, -0.5773502691896247319 ) ) ;
#2298 = EDGE_LOOP ( 'NONE', ( #2564, #2510, #759, #1903 ) ) ;
#2299 = LINE ( 'NONE', #2496, #1557 ) ;
#2300 = AXIS2_PLACEMENT_3D ( 'NONE', #229, #1289, #1755 ) ;
#2301 = CARTESIAN_POINT ( 'NONE',  ( -2.229067440627095387, 0.3726651250730107501, 0.1666666666666701824 ) ) ;
#2302 = VECTOR ( 'NONE', #2592, 39.37007874015748143 ) ;
#2303 = FACE_OUTER_BOUND ( 'NONE', #300, .T. ) ;
#2304 = ADVANCED_FACE ( 'NONE', ( #909 ), #1377, .F. ) ;
#2305 = ORIENTED_EDGE ( 'NONE', *, *, #2448, .T. ) ;
#2306 = VECTOR ( 'NONE', #1219, 39.37007874015748143 ) ;
#2307 = DIRECTION ( 'NONE',  ( -1.000000000000000000, 0.000000000000000000, 0.000000000000000000 ) ) ;
#2308 = DIRECTION ( 'NONE',  ( 0.000000000000000000, -0.7071067811865476838, 0.7071067811865473507 ) ) ;
#2309 = AXIS2_PLACEMENT_3D ( 'NONE', #2473, #46, #2891 ) ;
#2310 = ORIENTED_EDGE ( 'NONE', *, *, #2661, .F. ) ;
#2311 = CARTESIAN_POINT ( 'NONE',  ( -3.503956500000000585, -1.086351708333333388, 0.3270220057259931035 ) ) ;
#2312 = EDGE_CURVE ( 'NONE', #2659, #444, #2030, .T. ) ;
#2313 = ORIENTED_EDGE ( 'NONE', *, *, #1918, .F. ) ;
#2314 = PRODUCT_DEFINITION_FORMATION_WITH_SPECIFIED_SOURCE ( 'ANY', '', #2886, .NOT_KNOWN. ) ;
#2315 = DIRECTION ( 'NONE',  ( 0.000000000000000000, -0.7071067811865474617, 0.7071067811865474617 ) ) ;
#2316 = AXIS2_PLACEMENT_3D ( 'NONE', #269, #460, #706 ) ;
#2317 = ORIENTED_EDGE ( 'NONE', *, *, #1247, .F. ) ;
#2318 = DIRECTION ( 'NONE',  ( -0.4999999999999974465, 0.7071067811865513475, -0.4999999999999971134 ) ) ;
#2319 = CARTESIAN_POINT ( 'NONE',  ( 3.462289833333333178, -0.5863517083333332769, 0.3083333333333334592 ) ) ;
#2320 = LINE ( 'NONE', #1912, #1899 ) ;
#2321 = EDGE_LOOP ( 'NONE', ( #2020, #67, #228, #2465 ) ) ;
#2322 = FACE_OUTER_BOUND ( 'NONE', #845, .T. ) ;
#2323 = DIRECTION ( 'NONE',  ( -0.4999999999999902300, -0.7071067811865610064, -0.4999999999999907851 ) ) ;
#2324 = ADVANCED_FACE ( 'NONE', ( #483 ), #1127, .T. ) ;
#2325 = DIRECTION ( 'NONE',  ( 0.7071067811865480168, 0.000000000000000000, -0.7071067811865469066 ) ) ;
#2326 = DIRECTION ( 'NONE',  ( -0.000000000000000000, 1.000000000000000000, -0.000000000000000000 ) ) ;
#2327 = AXIS2_PLACEMENT_3D ( 'NONE', #320, #2574, #576 ) ;
#2328 = VERTEX_POINT ( 'NONE', #1604 ) ;
#2329 = DIRECTION ( 'NONE',  ( 0.8164965809277230369, 0.5773502691896301720, 1.781945422715424315E-14 ) ) ;
#2330 = ORIENTED_EDGE ( 'NONE', *, *, #82, .F. ) ;
#2331 = LINE ( 'NONE', #1837, #2446 ) ;
#2332 = DIRECTION ( 'NONE',  ( 0.000000000000000000, -0.7071067811865476838, -0.7071067811865473507 ) ) ;
#2333 = ORIENTED_EDGE ( 'NONE', *, *, #379, .T. ) ;
#2334 = EDGE_CURVE ( 'NONE', #1585, #648, #2692, .T. ) ;
#2335 = DIRECTION ( 'NONE',  ( -0.7071067811865474617, 0.7071067811865474617, 0.000000000000000000 ) ) ;
#2336 = CYLINDRICAL_SURFACE ( 'NONE', #2115, 0.08474999999999968670 ) ;
#2337 = ORIENTED_EDGE ( 'NONE', *, *, #779, .T. ) ;
#2338 = PLANE ( 'NONE',  #146 ) ;
#2339 = EDGE_LOOP ( 'NONE', ( #2067, #2224, #1285, #2483 ) ) ;
#2340 = CARTESIAN_POINT ( 'NONE',  ( -0.08648899713701550807, -1.419685041666666647, 3.750800836196330756 ) ) ;
#2341 = VERTEX_POINT ( 'NONE', #677 ) ;
#2342 = LINE ( 'NONE', #846, #1187 ) ;
#2343 = VECTOR ( 'NONE', #2383, 39.37007874015748854 ) ;
#2344 = CARTESIAN_POINT ( 'NONE',  ( 3.015623166666666854, -1.419685041666666647, 0.08191666333333362526 ) ) ;
#2345 = ADVANCED_FACE ( 'NONE', ( #1783 ), #2040, .F. ) ;
#2346 = ORIENTED_EDGE ( 'NONE', *, *, #2264, .T. ) ;
#2347 = VECTOR ( 'NONE', #2864, 39.37007874015748143 ) ;
#2348 = VECTOR ( 'NONE', #2469, 39.37007874015748143 ) ;
#2349 = FACE_BOUND ( 'NONE', #2222, .T. ) ;
#2350 = LINE ( 'NONE', #1242, #623 ) ;
#2351 = CARTESIAN_POINT ( 'NONE',  ( 1.796800580470332864, 1.219685041666666692, 1.796800580470335529 ) ) ;
#2352 = ADVANCED_FACE ( 'NONE', ( #1167 ), #54, .F. ) ;
#2353 = FACE_OUTER_BOUND ( 'NONE', #1866, .T. ) ;
#2354 = CARTESIAN_POINT ( 'NONE',  ( 3.212289833333333178, 1.219685041666666692, 0.1666666666666666574 ) ) ;
#2355 = EDGE_CURVE ( 'NONE', #633, #1863, #1140, .T. ) ;
#2356 = VERTEX_POINT ( 'NONE', #1825 ) ;
#2357 = EDGE_CURVE ( 'NONE', #1541, #2865, #2719, .T. ) ;
#2358 = EDGE_CURVE ( 'NONE', #572, #1102, #283, .T. ) ;
#2359 = ORIENTED_EDGE ( 'NONE', *, *, #1234, .T. ) ;
#2360 = DIRECTION ( 'NONE',  ( -0.7071067811865486830, 0.7071067811865462405, 0.000000000000000000 ) ) ;
#2361 = VECTOR ( 'NONE', #348, 39.37007874015748854 ) ;
#2362 = CARTESIAN_POINT ( 'NONE',  ( -3.503956500000000585, 1.249862711196330078, 0.1635110028629966350 ) ) ;
#2363 = AXIS2_PLACEMENT_3D ( 'NONE', #2834, #455, #1809 ) ;
#2364 = ORIENTED_EDGE ( 'NONE', *, *, #2836, .F. ) ;
#2365 = PLANE ( 'NONE',  #2866 ) ;
#2366 = FACE_OUTER_BOUND ( 'NONE', #1963, .T. ) ;
#2367 = EDGE_LOOP ( 'NONE', ( #1570, #893, #2567, #1522 ) ) ;
#2368 = LINE ( 'NONE', #1655, #1596 ) ;
#2369 = DIRECTION ( 'NONE',  ( -0.7071067811865472397, 0.000000000000000000, 0.7071067811865476838 ) ) ;
#2370 = CARTESIAN_POINT ( 'NONE',  ( 3.462289833333333178, -0.5863517083333332769, 0.1583333333333341586 ) ) ;
#2371 = EDGE_CURVE ( 'NONE', #2477, #2034, #2735, .T. ) ;
#2372 = EDGE_LOOP ( 'NONE', ( #603, #435, #713, #882 ) ) ;
#2373 = EDGE_CURVE ( 'NONE', #2736, #1150, #2513, .T. ) ;
#2374 = EDGE_CURVE ( 'NONE', #2503, #1863, #696, .T. ) ;
#2375 = DIRECTION ( 'NONE',  ( -1.000000000000000000, 2.255206291344518547E-16, 0.000000000000000000 ) ) ;
#2376 = ORIENTED_EDGE ( 'NONE', *, *, #2573, .F. ) ;
#2377 = VECTOR ( 'NONE', #303, 39.37007874015748854 ) ;
#2378 = CARTESIAN_POINT ( 'NONE',  ( -3.170623166666666659, -1.169685041666666647, 0.000000000000000000 ) ) ;
#2379 = DIRECTION ( 'NONE',  ( 0.7071067811865474617, 0.000000000000000000, 0.7071067811865474617 ) ) ;
#2380 = ORIENTED_EDGE ( 'NONE', *, *, #1573, .T. ) ;
#2381 = DIRECTION ( 'NONE',  ( -0.7071067811865474617, -0.7071067811865474617, 0.000000000000000000 ) ) ;
#2382 = CARTESIAN_POINT ( 'NONE',  ( -3.303956500000000407, 1.086351708333333388, 0.2563113276073405444 ) ) ;
#2383 = DIRECTION ( 'NONE',  ( -0.7071067811865466846, 0.7071067811865483499, 0.000000000000000000 ) ) ;
#2384 = LINE ( 'NONE', #388, #1162 ) ;
#2385 = PLANE ( 'NONE',  #780 ) ;
#2386 = EDGE_LOOP ( 'NONE', ( #2305, #250, #596, #2593 ) ) ;
#2387 = DIRECTION ( 'NONE',  ( -0.000000000000000000, 1.000000000000000000, -0.000000000000000000 ) ) ;
#2388 = APPLICATION_PROTOCOL_DEFINITION ( 'draft international standard', 'automotive_design', 1998, #2816 ) ;
#2389 = ORIENTED_EDGE ( 'NONE', *, *, #61, .T. ) ;
#2390 = LINE ( 'NONE', #1046, #79 ) ;
#2391 = FACE_OUTER_BOUND ( 'NONE', #1205, .T. ) ;
#2392 = ORIENTED_EDGE ( 'NONE', *, *, #2374, .F. ) ;
#2393 = EDGE_CURVE ( 'NONE', #495, #199, #2673, .T. ) ;
#2394 = AXIS2_PLACEMENT_3D ( 'NONE', #2696, #2248, #260 ) ;
#2395 = EDGE_CURVE ( 'NONE', #2328, #1495, #1578, .T. ) ;
#2396 = PLANE ( 'NONE',  #2727 ) ;
#2397 = DIRECTION ( 'NONE',  ( 0.000000000000000000, -0.7071067811865474617, -0.7071067811865474617 ) ) ;
#2398 = AXIS2_PLACEMENT_3D ( 'NONE', #604, #1957, #2381 ) ;
#2399 = LINE ( 'NONE', #2175, #1794 ) ;
#2400 = CARTESIAN_POINT ( 'NONE',  ( -3.337289833333336286, 2.024446059828110656, -1.061081940627135456 ) ) ;
#2401 = AXIS2_PLACEMENT_3D ( 'NONE', #2883, #1824, #499 ) ;
#2402 = DIRECTION ( 'NONE',  ( 0.7071067811865491270, 0.7071067811865459074, 0.000000000000000000 ) ) ;
#2403 = ORIENTED_EDGE ( 'NONE', *, *, #1392, .F. ) ;
#2404 = EDGE_CURVE ( 'NONE', #337, #315, #1677, .T. ) ;
#2405 = LINE ( 'NONE', #2649, #2255 ) ;
#2406 = ADVANCED_BREP_SHAPE_REPRESENTATION ( 'psu_side', ( #626, #873 ), #2458 ) ;
#2407 = VECTOR ( 'NONE', #2634, 39.37007874015748854 ) ;
#2408 = VERTEX_POINT ( 'NONE', #354 ) ;
#2409 = PLANE ( 'NONE',  #2730 ) ;
#2410 = VERTEX_POINT ( 'NONE', #2288 ) ;
#2411 = DIRECTION ( 'NONE',  ( -0.7071067811865473507, 0.000000000000000000, 0.7071067811865476838 ) ) ;
#2412 = ORIENTED_EDGE ( 'NONE', *, *, #1845, .F. ) ;
#2413 = FACE_OUTER_BOUND ( 'NONE', #1900, .T. ) ;
#2414 = CYLINDRICAL_SURFACE ( 'NONE', #1255, 0.1549999999999998601 ) ;
#2415 =( NAMED_UNIT ( * ) SI_UNIT ( $, .STERADIAN. ) SOLID_ANGLE_UNIT ( ) );
#2416 = ORIENTED_EDGE ( 'NONE', *, *, #1290, .F. ) ;
#2417 = DIRECTION ( 'NONE',  ( 0.7071067811865551223, 0.4999999999999946709, 0.4999999999999946709 ) ) ;
#2418 = ORIENTED_EDGE ( 'NONE', *, *, #308, .T. ) ;
#2419 = FACE_OUTER_BOUND ( 'NONE', #1716, .T. ) ;
#2420 = CARTESIAN_POINT ( 'NONE',  ( -3.257112163803670413, 1.419685041666666647, 0.08648899713700348990 ) ) ;
#2421 = AXIS2_PLACEMENT_3D ( 'NONE', #607, #2177, #213 ) ;
#2422 = VERTEX_POINT ( 'NONE', #1238 ) ;
#2423 = DIRECTION ( 'NONE',  ( -0.000000000000000000, 0.7071067811865475727, 0.7071067811865475727 ) ) ;
#2424 = EDGE_CURVE ( 'NONE', #2408, #532, #2566, .T. ) ;
#2425 = ORIENTED_EDGE ( 'NONE', *, *, #2098, .T. ) ;
#2426 = LINE ( 'NONE', #2216, #2579 ) ;
#2427 = ADVANCED_FACE ( 'NONE', ( #2303 ), #2554, .F. ) ;
#2428 = DIRECTION ( 'NONE',  ( 0.000000000000000000, -0.000000000000000000, 1.000000000000000000 ) ) ;
#2429 = DIRECTION ( 'NONE',  ( 0.000000000000000000, -0.7071067811865473507, 0.7071067811865476838 ) ) ;
#2430 = ORIENTED_EDGE ( 'NONE', *, *, #120, .F. ) ;
#2431 = CARTESIAN_POINT ( 'NONE',  ( -3.303956500000000407, 1.086351708333333388, 0.04166666666666651864 ) ) ;
#2432 = ORIENTED_EDGE ( 'NONE', *, *, #1278, .T. ) ;
#2433 = LINE ( 'NONE', #409, #215 ) ;
#2434 = DIRECTION ( 'NONE',  ( 0.7071067811865474617, -0.7071067811865474617, 0.000000000000000000 ) ) ;
#2435 = ORIENTED_EDGE ( 'NONE', *, *, #237, .F. ) ;
#2436 = DIRECTION ( 'NONE',  ( -0.7071067811865466846, 0.7071067811865483499, 0.000000000000000000 ) ) ;
#2437 = ADVANCED_FACE ( 'NONE', ( #1405 ), #314, .F. ) ;
#2438 = FACE_OUTER_BOUND ( 'NONE', #192, .T. ) ;
#2439 = ORIENTED_EDGE ( 'NONE', *, *, #1017, .F. ) ;
#2440 = PLANE ( 'NONE',  #2300 ) ;
#2441 = VECTOR ( 'NONE', #2105, 39.37007874015748854 ) ;
#2442 = CARTESIAN_POINT ( 'NONE',  ( 3.503956500000000585, -1.419685041666666647, 0.3333333333333333148 ) ) ;
#2443 = DIRECTION ( 'NONE',  ( 0.000000000000000000, -1.000000000000000000, 0.000000000000000000 ) ) ;
#2444 = EDGE_LOOP ( 'NONE', ( #2051, #1713, #2693, #322 ) ) ;
#2445 = EDGE_CURVE ( 'NONE', #2062, #572, #96, .T. ) ;
#2446 = VECTOR ( 'NONE', #2759, 39.37007874015748143 ) ;
#2447 = CARTESIAN_POINT ( 'NONE',  ( 3.337289833333336286, 0.4512325452048502883, 1.163777948261796924 ) ) ;
#2448 = EDGE_CURVE ( 'NONE', #2873, #270, #2786, .T. ) ;
#2449 = ORIENTED_EDGE ( 'NONE', *, *, #2476, .F. ) ;
#2450 = CARTESIAN_POINT ( 'NONE',  ( 3.212289833333333178, 1.394685041666666736, 0.1666666666666666574 ) ) ;
#2451 = VECTOR ( 'NONE', #2183, 39.37007874015748143 ) ;
#2452 = EDGE_CURVE ( 'NONE', #1093, #444, #135, .T. ) ;
#2453 = CARTESIAN_POINT ( 'NONE',  ( 3.212289833333333622, -1.086351708333333388, 0.1583333333333331872 ) ) ;
#2454 = VERTEX_POINT ( 'NONE', #2773 ) ;
#2455 = CARTESIAN_POINT ( 'NONE',  ( 3.337289833333333622, -0.7113517083333331659, 0.3083333333333334592 ) ) ;
#2456 = DIRECTION ( 'NONE',  ( -0.4999999999999951705, -0.4999999999999940048, -0.7071067811865552333 ) ) ;
#2457 = VERTEX_POINT ( 'NONE', #517 ) ;
#2458 =( GEOMETRIC_REPRESENTATION_CONTEXT ( 3 ) GLOBAL_UNCERTAINTY_ASSIGNED_CONTEXT ( ( #241 ) ) GLOBAL_UNIT_ASSIGNED_CONTEXT ( ( #2082, #1296, #1744 ) ) REPRESENTATION_CONTEXT ( 'NONE', 'WORKASPACE' ) );
#2459 = DIRECTION ( 'NONE',  ( -0.7071067811865471286, -0.7071067811865479058, 0.000000000000000000 ) ) ;
#2460 = FACE_OUTER_BOUND ( 'NONE', #1538, .T. ) ;
#2461 = AXIS2_PLACEMENT_3D ( 'NONE', #2170, #396, #191 ) ;
#2462 = ORIENTED_EDGE ( 'NONE', *, *, #1531, .F. ) ;
#2463 = CARTESIAN_POINT ( 'NONE',  ( -2.987487787479282453, -1.086351708333332944, -0.1912430177062312830 ) ) ;
#2464 = ADVANCED_FACE ( 'NONE', ( #139 ), #109, .F. ) ;
#2465 = ORIENTED_EDGE ( 'NONE', *, *, #2257, .T. ) ;
#2466 = CARTESIAN_POINT ( 'NONE',  ( -3.337289833333333622, 1.394685041666667846, 0.2916666666666666297 ) ) ;
#2467 = LINE ( 'NONE', #1163, #44 ) ;
#2468 = EDGE_LOOP ( 'NONE', ( #2057, #658 ) ) ;
#2469 = DIRECTION ( 'NONE',  ( -1.000000000000000000, -0.000000000000000000, -0.000000000000000000 ) ) ;
#2470 = CARTESIAN_POINT ( 'NONE',  ( 2.860623166666667050, -1.269685041666666736, 0.1666666633333333536 ) ) ;
#2471 = ORIENTED_EDGE ( 'NONE', *, *, #1161, .T. ) ;
#2472 = CARTESIAN_POINT ( 'NONE',  ( -3.328956500000000318, -0.9613517083333333879, 0.1666666666666669905 ) ) ;
#2473 = CARTESIAN_POINT ( 'NONE',  ( 1.540489252862998093, -1.219685041666666692, -1.540489252862997427 ) ) ;
#2474 = VERTEX_POINT ( 'NONE', #560 ) ;
#2475 = LINE ( 'NONE', #1368, #2654 ) ;
#2476 = EDGE_CURVE ( 'NONE', #742, #2533, #2761, .T. ) ;
#2477 = VERTEX_POINT ( 'NONE', #1018 ) ;
#2478 = CARTESIAN_POINT ( 'NONE',  ( -3.503956500000000585, -1.419685041666666647, 0.3333333333333333148 ) ) ;
#2479 = ORIENTED_EDGE ( 'NONE', *, *, #544, .F. ) ;
#2480 = LINE ( 'NONE', #2705, #445 ) ;
#2481 = CARTESIAN_POINT ( 'NONE',  ( 1.330646732029668877, 1.330646732029665769, 0.1333333333333332760 ) ) ;
#2482 = EDGE_CURVE ( 'NONE', #2240, #1996, #2320, .T. ) ;
#2483 = ORIENTED_EDGE ( 'NONE', *, *, #1663, .T. ) ;
#2484 = EDGE_CURVE ( 'NONE', #199, #532, #2542, .T. ) ;
#2485 = DIRECTION ( 'NONE',  ( 1.000000000000000000, 0.000000000000000000, 0.000000000000000000 ) ) ;
#2486 = CARTESIAN_POINT ( 'NONE',  ( 1.707155919529664834, -1.219685041666666692, 1.707155919529663723 ) ) ;
#2487 = EDGE_LOOP ( 'NONE', ( #2844, #2726, #518, #1593 ) ) ;
#2488 = CARTESIAN_POINT ( 'NONE',  ( 3.426934494274006315, -1.086351708333333388, 0.1333333333333332760 ) ) ;
#2489 = VECTOR ( 'NONE', #273, 39.37007874015748143 ) ;
#2490 = ORIENTED_EDGE ( 'NONE', *, *, #1346, .T. ) ;
#2491 = VECTOR ( 'NONE', #807, 39.37007874015748854 ) ;
#2492 = AXIS2_PLACEMENT_3D ( 'NONE', #796, #808, #825 ) ;
#2493 = FACE_OUTER_BOUND ( 'NONE', #1775, .T. ) ;
#2494 = VECTOR ( 'NONE', #2672, 39.37007874015748854 ) ;
#2495 = EDGE_LOOP ( 'NONE', ( #1921, #2698, #815, #2380 ) ) ;
#2496 = CARTESIAN_POINT ( 'NONE',  ( -3.478956500000001562, 1.086351708333333388, 0.04166666666666651864 ) ) ;
#2497 = DIRECTION ( 'NONE',  ( -0.7071067811865480168, 0.000000000000000000, -0.7071067811865469066 ) ) ;
#2498 = DIRECTION ( 'NONE',  ( 0.7071067811865552333, 0.4999999999999946154, 0.4999999999999946154 ) ) ;
#2499 = VERTEX_POINT ( 'NONE', #2101 ) ;
#2500 = LINE ( 'NONE', #462, #1695 ) ;
#2501 = FACE_OUTER_BOUND ( 'NONE', #324, .T. ) ;
#2502 = ADVANCED_FACE ( 'NONE', ( #781 ), #990, .F. ) ;
#2503 = VERTEX_POINT ( 'NONE', #1884 ) ;
#2504 = VECTOR ( 'NONE', #972, 39.37007874015748143 ) ;
#2505 = LINE ( 'NONE', #59, #931 ) ;
#2506 = VECTOR ( 'NONE', #1077, 39.37007874015748143 ) ;
#2507 = VERTEX_POINT ( 'NONE', #571 ) ;
#2508 = LINE ( 'NONE', #986, #1666 ) ;
#2509 = ADVANCED_FACE ( 'NONE', ( #1458 ), #1856, .F. ) ;
#2510 = ORIENTED_EDGE ( 'NONE', *, *, #2605, .T. ) ;
#2511 = CARTESIAN_POINT ( 'NONE',  ( -3.170623166666667103, 1.253018375000000129, 0.3333333333333333148 ) ) ;
#2512 = DIRECTION ( 'NONE',  ( 0.000000000000000000, 0.000000000000000000, 1.000000000000000000 ) ) ;
#2513 = LINE ( 'NONE', #1333, #1572 ) ;
#2514 = VERTEX_POINT ( 'NONE', #2344 ) ;
#2515 = ADVANCED_FACE ( 'NONE', ( #751 ), #2526, .F. ) ;
#2516 = DIRECTION ( 'NONE',  ( -0.000000000000000000, 1.000000000000000000, -0.000000000000000000 ) ) ;
#2517 = DIRECTION ( 'NONE',  ( -0.7071067811865480168, 0.000000000000000000, -0.7071067811865469066 ) ) ;
#2518 = VECTOR ( 'NONE', #103, 39.37007874015748143 ) ;
#2519 = VERTEX_POINT ( 'NONE', #382 ) ;
#2520 = DIRECTION ( 'NONE',  ( 0.000000000000000000, -0.7071067811865476838, 0.7071067811865473507 ) ) ;
#2521 = ORIENTED_EDGE ( 'NONE', *, *, #1627, .T. ) ;
#2522 = CARTESIAN_POINT ( 'NONE',  ( -3.478956500000001562, -1.086351708333333388, 0.04166666666666694191 ) ) ;
#2523 = EDGE_LOOP ( 'NONE', ( #2620, #1788, #2145, #1605 ) ) ;
#2524 = FACE_OUTER_BOUND ( 'NONE', #1507, .T. ) ;
#2525 = DIRECTION ( 'NONE',  ( 0.000000000000000000, 0.000000000000000000, 1.000000000000000000 ) ) ;
#2526 = PLANE ( 'NONE',  #2642 ) ;
#2527 = ORIENTED_EDGE ( 'NONE', *, *, #522, .T. ) ;
#2528 = EDGE_CURVE ( 'NONE', #2097, #633, #1499, .T. ) ;
#2529 = LINE ( 'NONE', #1007, #1792 ) ;
#2530 = FACE_OUTER_BOUND ( 'NONE', #2321, .T. ) ;
#2531 = CARTESIAN_POINT ( 'NONE',  ( 3.212289833333333178, 1.394685041666666736, 0.1666666666666666574 ) ) ;
#2532 = DIRECTION ( 'NONE',  ( 0.7071067811865480168, 0.000000000000000000, -0.7071067811865469066 ) ) ;
#2533 = VERTEX_POINT ( 'NONE', #835 ) ;
#2534 = CARTESIAN_POINT ( 'NONE',  ( 3.337289833333332734, 1.394685041666666736, 0.04166666666666689334 ) ) ;
#2535 = CIRCLE ( 'NONE', #631, 0.08474999999999968670 ) ;
#2536 = VERTEX_POINT ( 'NONE', #1299 ) ;
#2537 = DIRECTION ( 'NONE',  ( 0.7071067811865472397, 0.000000000000000000, -0.7071067811865476838 ) ) ;
#2538 = VECTOR ( 'NONE', #1388, 39.37007874015748143 ) ;
#2539 = EDGE_CURVE ( 'NONE', #1029, #742, #862, .T. ) ;
#2540 = DIRECTION ( 'NONE',  ( 0.8164965809277358044, -0.5773502691896118533, 2.111252782758661212E-15 ) ) ;
#2541 = VECTOR ( 'NONE', #2845, 39.37007874015748143 ) ;
#2542 = LINE ( 'NONE', #792, #554 ) ;
#2543 = EDGE_LOOP ( 'NONE', ( #1661, #1986, #1131, #1254, #903, #1080 ) ) ;
#2544 = DIRECTION ( 'NONE',  ( 0.000000000000000000, -0.000000000000000000, 1.000000000000000000 ) ) ;
#2545 = DIRECTION ( 'NONE',  ( -0.7071067811865474617, -0.7071067811865474617, 0.000000000000000000 ) ) ;
#2546 = COLOUR_RGB ( '',0.7921568627450980005, 0.8196078431372548767, 0.9333333333333333481 ) ;
#2547 = CARTESIAN_POINT ( 'NONE',  ( -3.303956500000000407, 0.9613517083333332769, 0.1666666666666667129 ) ) ;
#2548 = DIRECTION ( 'NONE',  ( 0.000000000000000000, 1.000000000000000000, 0.000000000000000000 ) ) ;
#2549 = ORIENTED_EDGE ( 'NONE', *, *, #962, .F. ) ;
#2550 = VECTOR ( 'NONE', #2284, 39.37007874015748854 ) ;
#2551 = CARTESIAN_POINT ( 'NONE',  ( 1.540489252862998537, -1.219685041666666692, -1.540489252862997649 ) ) ;
#2552 = VERTEX_POINT ( 'NONE', #1703 ) ;
#2553 = LINE ( 'NONE', #559, #2069 ) ;
#2554 = PLANE ( 'NONE',  #2083 ) ;
#2555 = ORIENTED_EDGE ( 'NONE', *, *, #2787, .T. ) ;
#2556 = DIRECTION ( 'NONE',  ( 0.000000000000000000, 0.000000000000000000, 1.000000000000000000 ) ) ;
#2557 = CARTESIAN_POINT ( 'NONE',  ( 3.462289833333334066, -1.244685041666666603, 0.1666666666666666574 ) ) ;
#2558 = DIRECTION ( 'NONE',  ( -0.000000000000000000, 1.000000000000000000, -0.000000000000000000 ) ) ;
#2559 = CARTESIAN_POINT ( 'NONE',  ( 3.337289833333332734, 1.219685041666666692, 0.2916666666666663521 ) ) ;
#2560 = VECTOR ( 'NONE', #2601, 39.37007874015748854 ) ;
#2561 = VERTEX_POINT ( 'NONE', #367 ) ;
#2562 = EDGE_CURVE ( 'NONE', #567, #1042, #2595, .T. ) ;
#2563 = CARTESIAN_POINT ( 'NONE',  ( 1.969646212150636400, -0.5863517083333257274, 1.037015064469803294 ) ) ;
#2564 = ORIENTED_EDGE ( 'NONE', *, *, #2267, .F. ) ;
#2565 = FACE_OUTER_BOUND ( 'NONE', #1218, .T. ) ;
#2566 = LINE ( 'NONE', #1005, #876 ) ;
#2567 = ORIENTED_EDGE ( 'NONE', *, *, #1313, .T. ) ;
#2568 = EDGE_CURVE ( 'NONE', #2519, #2742, #583, .T. ) ;
#2569 = CARTESIAN_POINT ( 'NONE',  ( 3.212289833333333622, -1.394685041666666736, 0.1666666666666666574 ) ) ;
#2570 = CARTESIAN_POINT ( 'NONE',  ( 3.176934494274005427, 1.419685041666666647, 0.1666666666666666574 ) ) ;
#2571 = FACE_OUTER_BOUND ( 'NONE', #1520, .T. ) ;
#2572 = ADVANCED_FACE ( 'NONE', ( #2391 ), #1985, .T. ) ;
#2573 = EDGE_CURVE ( 'NONE', #1014, #707, #602, .T. ) ;
#2574 = DIRECTION ( 'NONE',  ( 0.4999999999999941713, -0.7071067811865558994, 0.4999999999999939493 ) ) ;
#2575 = SURFACE_STYLE_USAGE ( .BOTH. , #2843 ) ;
#2576 = VERTEX_POINT ( 'NONE', #616 ) ;
#2577 = ORIENTED_EDGE ( 'NONE', *, *, #2221, .T. ) ;
#2578 = LINE ( 'NONE', #2609, #1048 ) ;
#2579 = VECTOR ( 'NONE', #1771, 39.37007874015748143 ) ;
#2580 = DIRECTION ( 'NONE',  ( 0.000000000000000000, 0.7071067811865474617, 0.7071067811865474617 ) ) ;
#2581 = EDGE_LOOP ( 'NONE', ( #830, #2789, #1698, #2389 ) ) ;
#2582 = AXIS2_PLACEMENT_3D ( 'NONE', #301, #1607, #1393 ) ;
#2583 = ADVANCED_FACE ( 'NONE', ( #1486 ), #2639, .F. ) ;
#2584 = CARTESIAN_POINT ( 'NONE',  ( -3.170623166666666659, -1.169685041666666647, 0.3333333333333333148 ) ) ;
#2585 = DIRECTION ( 'NONE',  ( -0.000000000000000000, 1.000000000000000000, -0.000000000000000000 ) ) ;
#2586 = EDGE_CURVE ( 'NONE', #315, #934, #1474, .T. ) ;
#2587 = VECTOR ( 'NONE', #1717, 39.37007874015748143 ) ;
#2588 = PLANE ( 'NONE',  #1461 ) ;
#2589 = EDGE_CURVE ( 'NONE', #1938, #1066, #2878, .T. ) ;
#2590 = CARTESIAN_POINT ( 'NONE',  ( 3.170623166666666659, -1.269685041666666736, 0.3333333333333333148 ) ) ;
#2591 = ORIENTED_EDGE ( 'NONE', *, *, #2610, .T. ) ;
#2592 = DIRECTION ( 'NONE',  ( -0.7071067811865479058, 0.000000000000000000, -0.7071067811865471286 ) ) ;
#2593 = ORIENTED_EDGE ( 'NONE', *, *, #2801, .F. ) ;
#2594 = LINE ( 'NONE', #2378, #2687 ) ;
#2595 = LINE ( 'NONE', #206, #1519 ) ;
#2596 = AXIS2_PLACEMENT_3D ( 'NONE', #2259, #949, #42 ) ;
#2597 = ORIENTED_EDGE ( 'NONE', *, *, #496, .F. ) ;
#2598 = DIRECTION ( 'NONE',  ( -0.000000000000000000, 1.000000000000000000, -0.000000000000000000 ) ) ;
#2599 = DIRECTION ( 'NONE',  ( 0.000000000000000000, -0.7071067811865474617, 0.7071067811865474617 ) ) ;
#2600 = CARTESIAN_POINT ( 'NONE',  ( 1.796800580470330422, -1.219685041666666692, 1.796800580470336861 ) ) ;
#2601 = DIRECTION ( 'NONE',  ( 0.000000000000000000, 0.7071067811865474617, -0.7071067811865474617 ) ) ;
#2602 = FACE_BOUND ( 'NONE', #2008, .T. ) ;
#2603 = ORIENTED_EDGE ( 'NONE', *, *, #651, .T. ) ;
#2604 = CARTESIAN_POINT ( 'NONE',  ( 3.337289833333333622, -1.394685041666666736, 0.04166666666666665741 ) ) ;
#2605 = EDGE_CURVE ( 'NONE', #279, #1869, #1091, .T. ) ;
#2606 = DIRECTION ( 'NONE',  ( 0.000000000000000000, 0.000000000000000000, 1.000000000000000000 ) ) ;
#2607 = VERTEX_POINT ( 'NONE', #1253 ) ;
#2608 = VECTOR ( 'NONE', #1786, 39.37007874015748854 ) ;
#2609 = CARTESIAN_POINT ( 'NONE',  ( 3.354967502862997275, -0.7290293778629969301, 0.3333333333333333148 ) ) ;
#2610 = EDGE_CURVE ( 'NONE', #2503, #2024, #1969, .T. ) ;
#2611 = DIRECTION ( 'NONE',  ( -2.166537959992146052E-14, 0.5773502691896281735, -0.8164965809277242581 ) ) ;
#2612 = ORIENTED_EDGE ( 'NONE', *, *, #1452, .T. ) ;
#2613 = DIRECTION ( 'NONE',  ( 1.000000000000000000, 0.000000000000000000, -0.000000000000000000 ) ) ;
#2614 = PLANE ( 'NONE',  #1602 ) ;
#2615 = ORIENTED_EDGE ( 'NONE', *, *, #120, .T. ) ;
#2616 = LINE ( 'NONE', #1516, #2343 ) ;
#2617 = EDGE_CURVE ( 'NONE', #2507, #2240, #647, .T. ) ;
#2618 = CARTESIAN_POINT ( 'NONE',  ( -3.337289833333333622, 1.394685041666667846, 0.04166666666666678925 ) ) ;
#2619 = CARTESIAN_POINT ( 'NONE',  ( -3.584134169529663350, 1.419685041666666647, 0.2531556638036703832 ) ) ;
#2620 = ORIENTED_EDGE ( 'NONE', *, *, #2268, .F. ) ;
#2621 = CARTESIAN_POINT ( 'NONE',  ( -0.2468443361963281180, -1.419685041666666647, 3.590445497137003894 ) ) ;
#2622 = VERTEX_POINT ( 'NONE', #2625 ) ;
#2623 = FACE_OUTER_BOUND ( 'NONE', #2581, .T. ) ;
#2624 = VECTOR ( 'NONE', #2242, 39.37007874015748143 ) ;
#2625 = CARTESIAN_POINT ( 'NONE',  ( 3.337289833333333622, -1.219685041666666692, 0.07702200572599404715 ) ) ;
#2626 = ORIENTED_EDGE ( 'NONE', *, *, #1991, .F. ) ;
#2627 = AXIS2_PLACEMENT_3D ( 'NONE', #726, #1653, #2104 ) ;
#2628 = DIRECTION ( 'NONE',  ( -0.000000000000000000, -0.000000000000000000, -1.000000000000000000 ) ) ;
#2629 = VERTEX_POINT ( 'NONE', #2196 ) ;
#2630 = VECTOR ( 'NONE', #2628, 39.37007874015748143 ) ;
#2631 = LINE ( 'NONE', #827, #538 ) ;
#2632 = LINE ( 'NONE', #2442, #53 ) ;
#2633 = VECTOR ( 'NONE', #1043, 39.37007874015748854 ) ;
#2634 = DIRECTION ( 'NONE',  ( 0.7071067811865474617, 0.000000000000000000, -0.7071067811865474617 ) ) ;
#2635 = ORIENTED_EDGE ( 'NONE', *, *, #73, .F. ) ;
#2636 = LINE ( 'NONE', #2463, #1891 ) ;
#2637 = ORIENTED_EDGE ( 'NONE', *, *, #2680, .T. ) ;
#2638 = LINE ( 'NONE', #2466, #32 ) ;
#2639 = PLANE ( 'NONE',  #2461 ) ;
#2640 = ADVANCED_FACE ( 'NONE', ( #2154 ), #2140, .F. ) ;
#2641 = EDGE_LOOP ( 'NONE', ( #150, #842, #2774, #2376 ) ) ;
#2642 = AXIS2_PLACEMENT_3D ( 'NONE', #531, #1418, #2849 ) ;
#2643 = LINE ( 'NONE', #1301, #2347 ) ;
#2644 = ORIENTED_EDGE ( 'NONE', *, *, #2785, .T. ) ;
#2645 = CARTESIAN_POINT ( 'NONE',  ( 3.212289833333333622, -1.086351708333333388, 0.1333333333333332760 ) ) ;
#2646 = DIRECTION ( 'NONE',  ( -0.7071067811865487940, 0.000000000000000000, 0.7071067811865462405 ) ) ;
#2647 = CARTESIAN_POINT ( 'NONE',  ( 3.212289833333333622, -1.394685041666666736, 0.1666666666666666574 ) ) ;
#2648 = ORIENTED_EDGE ( 'NONE', *, *, #2448, .F. ) ;
#2649 = CARTESIAN_POINT ( 'NONE',  ( 3.337289833333332734, 1.394685041666666736, 0.04166666666666689334 ) ) ;
#2650 = VERTEX_POINT ( 'NONE', #164 ) ;
#2651 = CARTESIAN_POINT ( 'NONE',  ( -3.503956500000000585, -1.419685041666666647, 0.000000000000000000 ) ) ;
#2652 = ADVANCED_FACE ( 'NONE', ( #1047 ), #1940, .T. ) ;
#2653 = CARTESIAN_POINT ( 'NONE',  ( -3.420030934901123310, -1.128018374999999685, 0.1666666666666672125 ) ) ;
#2654 = VECTOR ( 'NONE', #1440, 39.37007874015748143 ) ;
#2655 = ORIENTED_EDGE ( 'NONE', *, *, #1880, .T. ) ;
#2656 = PLANE ( 'NONE',  #1092 ) ;
#2657 = CARTESIAN_POINT ( 'NONE',  ( -3.303956500000000407, 1.211351708333333610, 0.1666666666666666852 ) ) ;
#2658 = EDGE_CURVE ( 'NONE', #1869, #2474, #4, .T. ) ;
#2659 = VERTEX_POINT ( 'NONE', #1106 ) ;
#2660 = PLANE ( 'NONE',  #814 ) ;
#2661 = EDGE_CURVE ( 'NONE', #43, #2031, #1999, .T. ) ;
#2662 = DIRECTION ( 'NONE',  ( 0.000000000000000000, 0.000000000000000000, 1.000000000000000000 ) ) ;
#2663 = PLANE ( 'NONE',  #2767 ) ;
#2664 = ADVANCED_FACE ( 'NONE', ( #920, #660, #1151 ), #1795, .F. ) ;
#2665 = ADVANCED_FACE ( 'NONE', ( #62 ), #1763, .F. ) ;
#2666 = ORIENTED_EDGE ( 'NONE', *, *, #723, .F. ) ;
#2667 = CARTESIAN_POINT ( 'NONE',  ( -3.462289833333333178, 1.394685041666667846, 0.1666666666666666852 ) ) ;
#2668 = ORIENTED_EDGE ( 'NONE', *, *, #359, .T. ) ;
#2669 = PLANE ( 'NONE',  #1147 ) ;
#2670 = FACE_OUTER_BOUND ( 'NONE', #456, .T. ) ;
#2671 = ORIENTED_EDGE ( 'NONE', *, *, #1249, .F. ) ;
#2672 = DIRECTION ( 'NONE',  ( 0.7071067811865466846, -0.7071067811865483499, 0.000000000000000000 ) ) ;
#2673 = LINE ( 'NONE', #1563, #1104 ) ;
#2674 = VERTEX_POINT ( 'NONE', #703 ) ;
#2675 = EDGE_CURVE ( 'NONE', #2454, #377, #2037, .T. ) ;
#2676 = FACE_OUTER_BOUND ( 'NONE', #2386, .T. ) ;
#2677 = EDGE_CURVE ( 'NONE', #2749, #2078, #892, .T. ) ;
#2678 = VECTOR ( 'NONE', #2459, 39.37007874015748143 ) ;
#2679 = CARTESIAN_POINT ( 'NONE',  ( 3.503956500000000585, 1.419685041666666647, 0.3333333333333333148 ) ) ;
#2680 = EDGE_CURVE ( 'NONE', #2102, #1176, #933, .T. ) ;
#2681 = EDGE_LOOP ( 'NONE', ( #1806, #955, #2435, #2626 ) ) ;
#2682 = VECTOR ( 'NONE', #1702, 39.37007874015748854 ) ;
#2683 = VECTOR ( 'NONE', #515, 39.37007874015748143 ) ;
#2684 = LINE ( 'NONE', #2621, #2819 ) ;
#2685 = ORIENTED_EDGE ( 'NONE', *, *, #2675, .F. ) ;
#2686 = FILL_AREA_STYLE ('',( #20 ) ) ;
#2687 = VECTOR ( 'NONE', #2138, 39.37007874015748143 ) ;
#2688 = CARTESIAN_POINT ( 'NONE',  ( 3.247645172392660484, -1.086351708333332944, 0.1333333333333332760 ) ) ;
#2689 =( GEOMETRIC_REPRESENTATION_CONTEXT ( 3 ) GLOBAL_UNCERTAINTY_ASSIGNED_CONTEXT ( ( #2241 ) ) GLOBAL_UNIT_ASSIGNED_CONTEXT ( ( #2826, #1275, #2415 ) ) REPRESENTATION_CONTEXT ( 'NONE', 'WORKASPACE' ) );
#2690 = VERTEX_POINT ( 'NONE', #2227 ) ;
#2691 = PLANE ( 'NONE',  #350 ) ;
#2692 = LINE ( 'NONE', #472, #1243 ) ;
#2693 = ORIENTED_EDGE ( 'NONE', *, *, #1984, .F. ) ;
#2694 = EDGE_CURVE ( 'NONE', #355, #2356, #2254, .T. ) ;
#2695 = LINE ( 'NONE', #681, #536 ) ;
#2696 = CARTESIAN_POINT ( 'NONE',  ( -3.303956500000000407, 0.5046648513036703365, -0.5046648513036703365 ) ) ;
#2697 = AXIS2_PLACEMENT_3D ( 'NONE', #1718, #1748, #848 ) ;
#2698 = ORIENTED_EDGE ( 'NONE', *, *, #1832, .F. ) ;
#2699 = CARTESIAN_POINT ( 'NONE',  ( -1.796800580470337527, 1.219685041666666692, 1.796800580470336639 ) ) ;
#2700 = ORIENTED_EDGE ( 'NONE', *, *, #624, .F. ) ;
#2701 = ADVANCED_FACE ( 'NONE', ( #2670 ), #673, .F. ) ;
#2702 = DIRECTION ( 'NONE',  ( -0.4999999999999937828, -0.7071067811865564545, 0.4999999999999935607 ) ) ;
#2703 = ORIENTED_EDGE ( 'NONE', *, *, #1465, .F. ) ;
#2704 = ADVANCED_FACE ( 'NONE', ( #2493 ), #238, .F. ) ;
#2705 = CARTESIAN_POINT ( 'NONE',  ( -3.328956500000000318, -1.211351708333333388, 0.1666666666666669905 ) ) ;
#2706 = VECTOR ( 'NONE', #1132, 39.37007874015748854 ) ;
#2707 = DIRECTION ( 'NONE',  ( -0.000000000000000000, -0.000000000000000000, 1.000000000000000000 ) ) ;
#2708 = ORIENTED_EDGE ( 'NONE', *, *, #760, .F. ) ;
#2709 = CARTESIAN_POINT ( 'NONE',  ( -3.337289833333333622, 1.219685041666666692, 0.04166666666666678925 ) ) ;
#2710 = PLANE ( 'NONE',  #26 ) ;
#2711 = ORIENTED_EDGE ( 'NONE', *, *, #1188, .T. ) ;
#2712 = LINE ( 'NONE', #1864, #608 ) ;
#2713 = EDGE_LOOP ( 'NONE', ( #2800, #1259, #2795, #1192 ) ) ;
#2714 = CARTESIAN_POINT ( 'NONE',  ( -3.303956500000000407, -0.6713315179703357449, 0.6713315179703359670 ) ) ;
#2715 = ORIENTED_EDGE ( 'NONE', *, *, #1036, .T. ) ;
#2716 = CARTESIAN_POINT ( 'NONE',  ( 3.462289833333334066, -1.086351708333333388, 0.1583333333333332149 ) ) ;
#2717 = EDGE_CURVE ( 'NONE', #2474, #1585, #1558, .T. ) ;
#2718 = CARTESIAN_POINT ( 'NONE',  ( 3.337289833333333622, -0.9613517083333332769, 0.1583333333333332982 ) ) ;
#2719 = LINE ( 'NONE', #735, #1993 ) ;
#2720 = ORIENTED_EDGE ( 'NONE', *, *, #1582, .T. ) ;
#2721 = PLANE ( 'NONE',  #76 ) ;
#2722 = PLANE ( 'NONE',  #485 ) ;
#2723 = ORIENTED_EDGE ( 'NONE', *, *, #2098, .F. ) ;
#2724 = AXIS2_PLACEMENT_3D ( 'NONE', #606, #666, #1960 ) ;
#2725 = CARTESIAN_POINT ( 'NONE',  ( 3.426934494274006315, -1.219685041666666692, 0.1666666666666667684 ) ) ;
#2726 = ORIENTED_EDGE ( 'NONE', *, *, #1034, .F. ) ;
#2727 = AXIS2_PLACEMENT_3D ( 'NONE', #182, #1768, #1051 ) ;
#2728 = VECTOR ( 'NONE', #2397, 39.37007874015748854 ) ;
#2729 = FACE_OUTER_BOUND ( 'NONE', #1334, .T. ) ;
#2730 = AXIS2_PLACEMENT_3D ( 'NONE', #1954, #381, #2151 ) ;
#2731 = ORIENTED_EDGE ( 'NONE', *, *, #753, .T. ) ;
#2732 = DIRECTION ( 'NONE',  ( -0.7071067811865471286, -0.7071067811865479058, 0.000000000000000000 ) ) ;
#2733 = EDGE_CURVE ( 'NONE', #2, #1761, #2467, .T. ) ;
#2734 = CARTESIAN_POINT ( 'NONE',  ( 3.503956500000000585, 1.419685041666666647, 0.000000000000000000 ) ) ;
#2735 = LINE ( 'NONE', #1619, #225 ) ;
#2736 = VERTEX_POINT ( 'NONE', #21 ) ;
#2737 = CARTESIAN_POINT ( 'NONE',  ( -3.503956500000000585, 1.419685041666666647, 0.3333333333333333148 ) ) ;
#2738 = DIRECTION ( 'NONE',  ( 0.000000000000000000, 0.7071067811865474617, 0.7071067811865474617 ) ) ;
#2739 = ORIENTED_EDGE ( 'NONE', *, *, #2887, .T. ) ;
#2740 = DIRECTION ( 'NONE',  ( 0.7071067811865474617, 0.000000000000000000, 0.7071067811865474617 ) ) ;
#2741 = AXIS2_PLACEMENT_3D ( 'NONE', #152, #1033, #2814 ) ;
#2742 = VERTEX_POINT ( 'NONE', #2211 ) ;
#2743 =( LENGTH_UNIT ( ) NAMED_UNIT ( * ) SI_UNIT ( $, .METRE. ) );
#2744 = EDGE_LOOP ( 'NONE', ( #1406, #1045, #1133, #477 ) ) ;
#2745 = EDGE_CURVE ( 'NONE', #1495, #1015, #1780, .T. ) ;
#2746 = CARTESIAN_POINT ( 'NONE',  ( 2.860623166666667050, -1.269685041666666736, 0.3333333333333333148 ) ) ;
#2747 = DIRECTION ( 'NONE',  ( 0.000000000000000000, 0.000000000000000000, 1.000000000000000000 ) ) ;
#2748 = CARTESIAN_POINT ( 'NONE',  ( 1.170291392970330469, 1.170291392970334465, 0.1333333333333332760 ) ) ;
#2749 = VERTEX_POINT ( 'NONE', #2688 ) ;
#2750 = FACE_OUTER_BOUND ( 'NONE', #1500, .T. ) ;
#2751 = DIRECTION ( 'NONE',  ( -0.7071067811865479058, 0.000000000000000000, 0.7071067811865471286 ) ) ;
#2752 = VECTOR ( 'NONE', #1317, 39.37007874015748143 ) ;
#2753 = VERTEX_POINT ( 'NONE', #469 ) ;
#2754 = FACE_OUTER_BOUND ( 'NONE', #2372, .T. ) ;
#2755 = EDGE_LOOP ( 'NONE', ( #1469, #1781, #2416, #1917 ) ) ;
#2756 = ADVANCED_FACE ( 'NONE', ( #714 ), #37, .F. ) ;
#2757 = CARTESIAN_POINT ( 'NONE',  ( 2.860623166666667050, -1.269685041666666736, 0.1666666633333333536 ) ) ;
#2758 = ORIENTED_EDGE ( 'NONE', *, *, #2610, .F. ) ;
#2759 = DIRECTION ( 'NONE',  ( -0.000000000000000000, 1.000000000000000000, -0.000000000000000000 ) ) ;
#2760 = DIRECTION ( 'NONE',  ( 0.7071067811865487940, -0.000000000000000000, 0.7071067811865462405 ) ) ;
#2761 = LINE ( 'NONE', #1179, #91 ) ;
#2762 = ORIENTED_EDGE ( 'NONE', *, *, #2484, .T. ) ;
#2763 = CARTESIAN_POINT ( 'NONE',  ( 3.462289833333333178, -0.5863517083333332769, 0.3083333333333334592 ) ) ;
#2764 = PLANE ( 'NONE',  #71 ) ;
#2765 = PLANE ( 'NONE',  #1629 ) ;
#2766 = ORIENTED_EDGE ( 'NONE', *, *, #962, .T. ) ;
#2767 = AXIS2_PLACEMENT_3D ( 'NONE', #1549, #2443, #232 ) ;
#2768 = DIRECTION ( 'NONE',  ( 0.000000000000000000, 0.000000000000000000, 1.000000000000000000 ) ) ;
#2769 = VECTOR ( 'NONE', #1181, 39.37007874015748143 ) ;
#2770 = ORIENTED_EDGE ( 'NONE', *, *, #262, .F. ) ;
#2771 = CARTESIAN_POINT ( 'NONE',  ( -3.478956500000001562, -0.9613517083333333879, 0.1666666666666669905 ) ) ;
#2772 = AXIS2_PLACEMENT_3D ( 'NONE', #1195, #2100, #95 ) ;
#2773 = CARTESIAN_POINT ( 'NONE',  ( 3.015623166666666854, -1.294685041666667091, 0.08191666333333362526 ) ) ;
#2774 = ORIENTED_EDGE ( 'NONE', *, *, #1230, .T. ) ;
#2775 = DIRECTION ( 'NONE',  ( -0.000000000000000000, -0.000000000000000000, 1.000000000000000000 ) ) ;
#2776 = CARTESIAN_POINT ( 'NONE',  ( -3.328956499999998986, 1.086351708333333388, 0.04166666666666651864 ) ) ;
#2777 = VECTOR ( 'NONE', #1539, 39.37007874015748854 ) ;
#2778 = LINE ( 'NONE', #1203, #346 ) ;
#2779 = EDGE_CURVE ( 'NONE', #392, #2499, #1385, .T. ) ;
#2780 = PLANE ( 'NONE',  #1530 ) ;
#2781 = ORIENTED_EDGE ( 'NONE', *, *, #290, .F. ) ;
#2782 = DIRECTION ( 'NONE',  ( 0.7071067811865475727, -0.7071067811865475727, 0.000000000000000000 ) ) ;
#2783 = VERTEX_POINT ( 'NONE', #2534 ) ;
#2784 = CYLINDRICAL_SURFACE ( 'NONE', #683, 0.08474999999999968670 ) ;
#2785 = EDGE_CURVE ( 'NONE', #2499, #1160, #541, .T. ) ;
#2786 = LINE ( 'NONE', #1688, #1947 ) ;
#2787 = EDGE_CURVE ( 'NONE', #484, #1319, #2096, .T. ) ;
#2788 = EDGE_CURVE ( 'NONE', #2474, #2749, #2065, .T. ) ;
#2789 = ORIENTED_EDGE ( 'NONE', *, *, #847, .T. ) ;
#2790 = DIRECTION ( 'NONE',  ( 0.000000000000000000, 1.000000000000000000, 0.000000000000000000 ) ) ;
#2791 = CARTESIAN_POINT ( 'NONE',  ( 3.015623166666666854, -1.294685041666667091, 0.2514166633333330125 ) ) ;
#2792 = ORIENTED_EDGE ( 'NONE', *, *, #2012, .F. ) ;
#2793 = FACE_OUTER_BOUND ( 'NONE', #589, .T. ) ;
#2794 = VECTOR ( 'NONE', #1159, 39.37007874015748143 ) ;
#2795 = ORIENTED_EDGE ( 'NONE', *, *, #891, .T. ) ;
#2796 = ORIENTED_EDGE ( 'NONE', *, *, #2452, .F. ) ;
#2797 = DIRECTION ( 'NONE',  ( -0.7071067811865487940, 0.000000000000000000, -0.7071067811865462405 ) ) ;
#2798 = EDGE_CURVE ( 'NONE', #2659, #951, #1443, .T. ) ;
#2799 = DIRECTION ( 'NONE',  ( -0.7071067811865475727, 0.000000000000000000, -0.7071067811865475727 ) ) ;
#2800 = ORIENTED_EDGE ( 'NONE', *, *, #2846, .F. ) ;
#2801 = EDGE_CURVE ( 'NONE', #2873, #2356, #1630, .T. ) ;
#2802 = LINE ( 'NONE', #768, #259 ) ;
#2803 = FACE_OUTER_BOUND ( 'NONE', #1484, .T. ) ;
#2804 = DIRECTION ( 'NONE',  ( 0.7071067811865480168, 0.000000000000000000, -0.7071067811865469066 ) ) ;
#2805 = DIRECTION ( 'NONE',  ( 0.7071067811865479058, 0.000000000000000000, 0.7071067811865471286 ) ) ;
#2806 = DIRECTION ( 'NONE',  ( 0.7071067811865610064, 0.4999999999999905076, -0.4999999999999905076 ) ) ;
#2807 = ORIENTED_EDGE ( 'NONE', *, *, #1878, .T. ) ;
#2808 = EDGE_CURVE ( 'NONE', #291, #1951, #1673, .T. ) ;
#2809 = FACE_OUTER_BOUND ( 'NONE', #669, .T. ) ;
#2810 = PRODUCT_CONTEXT ( 'NONE', #140, 'mechanical' ) ;
#2811 = ORIENTED_EDGE ( 'NONE', *, *, #1465, .T. ) ;
#2812 = LINE ( 'NONE', #1922, #821 ) ;
#2813 = VECTOR ( 'NONE', #1682, 39.37007874015748143 ) ;
#2814 = DIRECTION ( 'NONE',  ( 0.000000000000000000, 0.7071067811865474617, 0.7071067811865474617 ) ) ;
#2815 = EDGE_CURVE ( 'NONE', #567, #1754, #1835, .T. ) ;
#2816 = APPLICATION_CONTEXT ( 'automotive_design' ) ;
#2817 = ORIENTED_EDGE ( 'NONE', *, *, #2264, .F. ) ;
#2818 = AXIS2_PLACEMENT_3D ( 'NONE', #2511, #1193, #1854 ) ;
#2819 = VECTOR ( 'NONE', #2857, 39.37007874015748854 ) ;
#2820 = LINE ( 'NONE', #881, #953 ) ;
#2821 = FACE_OUTER_BOUND ( 'NONE', #2495, .T. ) ;
#2822 = VECTOR ( 'NONE', #3, 39.37007874015748143 ) ;
#2823 = DIRECTION ( 'NONE',  ( -0.7071067811865476838, 0.000000000000000000, 0.7071067811865473507 ) ) ;
#2824 = FACE_OUTER_BOUND ( 'NONE', #1276, .T. ) ;
#2825 = PRESENTATION_LAYER_ASSIGNMENT (  '', '', ( #173 ) ) ;
#2826 =( CONVERSION_BASED_UNIT ( 'INCH', #609 ) LENGTH_UNIT ( ) NAMED_UNIT ( #1400 ) );
#2827 = ADVANCED_FACE ( 'NONE', ( #2729 ), #1455, .F. ) ;
#2828 = EDGE_LOOP ( 'NONE', ( #1387, #58, #2403, #1402 ) ) ;
#2829 = DIRECTION ( 'NONE',  ( -0.7071067811865479058, 0.000000000000000000, 0.7071067811865471286 ) ) ;
#2830 = SHAPE_DEFINITION_REPRESENTATION ( #1943, #2406 ) ;
#2831 = ORIENTED_EDGE ( 'NONE', *, *, #847, .F. ) ;
#2832 = DIRECTION ( 'NONE',  ( 1.025580099404570524E-14, 0.8164965809277280329, 0.5773502691896228445 ) ) ;
#2833 = VECTOR ( 'NONE', #2768, 39.37007874015748143 ) ;
#2834 = CARTESIAN_POINT ( 'NONE',  ( -3.303956500000000407, 0.000000000000000000, 0.000000000000000000 ) ) ;
#2835 = AXIS2_PLACEMENT_3D ( 'NONE', #127, #340, #964 ) ;
#2836 = EDGE_CURVE ( 'NONE', #1150, #2422, #1235, .T. ) ;
#2837 = ORIENTED_EDGE ( 'NONE', *, *, #591, .F. ) ;
#2838 = DIRECTION ( 'NONE',  ( 0.000000000000000000, 0.000000000000000000, 1.000000000000000000 ) ) ;
#2839 = DIRECTION ( 'NONE',  ( -0.7071067811865474617, 0.000000000000000000, -0.7071067811865474617 ) ) ;
#2840 = EDGE_LOOP ( 'NONE', ( #1575, #2439, #1373, #1053 ) ) ;
#2841 = CARTESIAN_POINT ( 'NONE',  ( 3.170623166666667103, 1.253018375000000129, 0.3333333333333333148 ) ) ;
#2842 = DIRECTION ( 'NONE',  ( -0.000000000000000000, 1.000000000000000000, -0.000000000000000000 ) ) ;
#2843 = SURFACE_SIDE_STYLE ('',( #2876 ) ) ;
#2844 = ORIENTED_EDGE ( 'NONE', *, *, #35, .T. ) ;
#2845 = DIRECTION ( 'NONE',  ( 2.255206291344518547E-16, -1.000000000000000000, 0.000000000000000000 ) ) ;
#2846 = EDGE_CURVE ( 'NONE', #1667, #921, #2123, .T. ) ;
#2847 = ORIENTED_EDGE ( 'NONE', *, *, #1918, .T. ) ;
#2848 = CARTESIAN_POINT ( 'NONE',  ( -3.303956500000000407, 1.175996369274007192, 0.1666666666666666574 ) ) ;
#2849 = DIRECTION ( 'NONE',  ( 0.000000000000000000, 0.7071067811865476838, 0.7071067811865473507 ) ) ;
#2850 = VERTEX_POINT ( 'NONE', #1206 ) ;
#2851 = CARTESIAN_POINT ( 'NONE',  ( 3.170623166666667103, 1.253018375000000129, 0.3333333333333333148 ) ) ;
#2852 = DIRECTION ( 'NONE',  ( -0.000000000000000000, 1.000000000000000000, -0.000000000000000000 ) ) ;
#2853 = DIRECTION ( 'NONE',  ( 0.7071067811865480168, 0.000000000000000000, 0.7071067811865469066 ) ) ;
#2854 = LINE ( 'NONE', #1274, #2752 ) ;
#2855 = LINE ( 'NONE', #2619, #2407 ) ;
#2856 = ORIENTED_EDGE ( 'NONE', *, *, #219, .F. ) ;
#2857 = DIRECTION ( 'NONE',  ( -0.7071067811865472397, 0.000000000000000000, 0.7071067811865476838 ) ) ;
#2858 = ORIENTED_EDGE ( 'NONE', *, *, #2243, .T. ) ;
#2859 = DIRECTION ( 'NONE',  ( -0.000000000000000000, 1.000000000000000000, -0.000000000000000000 ) ) ;
#2860 = CARTESIAN_POINT ( 'NONE',  ( -3.337289833333333622, 1.394685041666667846, 0.2916666666666666297 ) ) ;
#2861 = VERTEX_POINT ( 'NONE', #731 ) ;
#2862 = VECTOR ( 'NONE', #982, 39.37007874015748854 ) ;
#2863 = VECTOR ( 'NONE', #448, 39.37007874015748143 ) ;
#2864 = DIRECTION ( 'NONE',  ( -0.000000000000000000, -0.000000000000000000, 1.000000000000000000 ) ) ;
#2865 = VERTEX_POINT ( 'NONE', #105 ) ;
#2866 = AXIS2_PLACEMENT_3D ( 'NONE', #1223, #754, #2335 ) ;
#2867 = VECTOR ( 'NONE', #2599, 39.37007874015748854 ) ;
#2868 = FACE_OUTER_BOUND ( 'NONE', #774, .T. ) ;
#2869 = CARTESIAN_POINT ( 'NONE',  ( 3.337289833333332734, 1.219685041666666692, 0.2916666666666663521 ) ) ;
#2870 = AXIS2_PLACEMENT_3D ( 'NONE', #816, #2375, #378 ) ;
#2871 = CARTESIAN_POINT ( 'NONE',  ( 0.000000000000000000, 0.000000000000000000, 0.000000000000000000 ) ) ;
#2872 = EDGE_CURVE ( 'NONE', #2552, #921, #2508, .T. ) ;
#2873 = VERTEX_POINT ( 'NONE', #2522 ) ;
#2874 = LINE ( 'NONE', #1339, #1559 ) ;
#2875 = ORIENTED_EDGE ( 'NONE', *, *, #2745, .T. ) ;
#2876 = SURFACE_STYLE_FILL_AREA ( #2686 ) ;
#2877 = EDGE_CURVE ( 'NONE', #412, #2576, #1660, .T. ) ;
#2878 = LINE ( 'NONE', #1284, #1436 ) ;
#2879 = ORIENTED_EDGE ( 'NONE', *, *, #2176, .T. ) ;
#2880 = EDGE_CURVE ( 'NONE', #1471, #2783, #557, .T. ) ;
#2881 = VECTOR ( 'NONE', #2270, 39.37007874015748143 ) ;
#2882 = VECTOR ( 'NONE', #2580, 39.37007874015748854 ) ;
#2883 = CARTESIAN_POINT ( 'NONE',  ( -3.478956500000001562, 1.086351708333333388, 0.04166666666666651864 ) ) ;
#2884 = ADVANCED_FACE ( 'NONE', ( #1613 ), #336, .F. ) ;
#2885 = DIRECTION ( 'NONE',  ( -0.000000000000000000, 1.000000000000000000, -0.000000000000000000 ) ) ;
#2886 = PRODUCT ( 'psu_side', 'psu_side', '', ( #2810 ) ) ;
#2887 = EDGE_CURVE ( 'NONE', #392, #2607, #1895, .T. ) ;
#2888 = ORIENTED_EDGE ( 'NONE', *, *, #1473, .T. ) ;
#2889 = LINE ( 'NONE', #2841, #439 ) ;
#2890 = CARTESIAN_POINT ( 'NONE',  ( -3.462289833333333178, 1.394685041666667846, 0.1666666666666666852 ) ) ;
#2891 = DIRECTION ( 'NONE',  ( -0.7071067811865473507, 0.000000000000000000, -0.7071067811865476838 ) ) ;
#2892 = ORIENTED_EDGE ( 'NONE', *, *, #2677, .F. ) ;
ENDSEC;
END-ISO-10303-21;
