ISO-10303-21;
HEADER;
FILE_DESCRIPTION (( 'STEP AP214' ),
    '1' );
FILE_NAME ('psu_io.STEP',
    '2026-09-26T18:49:23',
    ( '' ),
    ( '' ),
    'SwSTEP 2.0',
    'SolidWorks 2025',
    '' );
FILE_SCHEMA (( 'AUTOMOTIVE_DESIGN' ));
ENDSEC;

DATA;
#1 = ORIENTED_EDGE ( 'NONE', *, *, #92, .T. ) ;
#2 = ADVANCED_BREP_SHAPE_REPRESENTATION ( 'psu_io', ( #18, #3438 ), #1610 ) ;
#3 = LINE ( 'NONE', #1861, #698 ) ;
#4 = LINE ( 'NONE', #1197, #2792 ) ;
#5 = CARTESIAN_POINT ( 'NONE',  ( 0.000000000000000000, 1.319685041666666558, -2.813648535433071363 ) ) ;
#6 = VERTEX_POINT ( 'NONE', #1889 ) ;
#7 = VECTOR ( 'NONE', #2243, 39.37007874015748854 ) ;
#8 = FACE_OUTER_BOUND ( 'NONE', #160, .T. ) ;
#9 = VECTOR ( 'NONE', #140, 39.37007874015748143 ) ;
#10 = EDGE_LOOP ( 'NONE', ( #2301, #3171, #2765, #2451 ) ) ;
#11 = VECTOR ( 'NONE', #2305, 39.37007874015748143 ) ;
#12 = CARTESIAN_POINT ( 'NONE',  ( -0.1000000000000000056, -0.8137792883858266935, -2.213251794991743626 ) ) ;
#13 = DIRECTION ( 'NONE',  ( 0.7071067811865464625, 0.000000000000000000, -0.7071067811865486830 ) ) ;
#14 = DIRECTION ( 'NONE',  ( 0.000000000000000000, 0.000000000000000000, 1.000000000000000000 ) ) ;
#15 = EDGE_CURVE ( 'NONE', #743, #2125, #3078, .T. ) ;
#16 = AXIS2_PLACEMENT_3D ( 'NONE', #1217, #300, #2431 ) ;
#17 = PLANE ( 'NONE',  #2277 ) ;
#18 = MANIFOLD_SOLID_BREP ( '#6 Clearance Hole1', #1244 ) ;
#19 = ORIENTED_EDGE ( 'NONE', *, *, #3118, .T. ) ;
#20 = AXIS2_PLACEMENT_3D ( 'NONE', #913, #1582, #664 ) ;
#21 = ORIENTED_EDGE ( 'NONE', *, *, #3790, .T. ) ;
#22 = CARTESIAN_POINT ( 'NONE',  ( -0.1666666666666666852, -1.519685041666666736, -2.486626529707077093 ) ) ;
#23 = VERTEX_POINT ( 'NONE', #2201 ) ;
#24 = DIRECTION ( 'NONE',  ( -0.8164965809277292541, -0.5773502691896210681, 2.119265127285238447E-15 ) ) ;
#25 = LINE ( 'NONE', #3121, #2018 ) ;
#26 = ORIENTED_EDGE ( 'NONE', *, *, #3631, .F. ) ;
#27 = ADVANCED_FACE ( 'NONE', ( #1214 ), #2429, .T. ) ;
#28 = DIRECTION ( 'NONE',  ( 0.7071067811865474617, 0.000000000000000000, 0.7071067811865474617 ) ) ;
#29 = VERTEX_POINT ( 'NONE', #2131 ) ;
#30 = ORIENTED_EDGE ( 'NONE', *, *, #2236, .F. ) ;
#31 = DIRECTION ( 'NONE',  ( 0.000000000000000000, -1.000000000000000000, 0.000000000000000000 ) ) ;
#32 = CARTESIAN_POINT ( 'NONE',  ( -1.451646598186872028, -1.319685041666666558, -1.451646598186872916 ) ) ;
#33 = CARTESIAN_POINT ( 'NONE',  ( -0.1000000000000000056, 0.8137792883858265824, 2.213251794991744070 ) ) ;
#34 = DIRECTION ( 'NONE',  ( 0.000000000000000000, 0.000000000000000000, -1.000000000000000000 ) ) ;
#35 = ORIENTED_EDGE ( 'NONE', *, *, #2852, .F. ) ;
#36 = AXIS2_PLACEMENT_3D ( 'NONE', #2687, #3259, #2033 ) ;
#37 = ORIENTED_EDGE ( 'NONE', *, *, #732, .T. ) ;
#38 = DIRECTION ( 'NONE',  ( -0.000000000000000000, 1.000000000000000000, -0.000000000000000000 ) ) ;
#39 = ORIENTED_EDGE ( 'NONE', *, *, #2124, .F. ) ;
#40 = FACE_OUTER_BOUND ( 'NONE', #2177, .T. ) ;
#41 = EDGE_CURVE ( 'NONE', #2322, #2797, #625, .T. ) ;
#42 = ORIENTED_EDGE ( 'NONE', *, *, #352, .T. ) ;
#43 = PLANE ( 'NONE',  #1383 ) ;
#44 = EDGE_CURVE ( 'NONE', #3813, #280, #130, .T. ) ;
#45 = EDGE_CURVE ( 'NONE', #1987, #699, #2819, .T. ) ;
#46 = VERTEX_POINT ( 'NONE', #1993 ) ;
#47 = VERTEX_POINT ( 'NONE', #1911 ) ;
#48 = DIRECTION ( 'NONE',  ( -1.000000000000000000, -0.000000000000000000, -0.000000000000000000 ) ) ;
#49 = CARTESIAN_POINT ( 'NONE',  ( -0.1000000000000000056, 1.013779527559054872, -2.224409448818897683 ) ) ;
#50 = AXIS2_PLACEMENT_3D ( 'NONE', #3649, #1591, #3666 ) ;
#51 = ADVANCED_FACE ( 'NONE', ( #3810 ), #1331, .T. ) ;
#52 = DIRECTION ( 'NONE',  ( 0.000000000000000000, 0.000000000000000000, 1.000000000000000000 ) ) ;
#53 = ORIENTED_EDGE ( 'NONE', *, *, #1491, .F. ) ;
#54 =( GEOMETRIC_REPRESENTATION_CONTEXT ( 3 ) GLOBAL_UNCERTAINTY_ASSIGNED_CONTEXT ( ( #2384 ) ) GLOBAL_UNIT_ASSIGNED_CONTEXT ( ( #696, #3709, #3636 ) ) REPRESENTATION_CONTEXT ( 'NONE', 'WORKASPACE' ) );
#55 = VERTEX_POINT ( 'NONE', #2544 ) ;
#56 = CARTESIAN_POINT ( 'NONE',  ( -0.3333333299999999833, -1.269685041666666958, 2.325315202099737633 ) ) ;
#57 = ORIENTED_EDGE ( 'NONE', *, *, #1081, .F. ) ;
#58 = DIRECTION ( 'NONE',  ( -0.7071067811865464625, -0.000000000000000000, -0.7071067811865485719 ) ) ;
#59 = VECTOR ( 'NONE', #3396, 39.37007874015748143 ) ;
#60 = ORIENTED_EDGE ( 'NONE', *, *, #876, .T. ) ;
#61 = CARTESIAN_POINT ( 'NONE',  ( -0.5000000000000000000, 1.269685041666666958, 2.480315202099737437 ) ) ;
#62 = VERTEX_POINT ( 'NONE', #738 ) ;
#63 = ORIENTED_EDGE ( 'NONE', *, *, #2124, .T. ) ;
#64 = CARTESIAN_POINT ( 'NONE',  ( -0.3270220057259945468, -1.519685041666666736, -2.646981868766404844 ) ) ;
#65 = CARTESIAN_POINT ( 'NONE',  ( -0.9892308489616828959, 0.5335815478552429214, -2.646981868766397294 ) ) ;
#66 = VECTOR ( 'NONE', #2204, 39.37007874015748143 ) ;
#67 = ORIENTED_EDGE ( 'NONE', *, *, #3393, .T. ) ;
#68 = VECTOR ( 'NONE', #3481, 39.37007874015748143 ) ;
#69 = DIRECTION ( 'NONE',  ( -0.7071067811865462405, 0.000000000000000000, -0.7071067811865487940 ) ) ;
#70 = EDGE_CURVE ( 'NONE', #655, #3700, #783, .T. ) ;
#71 = DIRECTION ( 'NONE',  ( 0.7071067811865462405, 0.000000000000000000, -0.7071067811865487940 ) ) ;
#72 = ORIENTED_EDGE ( 'NONE', *, *, #2560, .T. ) ;
#73 = CARTESIAN_POINT ( 'NONE',  ( -0.2500000000000000000, 1.119685041666666603, -2.771981868766403956 ) ) ;
#74 = CARTESIAN_POINT ( 'NONE',  ( -0.1000000000000000056, 1.002621634558673147, 2.024409448818897950 ) ) ;
#75 = AXIS2_PLACEMENT_3D ( 'NONE', #2874, #3151, #3425 ) ;
#76 = VECTOR ( 'NONE', #301, 39.37007874015748854 ) ;
#77 = FACE_OUTER_BOUND ( 'NONE', #125, .T. ) ;
#78 = VERTEX_POINT ( 'NONE', #3180 ) ;
#79 = VECTOR ( 'NONE', #2290, 39.37007874015748143 ) ;
#80 = FACE_OUTER_BOUND ( 'NONE', #377, .T. ) ;
#81 = EDGE_CURVE ( 'NONE', #546, #2851, #1616, .T. ) ;
#82 = EDGE_LOOP ( 'NONE', ( #2674, #2048, #3074, #3373 ) ) ;
#83 = ORIENTED_EDGE ( 'NONE', *, *, #3790, .F. ) ;
#84 = CARTESIAN_POINT ( 'NONE',  ( -0.1000000000000000056, -1.002621634558672925, 2.024409448818897506 ) ) ;
#85 = AXIS2_PLACEMENT_3D ( 'NONE', #3901, #1507, #2414 ) ;
#86 = CARTESIAN_POINT ( 'NONE',  ( 1.153668603912866297, 1.119685041666666603, -1.153668603912866297 ) ) ;
#87 = ORIENTED_EDGE ( 'NONE', *, *, #789, .F. ) ;
#88 = EDGE_CURVE ( 'NONE', #2861, #1352, #1034, .T. ) ;
#89 = DIRECTION ( 'NONE',  ( 1.000000000000000000, 0.000000000000000000, 0.000000000000000000 ) ) ;
#90 = EDGE_LOOP ( 'NONE', ( #3344, #3659, #2935, #2049 ) ) ;
#91 = DIRECTION ( 'NONE',  ( 0.5773502691896275074, -0.8164965809277248132, 4.486912934894964390E-15 ) ) ;
#92 = EDGE_CURVE ( 'NONE', #420, #2162, #3493, .T. ) ;
#93 = EDGE_CURVE ( 'NONE', #2077, #46, #3119, .T. ) ;
#94 = ORIENTED_EDGE ( 'NONE', *, *, #15, .T. ) ;
#95 = FACE_OUTER_BOUND ( 'NONE', #226, .T. ) ;
#96 = VERTEX_POINT ( 'NONE', #2283 ) ;
#97 = CARTESIAN_POINT ( 'NONE',  ( -0.4749999999999990341, -1.186351708333333699, -2.521981868766404400 ) ) ;
#98 = CARTESIAN_POINT ( 'NONE',  ( -0.1000000000000000056, 0.8137792883858265824, 2.213251794991744070 ) ) ;
#99 = ADVANCED_FACE ( 'NONE', ( #2306 ), #2582, .F. ) ;
#100 = ORIENTED_EDGE ( 'NONE', *, *, #624, .T. ) ;
#101 = PLANE ( 'NONE',  #1787 ) ;
#102 = LINE ( 'NONE', #3593, #3101 ) ;
#103 = DIRECTION ( 'NONE',  ( -1.000000000000000000, 0.000000000000000000, -0.000000000000000000 ) ) ;
#104 = ORIENTED_EDGE ( 'NONE', *, *, #2167, .F. ) ;
#105 = ORIENTED_EDGE ( 'NONE', *, *, #1841, .F. ) ;
#106 = DIRECTION ( 'NONE',  ( 0.000000000000000000, 0.7071067811865483499, -0.7071067811865466846 ) ) ;
#107 = CARTESIAN_POINT ( 'NONE',  ( -0.1666666666666666574, -1.494685041666666825, 2.521981868766403068 ) ) ;
#108 = ORIENTED_EDGE ( 'NONE', *, *, #1204, .F. ) ;
#109 = ADVANCED_FACE ( 'NONE', ( #3512, #3137 ), #1694, .F. ) ;
#110 = CARTESIAN_POINT ( 'NONE',  ( -0.04166666666666682395, -1.319685041666666558, 2.646981868766403512 ) ) ;
#111 = DIRECTION ( 'NONE',  ( 0.000000000000000000, 0.000000000000000000, -1.000000000000000000 ) ) ;
#112 = DIRECTION ( 'NONE',  ( -0.000000000000000000, -0.000000000000000000, 1.000000000000000000 ) ) ;
#113 = ORIENTED_EDGE ( 'NONE', *, *, #3621, .T. ) ;
#114 = LINE ( 'NONE', #2568, #769 ) ;
#115 = CYLINDRICAL_SURFACE ( 'NONE', #2478, 0.1549999999999998601 ) ;
#116 = VECTOR ( 'NONE', #3548, 39.37007874015748143 ) ;
#117 = DIRECTION ( 'NONE',  ( -0.5773502691896358341, 6.666270646129613349E-15, 0.8164965809277188180 ) ) ;
#118 = EDGE_LOOP ( 'NONE', ( #842, #3534, #1297, #1708 ) ) ;
#119 = LINE ( 'NONE', #2211, #949 ) ;
#120 = AXIS2_PLACEMENT_3D ( 'NONE', #304, #3331, #1493 ) ;
#121 = FACE_OUTER_BOUND ( 'NONE', #1070, .T. ) ;
#122 = CARTESIAN_POINT ( 'NONE',  ( -0.2916666666666665741, -1.344685041666666026, -2.646981868766404400 ) ) ;
#123 = EDGE_CURVE ( 'NONE', #3903, #3748, #1949, .T. ) ;
#124 = EDGE_LOOP ( 'NONE', ( #1723, #2517, #847, #2135 ) ) ;
#125 = EDGE_LOOP ( 'NONE', ( #3311, #2168, #935, #3223 ) ) ;
#126 = DIRECTION ( 'NONE',  ( 0.000000000000000000, 0.7071067811865471286, 0.7071067811865479058 ) ) ;
#127 = VERTEX_POINT ( 'NONE', #1374 ) ;
#128 = EDGE_LOOP ( 'NONE', ( #325, #1399, #3104, #734 ) ) ;
#129 = LINE ( 'NONE', #2798, #1007 ) ;
#130 = LINE ( 'NONE', #1931, #3597 ) ;
#131 = LINE ( 'NONE', #2901, #1360 ) ;
#132 = AXIS2_PLACEMENT_3D ( 'NONE', #1947, #972, #695 ) ;
#133 = VECTOR ( 'NONE', #2990, 39.37007874015748143 ) ;
#134 = EDGE_LOOP ( 'NONE', ( #1131, #2251, #3589, #2877 ) ) ;
#135 = FACE_OUTER_BOUND ( 'NONE', #785, .T. ) ;
#136 = CIRCLE ( 'NONE', #2099, 0.08474999999999996425 ) ;
#137 = FACE_OUTER_BOUND ( 'NONE', #2832, .T. ) ;
#138 = DIRECTION ( 'NONE',  ( -0.5773502691896387207, 1.153777611830127936E-15, -0.8164965809277168196 ) ) ;
#139 = ORIENTED_EDGE ( 'NONE', *, *, #285, .T. ) ;
#140 = DIRECTION ( 'NONE',  ( 0.000000000000000000, -0.7071067811865457964, -0.7071067811865493491 ) ) ;
#141 = VECTOR ( 'NONE', #239, 39.37007874015748143 ) ;
#142 = DIRECTION ( 'NONE',  ( 0.000000000000000000, 0.000000000000000000, -1.000000000000000000 ) ) ;
#143 = DIRECTION ( 'NONE',  ( 0.7071067811865476838, 0.000000000000000000, -0.7071067811865473507 ) ) ;
#144 = VERTEX_POINT ( 'NONE', #2519 ) ;
#145 = CIRCLE ( 'NONE', #334, 0.1097500000000001114 ) ;
#146 = EDGE_CURVE ( 'NONE', #29, #1391, #1075, .T. ) ;
#147 = VERTEX_POINT ( 'NONE', #188 ) ;
#148 = EDGE_CURVE ( 'NONE', #1107, #476, #1656, .T. ) ;
#149 = CARTESIAN_POINT ( 'NONE',  ( 1.153668603912865409, 1.119685041666666603, 1.153668603912861190 ) ) ;
#150 = EDGE_LOOP ( 'NONE', ( #1028, #820, #2821, #1078 ) ) ;
#151 = ORIENTED_EDGE ( 'NONE', *, *, #1614, .T. ) ;
#152 = CARTESIAN_POINT ( 'NONE',  ( -0.04166666666666682395, -1.344685041666666470, 2.646981868766403512 ) ) ;
#153 = DIRECTION ( 'NONE',  ( 0.000000000000000000, 0.000000000000000000, -1.000000000000000000 ) ) ;
#154 = DIRECTION ( 'NONE',  ( -0.000000000000000000, 1.000000000000000000, -0.000000000000000000 ) ) ;
#155 = ORIENTED_EDGE ( 'NONE', *, *, #557, .F. ) ;
#156 = CARTESIAN_POINT ( 'NONE',  ( -0.3093443361963307825, -1.519685041666666736, -2.664659538296068497 ) ) ;
#157 = CARTESIAN_POINT ( 'NONE',  ( -0.04166666666666671986, -1.319685041666666558, -2.646981868766404400 ) ) ;
#158 = VECTOR ( 'NONE', #2353, 39.37007874015748143 ) ;
#159 = CARTESIAN_POINT ( 'NONE',  ( -0.4749999999999995892, -1.186351708333333033, 2.521981868766404844 ) ) ;
#160 = EDGE_LOOP ( 'NONE', ( #3133, #1550, #208, #3750 ) ) ;
#161 = DIRECTION ( 'NONE',  ( 0.000000000000000000, -0.7071067811865454633, 0.7071067811865494601 ) ) ;
#162 = DIRECTION ( 'NONE',  ( 0.7071067811865476838, 0.000000000000000000, -0.7071067811865473507 ) ) ;
#163 = CARTESIAN_POINT ( 'NONE',  ( -0.3749999999999999445, 1.144685041666666292, 2.646981868766404400 ) ) ;
#164 = VECTOR ( 'NONE', #3218, 39.37007874015748143 ) ;
#165 = VERTEX_POINT ( 'NONE', #3430 ) ;
#166 = VERTEX_POINT ( 'NONE', #1355 ) ;
#167 = LINE ( 'NONE', #3399, #1726 ) ;
#168 = ADVANCED_FACE ( 'NONE', ( #2564 ), #1675, .F. ) ;
#169 = ORIENTED_EDGE ( 'NONE', *, *, #1568, .T. ) ;
#170 = FACE_OUTER_BOUND ( 'NONE', #2955, .T. ) ;
#171 = CARTESIAN_POINT ( 'NONE',  ( 0.000000000000000000, -1.013779527559054872, 2.355409448818897467 ) ) ;
#172 = DIRECTION ( 'NONE',  ( 0.7071067811865492381, 0.000000000000000000, -0.7071067811865459074 ) ) ;
#173 = EDGE_CURVE ( 'NONE', #3603, #1810, #3469, .T. ) ;
#174 = ORIENTED_EDGE ( 'NONE', *, *, #292, .F. ) ;
#175 = DIRECTION ( 'NONE',  ( -1.000000000000000000, -0.000000000000000000, -0.000000000000000000 ) ) ;
#176 = CARTESIAN_POINT ( 'NONE',  ( 0.000000000000000000, -1.519685041666666736, 2.813648535433071363 ) ) ;
#177 = VERTEX_POINT ( 'NONE', #543 ) ;
#178 = CARTESIAN_POINT ( 'NONE',  ( -0.5000000000000000000, -1.269685041666666958, 2.480315202099737437 ) ) ;
#179 = DIRECTION ( 'NONE',  ( 0.7071067811865474617, 0.000000000000000000, 0.7071067811865474617 ) ) ;
#180 = DIRECTION ( 'NONE',  ( 1.000000000000000000, 0.000000000000000000, 0.000000000000000000 ) ) ;
#181 = ORIENTED_EDGE ( 'NONE', *, *, #930, .T. ) ;
#182 = ORIENTED_EDGE ( 'NONE', *, *, #1624, .F. ) ;
#183 = CARTESIAN_POINT ( 'NONE',  ( -0.2916666666666665741, -1.494685041666666825, -2.646981868766404400 ) ) ;
#184 = VECTOR ( 'NONE', #896, 39.37007874015748143 ) ;
#185 = ORIENTED_EDGE ( 'NONE', *, *, #3292, .F. ) ;
#186 = EDGE_CURVE ( 'NONE', #3680, #3266, #2921, .T. ) ;
#187 = DIRECTION ( 'NONE',  ( 0.7071067811865474617, 0.000000000000000000, 0.7071067811865474617 ) ) ;
#188 = CARTESIAN_POINT ( 'NONE',  ( -0.1666666666666667684, -1.519685041666666736, 2.807337207825730374 ) ) ;
#189 = CARTESIAN_POINT ( 'NONE',  ( -0.2563113276073389346, -1.319685041666666558, 2.646981868766403068 ) ) ;
#190 = ORIENTED_EDGE ( 'NONE', *, *, #1638, .F. ) ;
#191 = CARTESIAN_POINT ( 'NONE',  ( 0.000000000000000000, -0.8137792883858266935, -2.213251794991743626 ) ) ;
#192 = CARTESIAN_POINT ( 'NONE',  ( 0.000000000000000000, -0.8137792883858266935, -2.480315202099737437 ) ) ;
#193 = VECTOR ( 'NONE', #389, 39.37007874015748143 ) ;
#194 = AXIS2_PLACEMENT_3D ( 'NONE', #1286, #2496, #715 ) ;
#195 = LINE ( 'NONE', #788, #2624 ) ;
#196 = CIRCLE ( 'NONE', #3232, 0.08474999999999996425 ) ;
#197 = EDGE_LOOP ( 'NONE', ( #722, #1504, #802, #1224 ) ) ;
#198 = DIRECTION ( 'NONE',  ( 1.000000000000000000, -0.000000000000000000, -0.000000000000000000 ) ) ;
#199 = CARTESIAN_POINT ( 'NONE',  ( -0.2999999999999999889, -1.186351708333333699, -2.521981868766404400 ) ) ;
#200 = LINE ( 'NONE', #555, #2585 ) ;
#201 = VECTOR ( 'NONE', #2065, 39.37007874015748143 ) ;
#202 = VERTEX_POINT ( 'NONE', #3238 ) ;
#203 = VERTEX_POINT ( 'NONE', #3553 ) ;
#204 = FACE_OUTER_BOUND ( 'NONE', #128, .T. ) ;
#205 = AXIS2_PLACEMENT_3D ( 'NONE', #2495, #478, #2854 ) ;
#206 = ADVANCED_FACE ( 'NONE', ( #1137 ), #3298, .F. ) ;
#207 = AXIS2_PLACEMENT_3D ( 'NONE', #1685, #2888, #3208 ) ;
#208 = ORIENTED_EDGE ( 'NONE', *, *, #3739, .T. ) ;
#209 = CARTESIAN_POINT ( 'NONE',  ( -0.2999999999999999889, -1.061351708333333477, -2.646981868766404400 ) ) ;
#210 = DIRECTION ( 'NONE',  ( 0.000000000000000000, 0.000000000000000000, -1.000000000000000000 ) ) ;
#211 = DIRECTION ( 'NONE',  ( -2.499851492298626207E-15, -0.5773502691896289507, 0.8164965809277237030 ) ) ;
#212 = VECTOR ( 'NONE', #464, 39.37007874015748143 ) ;
#213 = ORIENTED_EDGE ( 'NONE', *, *, #3864, .T. ) ;
#214 = FACE_OUTER_BOUND ( 'NONE', #2620, .T. ) ;
#215 = PLANE ( 'NONE',  #2045 ) ;
#216 = PLANE ( 'NONE',  #1712 ) ;
#217 = EDGE_CURVE ( 'NONE', #2081, #3139, #3784, .T. ) ;
#218 = DIRECTION ( 'NONE',  ( -0.8164965809277288100, -0.5773502691896217343, -4.426820350945525873E-15 ) ) ;
#219 = ORIENTED_EDGE ( 'NONE', *, *, #3595, .T. ) ;
#220 = CARTESIAN_POINT ( 'NONE',  ( -0.3250000000000005662, -1.311351708333332811, 2.646981868766404400 ) ) ;
#221 = PLANE ( 'NONE',  #3807 ) ;
#222 = PLANE ( 'NONE',  #2141 ) ;
#223 = EDGE_CURVE ( 'NONE', #617, #1052, #933, .T. ) ;
#224 = VECTOR ( 'NONE', #665, 39.37007874015748854 ) ;
#225 = ORIENTED_EDGE ( 'NONE', *, *, #2463, .T. ) ;
#226 = EDGE_LOOP ( 'NONE', ( #247, #3149, #259, #2738 ) ) ;
#227 = VECTOR ( 'NONE', #1459, 39.37007874015748854 ) ;
#228 = CARTESIAN_POINT ( 'NONE',  ( -0.1000000000000000056, 0.8137792883858265824, 2.213251794991744070 ) ) ;
#229 = VERTEX_POINT ( 'NONE', #2074 ) ;
#230 = DIRECTION ( 'NONE',  ( 0.000000000000000000, 0.000000000000000000, -1.000000000000000000 ) ) ;
#231 = DIRECTION ( 'NONE',  ( 0.7071067811865474617, -0.000000000000000000, 0.7071067811865474617 ) ) ;
#232 = CARTESIAN_POINT ( 'NONE',  ( -0.04624999999999995087, -1.013779527559054872, 2.224409448818897683 ) ) ;
#233 = EDGE_LOOP ( 'NONE', ( #1543, #1689, #3612, #2161 ) ) ;
#234 = PLANE ( 'NONE',  #2153 ) ;
#235 = DIRECTION ( 'NONE',  ( 0.000000000000000000, -0.7071067811865492381, 0.7071067811865459074 ) ) ;
#236 = CARTESIAN_POINT ( 'NONE',  ( -0.2999999999999999889, 0.8967070473926599394, 2.646981868766404844 ) ) ;
#237 = DIRECTION ( 'NONE',  ( -0.7071067811865473507, 0.000000000000000000, -0.7071067811865476838 ) ) ;
#238 = ORIENTED_EDGE ( 'NONE', *, *, #1421, .F. ) ;
#239 = DIRECTION ( 'NONE',  ( 0.7071067811865464625, 0.000000000000000000, 0.7071067811865485719 ) ) ;
#240 = LINE ( 'NONE', #3013, #76 ) ;
#241 = FACE_OUTER_BOUND ( 'NONE', #1842, .T. ) ;
#242 = VECTOR ( 'NONE', #1558, 39.37007874015748143 ) ;
#243 = ORIENTED_EDGE ( 'NONE', *, *, #2736, .F. ) ;
#244 = ORIENTED_EDGE ( 'NONE', *, *, #3109, .F. ) ;
#245 = EDGE_CURVE ( 'NONE', #1234, #2348, #1415, .T. ) ;
#246 = DIRECTION ( 'NONE',  ( 0.7071067811865474617, 0.000000000000000000, -0.7071067811865474617 ) ) ;
#247 = ORIENTED_EDGE ( 'NONE', *, *, #876, .F. ) ;
#248 = DIRECTION ( 'NONE',  ( -1.000000000000000000, 0.000000000000000000, 0.000000000000000000 ) ) ;
#249 = AXIS2_PLACEMENT_3D ( 'NONE', #2820, #697, #2712 ) ;
#250 = CARTESIAN_POINT ( 'NONE',  ( -0.5000000000000000000, 1.269685041666666958, 2.480315202099737437 ) ) ;
#251 = CARTESIAN_POINT ( 'NONE',  ( -0.5000000000000000000, -1.836489119020203509, -1.836489119020207950 ) ) ;
#252 = EDGE_LOOP ( 'NONE', ( #3211, #942, #571, #1629 ) ) ;
#253 = DIRECTION ( 'NONE',  ( 0.000000000000000000, 0.000000000000000000, 1.000000000000000000 ) ) ;
#254 = DIRECTION ( 'NONE',  ( 0.7071067811865462405, 0.000000000000000000, 0.7071067811865487940 ) ) ;
#255 = ADVANCED_FACE ( 'NONE', ( #2667 ), #500, .F. ) ;
#256 = CARTESIAN_POINT ( 'NONE',  ( -0.4160744349011192278, 0.9863517083333339652, 2.605315202099738769 ) ) ;
#257 = EDGE_CURVE ( 'NONE', #1423, #915, #2724, .T. ) ;
#258 =( CONVERSION_BASED_UNIT ( 'INCH', #2969 ) LENGTH_UNIT ( ) NAMED_UNIT ( #988 ) );
#259 = ORIENTED_EDGE ( 'NONE', *, *, #1719, .F. ) ;
#260 = CARTESIAN_POINT ( 'NONE',  ( 0.000000000000000000, 0.8137792883858265824, 2.213251794991744070 ) ) ;
#261 = DIRECTION ( 'NONE',  ( 1.000000000000000000, 0.000000000000000000, 0.000000000000000000 ) ) ;
#262 = PLANE ( 'NONE',  #3849 ) ;
#263 = VECTOR ( 'NONE', #2228, 39.37007874015748143 ) ;
#264 = EDGE_CURVE ( 'NONE', #3034, #2692, #805, .T. ) ;
#265 = VECTOR ( 'NONE', #2272, 39.37007874015748143 ) ;
#266 = ORIENTED_EDGE ( 'NONE', *, *, #1864, .F. ) ;
#267 = ORIENTED_EDGE ( 'NONE', *, *, #1475, .T. ) ;
#268 = DIRECTION ( 'NONE',  ( 0.7071067811865358044, -0.5000000000000072164, -0.5000000000000093259 ) ) ;
#269 = EDGE_CURVE ( 'NONE', #1534, #2348, #1758, .T. ) ;
#270 = ORIENTED_EDGE ( 'NONE', *, *, #1738, .T. ) ;
#271 = DIRECTION ( 'NONE',  ( 0.7071067811865474617, 0.000000000000000000, 0.7071067811865474617 ) ) ;
#272 = VECTOR ( 'NONE', #2782, 39.37007874015748143 ) ;
#273 = DIRECTION ( 'NONE',  ( 0.000000000000000000, 0.7071067811865490160, -0.7071067811865459074 ) ) ;
#274 = DIRECTION ( 'NONE',  ( 1.000000000000000000, 0.000000000000000000, 0.000000000000000000 ) ) ;
#275 = AXIS2_PLACEMENT_3D ( 'NONE', #3641, #1863, #2119 ) ;
#276 = CIRCLE ( 'NONE', #3320, 0.08474999999999996425 ) ;
#277 = LINE ( 'NONE', #1400, #2720 ) ;
#278 = CARTESIAN_POINT ( 'NONE',  ( -0.1666666666666666297, -1.344685041666666026, -2.771981868766403956 ) ) ;
#279 = DIRECTION ( 'NONE',  ( 0.000000000000000000, -0.7071067811865459074, 0.7071067811865491270 ) ) ;
#280 = VERTEX_POINT ( 'NONE', #2325 ) ;
#281 = DIRECTION ( 'NONE',  ( 0.8164965809277291431, 0.5773502691896211791, 1.025580099404575257E-15 ) ) ;
#282 = LINE ( 'NONE', #1468, #3176 ) ;
#283 = AXIS2_PLACEMENT_3D ( 'NONE', #3307, #574, #3880 ) ;
#284 = DIRECTION ( 'NONE',  ( 1.000000000000000000, 0.000000000000000000, 0.000000000000000000 ) ) ;
#285 = EDGE_CURVE ( 'NONE', #578, #289, #1780, .T. ) ;
#286 = ORIENTED_EDGE ( 'NONE', *, *, #2445, .T. ) ;
#287 = LINE ( 'NONE', #1866, #3526 ) ;
#288 = VECTOR ( 'NONE', #3377, 39.37007874015748854 ) ;
#289 = VERTEX_POINT ( 'NONE', #864 ) ;
#290 = DIRECTION ( 'NONE',  ( 0.000000000000000000, -0.7071067811865479058, 0.7071067811865471286 ) ) ;
#291 = PLANE ( 'NONE',  #2770 ) ;
#292 = EDGE_CURVE ( 'NONE', #2138, #2195, #1116, .T. ) ;
#293 = CARTESIAN_POINT ( 'NONE',  ( -0.1666666666666666297, -1.319685041666666558, -2.771981868766403956 ) ) ;
#294 = VECTOR ( 'NONE', #3157, 39.37007874015748143 ) ;
#295 = CARTESIAN_POINT ( 'NONE',  ( -0.2916666666666664076, -1.344685041666666470, 2.646981868766403068 ) ) ;
#296 = CYLINDRICAL_SURFACE ( 'NONE', #1743, 0.08474999999999996425 ) ;
#297 = CARTESIAN_POINT ( 'NONE',  ( -0.2916666666666664076, -1.494685041666666825, 2.646981868766403068 ) ) ;
#298 = EDGE_CURVE ( 'NONE', #1946, #3081, #3276, .T. ) ;
#299 = ORIENTED_EDGE ( 'NONE', *, *, #1026, .F. ) ;
#300 = DIRECTION ( 'NONE',  ( 0.000000000000000000, 0.7071067811865471286, -0.7071067811865479058 ) ) ;
#301 = DIRECTION ( 'NONE',  ( -0.8164965809277282549, 0.5773502691896226224, -9.654875154550880284E-16 ) ) ;
#302 = LINE ( 'NONE', #5, #1492 ) ;
#303 = ORIENTED_EDGE ( 'NONE', *, *, #186, .F. ) ;
#304 = CARTESIAN_POINT ( 'NONE',  ( 1.243313264853538103, 1.119685041666666603, 1.243313264853534994 ) ) ;
#305 = VERTEX_POINT ( 'NONE', #1434 ) ;
#306 = DIRECTION ( 'NONE',  ( 2.019110820702744941E-15, 0.5773502691896218453, 0.8164965809277285880 ) ) ;
#307 = PLANE ( 'NONE',  #1440 ) ;
#308 = EDGE_CURVE ( 'NONE', #1037, #23, #3908, .T. ) ;
#309 = VECTOR ( 'NONE', #2303, 39.37007874015748143 ) ;
#310 = LINE ( 'NONE', #846, #227 ) ;
#311 = EDGE_CURVE ( 'NONE', #1590, #1037, #3217, .T. ) ;
#312 = VECTOR ( 'NONE', #3309, 39.37007874015748854 ) ;
#313 = FACE_BOUND ( 'NONE', #2614, .T. ) ;
#314 = EDGE_CURVE ( 'NONE', #476, #1232, #1713, .T. ) ;
#315 = ADVANCED_FACE ( 'NONE', ( #2644 ), #291, .F. ) ;
#316 = ORIENTED_EDGE ( 'NONE', *, *, #2101, .F. ) ;
#317 = DIRECTION ( 'NONE',  ( 0.000000000000000000, -1.000000000000000000, 0.000000000000000000 ) ) ;
#318 = ORIENTED_EDGE ( 'NONE', *, *, #2777, .T. ) ;
#319 = PLANE ( 'NONE',  #275 ) ;
#320 = LINE ( 'NONE', #931, #1680 ) ;
#321 = VERTEX_POINT ( 'NONE', #1479 ) ;
#322 = AXIS2_PLACEMENT_3D ( 'NONE', #467, #1378, #2588 ) ;
#323 = PLANE ( 'NONE',  #2834 ) ;
#324 = AXIS2_PLACEMENT_3D ( 'NONE', #2690, #3897, #3009 ) ;
#325 = ORIENTED_EDGE ( 'NONE', *, *, #1351, .F. ) ;
#326 = AXIS2_PLACEMENT_3D ( 'NONE', #1515, #31, #3632 ) ;
#327 = VERTEX_POINT ( 'NONE', #1803 ) ;
#328 = DIRECTION ( 'NONE',  ( -0.7071067811865465735, -0.000000000000000000, 0.7071067811865484609 ) ) ;
#329 = DIRECTION ( 'NONE',  ( -0.000000000000000000, 1.000000000000000000, -0.000000000000000000 ) ) ;
#330 = CARTESIAN_POINT ( 'NONE',  ( -0.07702200572599314510, -1.319685041666666558, -2.646981868766404400 ) ) ;
#331 = AXIS2_PLACEMENT_3D ( 'NONE', #1939, #451, #1665 ) ;
#332 = DIRECTION ( 'NONE',  ( -1.000000000000000000, 0.000000000000000000, 0.000000000000000000 ) ) ;
#333 = SURFACE_STYLE_FILL_AREA ( #1272 ) ;
#334 = AXIS2_PLACEMENT_3D ( 'NONE', #589, #2079, #1741 ) ;
#335 = VERTEX_POINT ( 'NONE', #2094 ) ;
#336 = DIRECTION ( 'NONE',  ( -0.8164965809277288100, 0.5773502691896216232, -1.862870102434090097E-15 ) ) ;
#337 = LINE ( 'NONE', #3049, #2113 ) ;
#338 = CARTESIAN_POINT ( 'NONE',  ( -0.3333333299999999833, -1.369685041666667047, 2.480315202099737437 ) ) ;
#339 = EDGE_CURVE ( 'NONE', #343, #1901, #619, .T. ) ;
#340 = VERTEX_POINT ( 'NONE', #2443 ) ;
#341 = CARTESIAN_POINT ( 'NONE',  ( -0.4749999999999990341, -1.311351708333333699, -2.646981868766404400 ) ) ;
#342 = EDGE_CURVE ( 'NONE', #1633, #289, #3384, .T. ) ;
#343 = VERTEX_POINT ( 'NONE', #672 ) ;
#344 = EDGE_LOOP ( 'NONE', ( #1112, #3776, #2109, #151, #2256, #2914, #2574, #1, #526, #2570, #3066, #19, #2319, #2092, #21, #1305 ) ) ;
#345 = CARTESIAN_POINT ( 'NONE',  ( -0.04624999999999995087, 1.013779527559054872, 2.139659448818897580 ) ) ;
#346 = VECTOR ( 'NONE', #218, 39.37007874015748854 ) ;
#347 = CARTESIAN_POINT ( 'NONE',  ( -0.1000000000000000194, -1.269685041666666958, -2.480315202099737437 ) ) ;
#348 = DIRECTION ( 'NONE',  ( -0.000000000000000000, 1.000000000000000000, 0.000000000000000000 ) ) ;
#349 = DIRECTION ( 'NONE',  ( 0.000000000000000000, 0.7071067811865460184, -0.7071067811865491270 ) ) ;
#350 = DIRECTION ( 'NONE',  ( -0.7071067811865476838, 0.000000000000000000, 0.7071067811865473507 ) ) ;
#351 = VECTOR ( 'NONE', #2943, 39.37007874015748143 ) ;
#352 = EDGE_CURVE ( 'NONE', #2938, #420, #1871, .T. ) ;
#353 = ORIENTED_EDGE ( 'NONE', *, *, #1691, .F. ) ;
#354 = DIRECTION ( 'NONE',  ( 0.000000000000000000, 0.000000000000000000, 1.000000000000000000 ) ) ;
#355 = ORIENTED_EDGE ( 'NONE', *, *, #88, .T. ) ;
#356 = CARTESIAN_POINT ( 'NONE',  ( -0.2499999999999999167, 1.294685041666666869, 2.521981868766403956 ) ) ;
#357 = EDGE_LOOP ( 'NONE', ( #3883, #701, #3446, #3803 ) ) ;
#358 = CARTESIAN_POINT ( 'NONE',  ( -0.3250000000000002887, -1.311351708333332811, 2.646981868766404400 ) ) ;
#359 = ORIENTED_EDGE ( 'NONE', *, *, #45, .T. ) ;
#360 = VERTEX_POINT ( 'NONE', #1264 ) ;
#361 = ADVANCED_FACE ( 'NONE', ( #2146 ), #1228, .T. ) ;
#362 = FACE_OUTER_BOUND ( 'NONE', #1043, .T. ) ;
#363 = FACE_OUTER_BOUND ( 'NONE', #412, .T. ) ;
#364 = DIRECTION ( 'NONE',  ( 0.000000000000000000, 0.7071067811865490160, 0.7071067811865459074 ) ) ;
#365 = VERTEX_POINT ( 'NONE', #1571 ) ;
#366 = VERTEX_POINT ( 'NONE', #64 ) ;
#367 = FACE_OUTER_BOUND ( 'NONE', #2755, .T. ) ;
#368 = DIRECTION ( 'NONE',  ( 0.000000000000000000, 0.000000000000000000, -1.000000000000000000 ) ) ;
#369 = VECTOR ( 'NONE', #1736, 39.37007874015748143 ) ;
#370 = VECTOR ( 'NONE', #2849, 39.37007874015748854 ) ;
#371 = ADVANCED_FACE ( 'NONE', ( #2758 ), #307, .T. ) ;
#372 = PLANE ( 'NONE',  #1925 ) ;
#373 = ORIENTED_EDGE ( 'NONE', *, *, #2386, .T. ) ;
#374 = CARTESIAN_POINT ( 'NONE',  ( -0.2499999999999986400, 1.235759476567787285, -2.605315202099740102 ) ) ;
#375 = EDGE_CURVE ( 'NONE', #779, #3590, #2459, .T. ) ;
#376 = EDGE_LOOP ( 'NONE', ( #1509, #3215, #862, #1602 ) ) ;
#377 = EDGE_LOOP ( 'NONE', ( #1301, #1562, #3510, #1613 ) ) ;
#378 = VECTOR ( 'NONE', #2903, 39.37007874015748143 ) ;
#379 = DIRECTION ( 'NONE',  ( 0.000000000000000000, -0.000000000000000000, 1.000000000000000000 ) ) ;
#380 = CARTESIAN_POINT ( 'NONE',  ( 0.000000000000000000, -1.013779527559054872, -2.224409448818897683 ) ) ;
#381 = ADVANCED_FACE ( 'NONE', ( #1536, #3633 ), #2111, .F. ) ;
#382 = AXIS2_PLACEMENT_3D ( 'NONE', #1414, #844, #2029 ) ;
#383 = ORIENTED_EDGE ( 'NONE', *, *, #2392, .T. ) ;
#384 = DIRECTION ( 'NONE',  ( 1.000000000000000000, -0.000000000000000000, -0.000000000000000000 ) ) ;
#385 = LENGTH_MEASURE_WITH_UNIT ( LENGTH_MEASURE( 0.02539999999999999897 ), #2462 );
#386 = EDGE_CURVE ( 'NONE', #1961, #6, #2163, .T. ) ;
#387 = DIMENSIONAL_EXPONENTS ( 1.000000000000000000, 0.000000000000000000, 0.000000000000000000, 0.000000000000000000, 0.000000000000000000, 0.000000000000000000, 0.000000000000000000 ) ;
#388 = EDGE_LOOP ( 'NONE', ( #2247, #1668, #3367, #2541 ) ) ;
#389 = DIRECTION ( 'NONE',  ( -0.000000000000000000, 1.000000000000000000, -0.000000000000000000 ) ) ;
#390 = FACE_BOUND ( 'NONE', #2241, .T. ) ;
#391 = VECTOR ( 'NONE', #714, 39.37007874015748143 ) ;
#392 = VECTOR ( 'NONE', #680, 39.37007874015748854 ) ;
#393 = DIRECTION ( 'NONE',  ( 0.000000000000000000, 0.7071067811865490160, 0.7071067811865459074 ) ) ;
#394 = VERTEX_POINT ( 'NONE', #2794 ) ;
#395 = LINE ( 'NONE', #3087, #3285 ) ;
#396 = ADVANCED_FACE ( 'NONE', ( #362 ), #3060, .F. ) ;
#397 = ORIENTED_EDGE ( 'NONE', *, *, #3281, .T. ) ;
#398 = ORIENTED_EDGE ( 'NONE', *, *, #459, .T. ) ;
#399 = DIRECTION ( 'NONE',  ( 0.000000000000000000, 0.000000000000000000, 1.000000000000000000 ) ) ;
#400 = LINE ( 'NONE', #1010, #2531 ) ;
#401 = ORIENTED_EDGE ( 'NONE', *, *, #1103, .T. ) ;
#402 = PRODUCT_DEFINITION_SHAPE ( 'NONE', 'NONE',  #2410 ) ;
#403 = VERTEX_POINT ( 'NONE', #938 ) ;
#404 = CARTESIAN_POINT ( 'NONE',  ( -0.5000000000000000000, 0.6501374106868752500, 0.6501374106868781366 ) ) ;
#405 = DIRECTION ( 'NONE',  ( 1.000000000000000000, 0.000000000000000000, 0.000000000000000000 ) ) ;
#406 = CARTESIAN_POINT ( 'NONE',  ( -0.1000000000000000056, 1.002621634558673147, 2.024409448818897950 ) ) ;
#407 = VECTOR ( 'NONE', #138, 39.37007874015748143 ) ;
#408 = ORIENTED_EDGE ( 'NONE', *, *, #2656, .F. ) ;
#409 = DIRECTION ( 'NONE',  ( -0.000000000000000000, -0.000000000000000000, 1.000000000000000000 ) ) ;
#410 = CARTESIAN_POINT ( 'NONE',  ( -0.3333333299999999833, -1.369685041666667047, 2.325315202099737633 ) ) ;
#411 = LINE ( 'NONE', #2842, #224 ) ;
#412 = EDGE_LOOP ( 'NONE', ( #1357, #2907, #3401, #1852 ) ) ;
#413 = DIRECTION ( 'NONE',  ( 0.000000000000000000, -1.000000000000000000, 0.000000000000000000 ) ) ;
#414 = DIRECTION ( 'NONE',  ( -0.000000000000000000, -1.000000000000000000, -0.000000000000000000 ) ) ;
#415 = CARTESIAN_POINT ( 'NONE',  ( -1.493313264853537659, 1.119685041666666603, -1.493313264853537659 ) ) ;
#416 = ORIENTED_EDGE ( 'NONE', *, *, #3584, .T. ) ;
#417 = ORIENTED_EDGE ( 'NONE', *, *, #3895, .F. ) ;
#418 = DIRECTION ( 'NONE',  ( 0.000000000000000000, 0.7071067811865490160, 0.7071067811865459074 ) ) ;
#419 = VERTEX_POINT ( 'NONE', #347 ) ;
#420 = VERTEX_POINT ( 'NONE', #1243 ) ;
#421 = PLANE ( 'NONE',  #1524 ) ;
#422 = CARTESIAN_POINT ( 'NONE',  ( -0.1000000000000000056, -1.269685041666666958, -2.024409448818897506 ) ) ;
#423 = CARTESIAN_POINT ( 'NONE',  ( 1.284979931520204843, -1.319685041666666558, 1.284979931520209506 ) ) ;
#424 = EDGE_CURVE ( 'NONE', #3081, #1039, #1285, .T. ) ;
#425 = ORIENTED_EDGE ( 'NONE', *, *, #1841, .T. ) ;
#426 = DIRECTION ( 'NONE',  ( -1.000000000000000000, -0.000000000000000000, -0.000000000000000000 ) ) ;
#427 = CARTESIAN_POINT ( 'NONE',  ( -0.1000000000000000056, 1.269685041666666958, 2.480315202099737437 ) ) ;
#428 = VECTOR ( 'NONE', #3001, 39.37007874015748143 ) ;
#429 = ADVANCED_FACE ( 'NONE', ( #3075 ), #2774, .F. ) ;
#430 = DIRECTION ( 'NONE',  ( -0.000000000000000000, 0.7071067811865473507, 0.7071067811865477948 ) ) ;
#431 = ORIENTED_EDGE ( 'NONE', *, *, #2587, .F. ) ;
#432 = PLANE ( 'NONE',  #2040 ) ;
#433 = CIRCLE ( 'NONE', #940, 0.08474999999999996425 ) ;
#434 = CARTESIAN_POINT ( 'NONE',  ( -0.2500000000000000000, 1.294685041666666869, 2.771981868766404844 ) ) ;
#435 = DIRECTION ( 'NONE',  ( 0.000000000000000000, -0.7071067811865479058, 0.7071067811865471286 ) ) ;
#436 = ORIENTED_EDGE ( 'NONE', *, *, #2207, .F. ) ;
#437 = ORIENTED_EDGE ( 'NONE', *, *, #2589, .F. ) ;
#438 = DIRECTION ( 'NONE',  ( 0.7071067811865465735, 0.000000000000000000, -0.7071067811865484609 ) ) ;
#439 = EDGE_LOOP ( 'NONE', ( #83, #2142, #1386, #2551 ) ) ;
#440 = ORIENTED_EDGE ( 'NONE', *, *, #507, .F. ) ;
#441 = PLANE ( 'NONE',  #1257 ) ;
#442 = DIRECTION ( 'NONE',  ( 0.000000000000000000, -0.7071067811865479058, 0.7071067811865471286 ) ) ;
#443 = CARTESIAN_POINT ( 'NONE',  ( -0.1000000000000000194, -1.269685041666666958, 2.480315202099737437 ) ) ;
#444 = CIRCLE ( 'NONE', #1584, 0.1310000000000000608 ) ;
#445 = VECTOR ( 'NONE', #3560, 39.37007874015748143 ) ;
#446 = ORIENTED_EDGE ( 'NONE', *, *, #2776, .T. ) ;
#447 = CARTESIAN_POINT ( 'NONE',  ( -0.1000000000000000056, -1.013779527559054872, -2.139659448818897580 ) ) ;
#448 = FACE_OUTER_BOUND ( 'NONE', #495, .T. ) ;
#449 = FACE_OUTER_BOUND ( 'NONE', #357, .T. ) ;
#450 = ORIENTED_EDGE ( 'NONE', *, *, #2525, .F. ) ;
#451 = DIRECTION ( 'NONE',  ( 0.4999999999999918954, 0.7071067811865591191, -0.4999999999999918954 ) ) ;
#452 = VECTOR ( 'NONE', #2593, 39.37007874015748854 ) ;
#453 = DIRECTION ( 'NONE',  ( 0.7071067811865519026, -0.4999999999999972800, 0.4999999999999967248 ) ) ;
#454 = EDGE_CURVE ( 'NONE', #2924, #811, #967, .T. ) ;
#455 = PLANE ( 'NONE',  #2264 ) ;
#456 = ORIENTED_EDGE ( 'NONE', *, *, #1481, .T. ) ;
#457 = VECTOR ( 'NONE', #1040, 39.37007874015748143 ) ;
#458 = VERTEX_POINT ( 'NONE', #1209 ) ;
#459 = EDGE_CURVE ( 'NONE', #2309, #2322, #2426, .T. ) ;
#460 = EDGE_CURVE ( 'NONE', #1486, #3034, #3334, .T. ) ;
#461 = FACE_OUTER_BOUND ( 'NONE', #388, .T. ) ;
#462 = VERTEX_POINT ( 'NONE', #2740 ) ;
#463 = DIRECTION ( 'NONE',  ( -0.7071067811865474617, 0.000000000000000000, -0.7071067811865474617 ) ) ;
#464 = DIRECTION ( 'NONE',  ( 0.7071067811865464625, 8.659560562354947649E-17, 0.7071067811865486830 ) ) ;
#465 = CARTESIAN_POINT ( 'NONE',  ( -0.5000000000000000000, 0.000000000000000000, 0.000000000000000000 ) ) ;
#466 = ORIENTED_EDGE ( 'NONE', *, *, #681, .F. ) ;
#467 = CARTESIAN_POINT ( 'NONE',  ( -1.403668603912866075, 1.119685041666666603, -1.403668603912866075 ) ) ;
#468 = CARTESIAN_POINT ( 'NONE',  ( -0.3333333299999999833, -1.369685041666667047, 2.325315202099737633 ) ) ;
#469 = EDGE_CURVE ( 'NONE', #951, #3506, #2576, .T. ) ;
#470 = CARTESIAN_POINT ( 'NONE',  ( -0.1666666666666666297, -1.319685041666666558, -2.771981868766403956 ) ) ;
#471 = ORIENTED_EDGE ( 'NONE', *, *, #1246, .T. ) ;
#472 = DIRECTION ( 'NONE',  ( 0.7071067811865460184, 0.5000000000000025535, 0.4999999999999996669 ) ) ;
#473 = FACE_OUTER_BOUND ( 'NONE', #3233, .T. ) ;
#474 = DIRECTION ( 'NONE',  ( -0.7071067811865487940, 0.000000000000000000, 0.7071067811865461294 ) ) ;
#475 = VECTOR ( 'NONE', #885, 39.37007874015748143 ) ;
#476 = VERTEX_POINT ( 'NONE', #3447 ) ;
#477 = VERTEX_POINT ( 'NONE', #1303 ) ;
#478 = DIRECTION ( 'NONE',  ( 1.000000000000000000, 0.000000000000000000, 0.000000000000000000 ) ) ;
#479 = EDGE_CURVE ( 'NONE', #3139, #2081, #1208, .T. ) ;
#480 = ADVANCED_FACE ( 'NONE', ( #461 ), #3421, .F. ) ;
#481 = VERTEX_POINT ( 'NONE', #1671 ) ;
#482 = DIRECTION ( 'NONE',  ( 0.000000000000000000, -0.7071067811865483499, -0.7071067811865466846 ) ) ;
#483 = CARTESIAN_POINT ( 'NONE',  ( -0.4749999999999984790, 0.8613517083333332991, 2.646981868766404400 ) ) ;
#484 = DIRECTION ( 'NONE',  ( 0.7071067811865457964, 0.000000000000000000, 0.7071067811865491270 ) ) ;
#485 = ORIENTED_EDGE ( 'NONE', *, *, #1491, .T. ) ;
#486 = CARTESIAN_POINT ( 'NONE',  ( -0.2999999999999999889, -1.311351708333333699, -2.646981868766404400 ) ) ;
#487 = CARTESIAN_POINT ( 'NONE',  ( -0.2500000000000000000, 1.144685041666667624, -2.771981868766403956 ) ) ;
#488 = DIRECTION ( 'NONE',  ( 0.7071067811865474617, 0.4999999999999994449, -0.5000000000000006661 ) ) ;
#489 = EDGE_LOOP ( 'NONE', ( #1593, #3415 ) ) ;
#490 = CARTESIAN_POINT ( 'NONE',  ( 0.000000000000000000, 1.269685041666666958, -2.024409448818896617 ) ) ;
#491 = PLANE ( 'NONE',  #3686 ) ;
#492 = VECTOR ( 'NONE', #1029, 39.37007874015748854 ) ;
#493 = EDGE_CURVE ( 'NONE', #2309, #3485, #167, .T. ) ;
#494 = CARTESIAN_POINT ( 'NONE',  ( -0.1666666666666666297, -1.494685041666666825, 2.771981868766403068 ) ) ;
#495 = EDGE_LOOP ( 'NONE', ( #3164, #1292, #2787, #3175 ) ) ;
#496 = ORIENTED_EDGE ( 'NONE', *, *, #3182, .F. ) ;
#497 = CARTESIAN_POINT ( 'NONE',  ( -0.4749999999999995892, -1.311351708333332811, 2.646981868766404400 ) ) ;
#498 = VERTEX_POINT ( 'NONE', #183 ) ;
#499 = DIRECTION ( 'NONE',  ( 0.7071067811865479058, 0.4999999999999991118, -0.5000000000000003331 ) ) ;
#500 = PLANE ( 'NONE',  #2958 ) ;
#501 = EDGE_CURVE ( 'NONE', #2763, #2276, #1652, .T. ) ;
#502 = LINE ( 'NONE', #2012, #2242 ) ;
#503 = ORIENTED_EDGE ( 'NONE', *, *, #1404, .T. ) ;
#504 = FACE_OUTER_BOUND ( 'NONE', #1859, .T. ) ;
#505 = DIRECTION ( 'NONE',  ( -0.7071067811865474617, 0.000000000000000000, 0.7071067811865474617 ) ) ;
#506 = AXIS2_PLACEMENT_3D ( 'NONE', #486, #2647, #2369 ) ;
#507 = EDGE_CURVE ( 'NONE', #229, #951, #3487, .T. ) ;
#508 = CONICAL_SURFACE ( 'NONE', #1846, 0.1310000000000000608, 0.7853981633974498333 ) ;
#509 = CARTESIAN_POINT ( 'NONE',  ( -0.1666666666666666852, -1.319685041666666558, -2.521981868766404400 ) ) ;
#510 = AXIS2_PLACEMENT_3D ( 'NONE', #618, #3348, #328 ) ;
#511 = ORIENTED_EDGE ( 'NONE', *, *, #1710, .T. ) ;
#512 = LINE ( 'NONE', #2931, #3237 ) ;
#513 = DIRECTION ( 'NONE',  ( -0.7071067811865471286, 0.000000000000000000, -0.7071067811865479058 ) ) ;
#514 = DIRECTION ( 'NONE',  ( -0.5000000000000082157, -0.7071067811865359154, 0.5000000000000082157 ) ) ;
#515 = VECTOR ( 'NONE', #2867, 39.37007874015748143 ) ;
#516 = EDGE_LOOP ( 'NONE', ( #2042, #656, #2474, #1284 ) ) ;
#517 = ORIENTED_EDGE ( 'NONE', *, *, #1362, .T. ) ;
#518 = CARTESIAN_POINT ( 'NONE',  ( 0.000000000000000000, -1.013779527559054872, -2.224409448818897683 ) ) ;
#519 = EDGE_CURVE ( 'NONE', #2579, #2077, #1945, .T. ) ;
#520 = AXIS2_PLACEMENT_3D ( 'NONE', #2356, #2044, #3565 ) ;
#521 = ORIENTED_EDGE ( 'NONE', *, *, #3158, .T. ) ;
#522 = VECTOR ( 'NONE', #1098, 39.37007874015748143 ) ;
#523 = CARTESIAN_POINT ( 'NONE',  ( -0.2999999999999999889, 0.7751374106868739178, -0.7751374106868758052 ) ) ;
#524 = DIRECTION ( 'NONE',  ( 0.000000000000000000, -0.7071067811865479058, 0.7071067811865471286 ) ) ;
#525 = LINE ( 'NONE', #3871, #539 ) ;
#526 = ORIENTED_EDGE ( 'NONE', *, *, #2703, .F. ) ;
#527 = DIRECTION ( 'NONE',  ( 0.000000000000000000, 0.7071067811865471286, 0.7071067811865479058 ) ) ;
#528 = CARTESIAN_POINT ( 'NONE',  ( -0.1000000000000000056, -1.002621634558672925, 2.024409448818897506 ) ) ;
#529 = DIRECTION ( 'NONE',  ( 0.7071067811865475727, 0.4999999999999997224, -0.5000000000000003331 ) ) ;
#530 = LINE ( 'NONE', #2292, #535 ) ;
#531 = EDGE_CURVE ( 'NONE', #1003, #928, #2558, .T. ) ;
#532 = ORIENTED_EDGE ( 'NONE', *, *, #803, .T. ) ;
#533 = DIRECTION ( 'NONE',  ( -0.000000000000000000, 0.000000000000000000, 1.000000000000000000 ) ) ;
#534 = DIRECTION ( 'NONE',  ( -0.000000000000000000, 0.000000000000000000, 1.000000000000000000 ) ) ;
#535 = VECTOR ( 'NONE', #1746, 39.37007874015748854 ) ;
#536 = CARTESIAN_POINT ( 'NONE',  ( -0.5000000000000000000, -1.519685041666666736, -2.813648535433071363 ) ) ;
#537 = ORIENTED_EDGE ( 'NONE', *, *, #2062, .F. ) ;
#538 = ORIENTED_EDGE ( 'NONE', *, *, #973, .F. ) ;
#539 = VECTOR ( 'NONE', #3909, 39.37007874015748854 ) ;
#540 = LINE ( 'NONE', #3525, #116 ) ;
#541 = ORIENTED_EDGE ( 'NONE', *, *, #1551, .T. ) ;
#542 = DIRECTION ( 'NONE',  ( 1.000000000000000000, -0.000000000000000000, -0.000000000000000000 ) ) ;
#543 = CARTESIAN_POINT ( 'NONE',  ( -0.3249999999999987899, -1.186351708333333699, -2.771981868766403956 ) ) ;
#544 = CARTESIAN_POINT ( 'NONE',  ( -0.04166666666666671986, -1.344685041666666026, -2.646981868766404400 ) ) ;
#545 = ADVANCED_FACE ( 'NONE', ( #2895 ), #2197, .F. ) ;
#546 = VERTEX_POINT ( 'NONE', #3134 ) ;
#547 = CARTESIAN_POINT ( 'NONE',  ( -0.4749999999999984790, 0.9863517083333335211, 2.771981868766404844 ) ) ;
#548 = LINE ( 'NONE', #3854, #646 ) ;
#549 = LINE ( 'NONE', #1442, #2846 ) ;
#550 = ADVANCED_FACE ( 'NONE', ( #689 ), #1071, .F. ) ;
#551 = CARTESIAN_POINT ( 'NONE',  ( -0.1843443361963305327, -1.519685041666666736, 2.789659538296066721 ) ) ;
#552 = ORIENTED_EDGE ( 'NONE', *, *, #3552, .F. ) ;
#553 = DIRECTION ( 'NONE',  ( 0.7071067811865474617, 0.000000000000000000, 0.7071067811865474617 ) ) ;
#554 = FACE_OUTER_BOUND ( 'NONE', #2716, .T. ) ;
#555 = CARTESIAN_POINT ( 'NONE',  ( -0.3333333299999999833, -1.369685041666667047, 2.410065202099737292 ) ) ;
#556 = VECTOR ( 'NONE', #3368, 39.37007874015748143 ) ;
#557 = EDGE_CURVE ( 'NONE', #46, #943, #2278, .T. ) ;
#558 = ORIENTED_EDGE ( 'NONE', *, *, #979, .T. ) ;
#559 = ORIENTED_EDGE ( 'NONE', *, *, #3210, .F. ) ;
#560 = CARTESIAN_POINT ( 'NONE',  ( -0.4749999999999990341, -1.186351708333333699, -2.521981868766404400 ) ) ;
#561 = EDGE_LOOP ( 'NONE', ( #1202, #3251, #1092, #1225 ) ) ;
#562 = CARTESIAN_POINT ( 'NONE',  ( 0.000000000000000000, 1.013779527559054872, 2.309159448818897342 ) ) ;
#563 = AXIS2_PLACEMENT_3D ( 'NONE', #1166, #3209, #2595 ) ;
#564 = DIRECTION ( 'NONE',  ( 0.7071067811865474617, 0.000000000000000000, -0.7071067811865474617 ) ) ;
#565 = CARTESIAN_POINT ( 'NONE',  ( -0.1000000000000000056, 1.269685041666666958, 2.024409448818897506 ) ) ;
#566 = ORIENTED_EDGE ( 'NONE', *, *, #2600, .T. ) ;
#567 = LINE ( 'NONE', #295, #2911 ) ;
#568 = CARTESIAN_POINT ( 'NONE',  ( -0.2500000000000000000, 1.119685041666666603, 2.771981868766404844 ) ) ;
#569 = DIRECTION ( 'NONE',  ( -0.000000000000000000, 1.000000000000000000, -0.000000000000000000 ) ) ;
#570 = EDGE_CURVE ( 'NONE', #3081, #1423, #1370, .T. ) ;
#571 = ORIENTED_EDGE ( 'NONE', *, *, #3561, .F. ) ;
#572 = LINE ( 'NONE', #1487, #2855 ) ;
#573 = VECTOR ( 'NONE', #1439, 39.37007874015748143 ) ;
#574 = DIRECTION ( 'NONE',  ( 0.7071067811865519026, 0.4999999999999958922, -0.4999999999999981126 ) ) ;
#575 = CARTESIAN_POINT ( 'NONE',  ( -0.5000000000000000000, 1.319685041666666558, -2.813648535433071363 ) ) ;
#576 = AXIS2_PLACEMENT_3D ( 'NONE', #1059, #1660, #3735 ) ;
#577 = ORIENTED_EDGE ( 'NONE', *, *, #2651, .F. ) ;
#578 = VERTEX_POINT ( 'NONE', #778 ) ;
#579 = CARTESIAN_POINT ( 'NONE',  ( -0.3333333299999999833, -1.369685041666667047, 2.325315202099737633 ) ) ;
#580 = ORIENTED_EDGE ( 'NONE', *, *, #3369, .F. ) ;
#581 = ADVANCED_FACE ( 'NONE', ( #1989 ), #1348, .F. ) ;
#582 = DIRECTION ( 'NONE',  ( 0.000000000000000000, 0.000000000000000000, 1.000000000000000000 ) ) ;
#583 = AXIS2_PLACEMENT_3D ( 'NONE', #1903, #2538, #399 ) ;
#584 = DIRECTION ( 'NONE',  ( 0.000000000000000000, 0.000000000000000000, -1.000000000000000000 ) ) ;
#585 = DIRECTION ( 'NONE',  ( 0.000000000000000000, 0.000000000000000000, -1.000000000000000000 ) ) ;
#586 = VECTOR ( 'NONE', #2156, 39.37007874015748143 ) ;
#587 = VECTOR ( 'NONE', #1441, 39.37007874015748143 ) ;
#588 = DIRECTION ( 'NONE',  ( 1.000000000000000000, -0.000000000000000000, -0.000000000000000000 ) ) ;
#589 = CARTESIAN_POINT ( 'NONE',  ( -0.3333333299999999833, -1.369685041666667047, 2.325315202099737633 ) ) ;
#590 = PLANE ( 'NONE',  #3228 ) ;
#591 = ORIENTED_EDGE ( 'NONE', *, *, #2656, .T. ) ;
#592 = CARTESIAN_POINT ( 'NONE',  ( -0.4749999999999984790, 1.111351708333333299, 2.646981868766404400 ) ) ;
#593 = CARTESIAN_POINT ( 'NONE',  ( -0.1000000000000000056, 1.269685041666666958, -2.024409448818896617 ) ) ;
#594 = VECTOR ( 'NONE', #414, 39.37007874015748143 ) ;
#595 = DIRECTION ( 'NONE',  ( -0.000000000000000000, 1.000000000000000000, -0.000000000000000000 ) ) ;
#596 = EDGE_CURVE ( 'NONE', #55, #477, #2514, .T. ) ;
#597 = ORIENTED_EDGE ( 'NONE', *, *, #1397, .F. ) ;
#598 = EDGE_CURVE ( 'NONE', #1901, #3882, #1008, .T. ) ;
#599 = CARTESIAN_POINT ( 'NONE',  ( -0.1666666666666666297, -1.494685041666666825, -2.771981868766403956 ) ) ;
#600 = VECTOR ( 'NONE', #980, 39.37007874015748143 ) ;
#601 = VERTEX_POINT ( 'NONE', #1926 ) ;
#602 = UNCERTAINTY_MEASURE_WITH_UNIT (LENGTH_MEASURE( 1.000000000000000082E-05 ), #258, 'distance_accuracy_value', 'NONE');
#603 = DIRECTION ( 'NONE',  ( 0.7071067811865464625, 0.000000000000000000, -0.7071067811865486830 ) ) ;
#604 = CARTESIAN_POINT ( 'NONE',  ( -0.1000000000000000056, 0.8137792883858268045, -2.213251794991743626 ) ) ;
#605 = CARTESIAN_POINT ( 'NONE',  ( -0.4749999999999995892, -1.061351708333333033, 2.646981868766404400 ) ) ;
#606 = EDGE_CURVE ( 'NONE', #951, #2276, #755, .T. ) ;
#607 = CARTESIAN_POINT ( 'NONE',  ( -0.2999999999999999889, -1.186351708333333033, 2.521981868766404844 ) ) ;
#608 = CARTESIAN_POINT ( 'NONE',  ( -0.3749999999999999445, 1.294685041666666869, 2.646981868766404400 ) ) ;
#609 = FACE_OUTER_BOUND ( 'NONE', #118, .T. ) ;
#610 =( NAMED_UNIT ( * ) PLANE_ANGLE_UNIT ( ) SI_UNIT ( $, .RADIAN. ) );
#611 = EDGE_LOOP ( 'NONE', ( #113, #3291, #1261, #1472 ) ) ;
#612 = CARTESIAN_POINT ( 'NONE',  ( -0.3249999999999987343, -1.311351708333333699, -2.646981868766404400 ) ) ;
#613 = DIRECTION ( 'NONE',  ( 0.7071067811865435759, 0.5000000000000022204, 0.5000000000000034417 ) ) ;
#614 = LINE ( 'NONE', #1199, #3892 ) ;
#615 = VERTEX_POINT ( 'NONE', #2259 ) ;
#616 = CARTESIAN_POINT ( 'NONE',  ( -0.3249999999999987343, -1.311351708333333699, -2.646981868766404400 ) ) ;
#617 = VERTEX_POINT ( 'NONE', #1964 ) ;
#618 = CARTESIAN_POINT ( 'NONE',  ( -0.1249999999999999029, 1.294685041666666869, 2.646981868766404400 ) ) ;
#619 = LINE ( 'NONE', #953, #242 ) ;
#620 = VECTOR ( 'NONE', #3273, 39.37007874015748854 ) ;
#621 = DIRECTION ( 'NONE',  ( -0.000000000000000000, -0.7071067811865477948, 0.7071067811865472397 ) ) ;
#622 = VECTOR ( 'NONE', #143, 39.37007874015748143 ) ;
#623 = PLANE ( 'NONE',  #3227 ) ;
#624 = EDGE_CURVE ( 'NONE', #2138, #55, #2362, .T. ) ;
#625 = LINE ( 'NONE', #3691, #1572 ) ;
#626 = ORIENTED_EDGE ( 'NONE', *, *, #1389, .T. ) ;
#627 = LINE ( 'NONE', #1195, #3174 ) ;
#628 = EDGE_CURVE ( 'NONE', #1123, #321, #2660, .T. ) ;
#629 = FACE_OUTER_BOUND ( 'NONE', #1057, .T. ) ;
#630 = LINE ( 'NONE', #875, #1887 ) ;
#631 = ORIENTED_EDGE ( 'NONE', *, *, #772, .F. ) ;
#632 = VECTOR ( 'NONE', #1698, 39.37007874015748854 ) ;
#633 = LINE ( 'NONE', #2421, #1832 ) ;
#634 = VECTOR ( 'NONE', #939, 39.37007874015748143 ) ;
#635 = EDGE_LOOP ( 'NONE', ( #2977, #1768, #3023, #3746 ) ) ;
#636 = ORIENTED_EDGE ( 'NONE', *, *, #1710, .F. ) ;
#637 = LINE ( 'NONE', #1854, #2214 ) ;
#638 = ADVANCED_FACE ( 'NONE', ( #3253 ), #3294, .F. ) ;
#639 = CARTESIAN_POINT ( 'NONE',  ( 0.000000000000000000, 1.119685041666666603, 0.000000000000000000 ) ) ;
#640 = LINE ( 'NONE', #1559, #2984 ) ;
#641 = AXIS2_PLACEMENT_3D ( 'NONE', #3674, #2152, #3026 ) ;
#642 = CARTESIAN_POINT ( 'NONE',  ( -0.1000000000000000056, 0.8137792883858265824, 2.480315202099737881 ) ) ;
#643 = EDGE_CURVE ( 'NONE', #1494, #2063, #1132, .T. ) ;
#644 = VERTEX_POINT ( 'NONE', #497 ) ;
#645 = CARTESIAN_POINT ( 'NONE',  ( 0.000000000000000000, 0.000000000000000000, 0.000000000000000000 ) ) ;
#646 = VECTOR ( 'NONE', #1720, 39.37007874015748854 ) ;
#647 = ORIENTED_EDGE ( 'NONE', *, *, #2420, .F. ) ;
#648 = CARTESIAN_POINT ( 'NONE',  ( -0.1249999999999999029, 1.119685041666666603, 2.646981868766404400 ) ) ;
#649 = ORIENTED_EDGE ( 'NONE', *, *, #3843, .F. ) ;
#650 = CYLINDRICAL_SURFACE ( 'NONE', #2619, 0.08474999999999996425 ) ;
#651 = ADVANCED_FACE ( 'NONE', ( #2321 ), #2957, .F. ) ;
#652 = ADVANCED_FACE ( 'NONE', ( #204 ), #2599, .F. ) ;
#653 = ORIENTED_EDGE ( 'NONE', *, *, #3089, .T. ) ;
#654 = PLANE ( 'NONE',  #1834 ) ;
#655 = VERTEX_POINT ( 'NONE', #1474 ) ;
#656 = ORIENTED_EDGE ( 'NONE', *, *, #123, .T. ) ;
#657 = VECTOR ( 'NONE', #393, 39.37007874015748854 ) ;
#658 = CARTESIAN_POINT ( 'NONE',  ( -0.2999999999999999889, -1.186351708333333033, 2.521981868766404844 ) ) ;
#659 = CARTESIAN_POINT ( 'NONE',  ( -0.5000000000000000000, -1.186351708333333033, 2.486626529707077982 ) ) ;
#660 = LINE ( 'NONE', #2722, #1196 ) ;
#661 = VECTOR ( 'NONE', #3851, 39.37007874015748854 ) ;
#662 = VERTEX_POINT ( 'NONE', #2091 ) ;
#663 = DIRECTION ( 'NONE',  ( 0.000000000000000000, 0.000000000000000000, 1.000000000000000000 ) ) ;
#664 = DIRECTION ( 'NONE',  ( 0.000000000000000000, 0.000000000000000000, -1.000000000000000000 ) ) ;
#665 = DIRECTION ( 'NONE',  ( 3.333135323064855190E-15, 0.5773502691896227335, -0.8164965809277280329 ) ) ;
#666 = ORIENTED_EDGE ( 'NONE', *, *, #2062, .T. ) ;
#667 = EDGE_CURVE ( 'NONE', #3192, #3519, #2050, .T. ) ;
#668 = EDGE_CURVE ( 'NONE', #1101, #546, #991, .T. ) ;
#669 = FACE_OUTER_BOUND ( 'NONE', #1801, .T. ) ;
#670 = ORIENTED_EDGE ( 'NONE', *, *, #958, .T. ) ;
#671 = ORIENTED_EDGE ( 'NONE', *, *, #1240, .T. ) ;
#672 = CARTESIAN_POINT ( 'NONE',  ( -0.1000000000000000194, -0.8137792883858266935, -2.480315202099737437 ) ) ;
#673 = DIRECTION ( 'NONE',  ( -0.4999999999999977796, -0.7071067811865494601, -0.4999999999999996669 ) ) ;
#674 = ORIENTED_EDGE ( 'NONE', *, *, #217, .T. ) ;
#675 = DIRECTION ( 'NONE',  ( 0.7071067811865471286, 0.000000000000000000, -0.7071067811865479058 ) ) ;
#676 = ORIENTED_EDGE ( 'NONE', *, *, #1026, .T. ) ;
#677 = VERTEX_POINT ( 'NONE', #1412 ) ;
#678 = CARTESIAN_POINT ( 'NONE',  ( 1.243313264853537881, 1.119685041666666603, -1.243313264853537881 ) ) ;
#679 = ORIENTED_EDGE ( 'NONE', *, *, #2537, .T. ) ;
#680 = DIRECTION ( 'NONE',  ( -0.5773502691896273964, 0.8164965809277248132, -1.518739905016681490E-14 ) ) ;
#681 = EDGE_CURVE ( 'NONE', #811, #365, #814, .T. ) ;
#682 = EDGE_CURVE ( 'NONE', #1682, #3700, #540, .T. ) ;
#683 = CARTESIAN_POINT ( 'NONE',  ( -0.3333333299999999833, -1.394685041666667402, 2.410065202099737292 ) ) ;
#684 = EDGE_LOOP ( 'NONE', ( #2181, #878, #1090, #3183 ) ) ;
#685 = CARTESIAN_POINT ( 'NONE',  ( -0.4749999999999984790, 0.8613517083333332991, 2.646981868766404400 ) ) ;
#686 = EDGE_CURVE ( 'NONE', #2125, #498, #819, .T. ) ;
#687 = ORIENTED_EDGE ( 'NONE', *, *, #2005, .F. ) ;
#688 = EDGE_LOOP ( 'NONE', ( #3252, #649, #2737, #67 ) ) ;
#689 = FACE_OUTER_BOUND ( 'NONE', #2393, .T. ) ;
#690 = VECTOR ( 'NONE', #279, 39.37007874015748143 ) ;
#691 = DIRECTION ( 'NONE',  ( 0.000000000000000000, -0.7071067811865490160, -0.7071067811865459074 ) ) ;
#692 = VECTOR ( 'NONE', #3297, 39.37007874015748143 ) ;
#693 = ADVANCED_FACE ( 'NONE', ( #1113 ), #2026, .F. ) ;
#694 = ORIENTED_EDGE ( 'NONE', *, *, #2435, .F. ) ;
#695 = DIRECTION ( 'NONE',  ( 0.000000000000000000, -0.7071067811865459074, 0.7071067811865491270 ) ) ;
#696 =( CONVERSION_BASED_UNIT ( 'INCH', #385 ) LENGTH_UNIT ( ) NAMED_UNIT ( #387 ) );
#697 = DIRECTION ( 'NONE',  ( 0.4999999999999966693, -0.7071067811865533459, -0.4999999999999951705 ) ) ;
#698 = VECTOR ( 'NONE', #3639, 39.37007874015748143 ) ;
#699 = VERTEX_POINT ( 'NONE', #228 ) ;
#700 = LINE ( 'NONE', #3755, #2673 ) ;
#701 = ORIENTED_EDGE ( 'NONE', *, *, #2382, .T. ) ;
#702 = DIRECTION ( 'NONE',  ( -0.000000000000000000, -0.000000000000000000, 1.000000000000000000 ) ) ;
#703 = VECTOR ( 'NONE', #13, 39.37007874015748143 ) ;
#704 = VECTOR ( 'NONE', #1183, 39.37007874015748143 ) ;
#705 = CARTESIAN_POINT ( 'NONE',  ( 0.000000000000000000, 1.013779527559054872, -2.224409448818897683 ) ) ;
#706 = ORIENTED_EDGE ( 'NONE', *, *, #1955, .T. ) ;
#707 = LINE ( 'NONE', #3502, #9 ) ;
#708 = LINE ( 'NONE', #3906, #1201 ) ;
#709 = EDGE_CURVE ( 'NONE', #3048, #3126, #1152, .T. ) ;
#710 = DIRECTION ( 'NONE',  ( 0.7071067811865464625, 0.000000000000000000, 0.7071067811865485719 ) ) ;
#711 = ORIENTED_EDGE ( 'NONE', *, *, #314, .T. ) ;
#712 = ORIENTED_EDGE ( 'NONE', *, *, #1725, .F. ) ;
#713 = EDGE_CURVE ( 'NONE', #127, #96, #3591, .T. ) ;
#714 = DIRECTION ( 'NONE',  ( 1.000000000000000000, 0.000000000000000000, 0.000000000000000000 ) ) ;
#715 = DIRECTION ( 'NONE',  ( 0.000000000000000000, 0.000000000000000000, -1.000000000000000000 ) ) ;
#716 = ORIENTED_EDGE ( 'NONE', *, *, #3477, .F. ) ;
#717 = CARTESIAN_POINT ( 'NONE',  ( -0.5000000000000000000, 1.319685041666666558, -2.813648535433071363 ) ) ;
#718 = DIRECTION ( 'NONE',  ( -0.7071067811865462405, 0.000000000000000000, -0.7071067811865487940 ) ) ;
#719 = EDGE_CURVE ( 'NONE', #984, #462, #3844, .T. ) ;
#720 = DIRECTION ( 'NONE',  ( 0.4999999999999964473, 0.7071067811865513475, 0.4999999999999983347 ) ) ;
#721 = VECTOR ( 'NONE', #2041, 39.37007874015748854 ) ;
#722 = ORIENTED_EDGE ( 'NONE', *, *, #1805, .F. ) ;
#723 = DIRECTION ( 'NONE',  ( -0.7071067811865457964, 0.000000000000000000, -0.7071067811865492381 ) ) ;
#724 = LINE ( 'NONE', #3124, #841 ) ;
#725 = VECTOR ( 'NONE', #2434, 39.37007874015748143 ) ;
#726 = EDGE_CURVE ( 'NONE', #1320, #662, #840, .T. ) ;
#727 = CARTESIAN_POINT ( 'NONE',  ( 0.000000000000000000, 1.013779527559054872, 2.224409448818897683 ) ) ;
#728 = ORIENTED_EDGE ( 'NONE', *, *, #3207, .T. ) ;
#729 = DIRECTION ( 'NONE',  ( -0.5773502691896303940, -1.602468905319627392E-16, 0.8164965809277228148 ) ) ;
#730 = DIRECTION ( 'NONE',  ( 0.7071067811865473507, -0.000000000000000000, 0.7071067811865476838 ) ) ;
#731 = DIRECTION ( 'NONE',  ( 0.7071067811865473507, 0.000000000000000000, 0.7071067811865476838 ) ) ;
#732 = EDGE_CURVE ( 'NONE', #3506, #1371, #2681, .T. ) ;
#733 = VERTEX_POINT ( 'NONE', #2399 ) ;
#734 = ORIENTED_EDGE ( 'NONE', *, *, #1156, .T. ) ;
#735 = CARTESIAN_POINT ( 'NONE',  ( -0.1666666666666684060, -1.961738912210663877, 1.649335916328256602 ) ) ;
#736 = VERTEX_POINT ( 'NONE', #934 ) ;
#737 = CARTESIAN_POINT ( 'NONE',  ( -0.5000000000000000000, -1.269685041666666958, 2.480315202099737437 ) ) ;
#738 = CARTESIAN_POINT ( 'NONE',  ( 0.000000000000000000, 1.319685041666666558, 2.813648535433071363 ) ) ;
#739 = AXIS2_PLACEMENT_3D ( 'NONE', #3258, #3829, #584 ) ;
#740 = FACE_BOUND ( 'NONE', #2793, .T. ) ;
#741 = ADVANCED_FACE ( 'NONE', ( #948 ), #1222, .T. ) ;
#742 = EDGE_CURVE ( 'NONE', #2447, #458, #287, .T. ) ;
#743 = VERTEX_POINT ( 'NONE', #1567 ) ;
#744 = LINE ( 'NONE', #3434, #2343 ) ;
#745 = DIRECTION ( 'NONE',  ( 0.000000000000000000, -0.7071067811865471286, -0.7071067811865479058 ) ) ;
#746 = LINE ( 'NONE', #3757, #1991 ) ;
#747 = EDGE_CURVE ( 'NONE', #476, #3514, #633, .T. ) ;
#748 = ORIENTED_EDGE ( 'NONE', *, *, #2640, .F. ) ;
#749 = DIRECTION ( 'NONE',  ( 0.000000000000000000, 0.7071067811865454633, -0.7071067811865494601 ) ) ;
#750 = VECTOR ( 'NONE', #3629, 39.37007874015748143 ) ;
#751 = LINE ( 'NONE', #3820, #3747 ) ;
#752 = LINE ( 'NONE', #1319, #2515 ) ;
#753 = ORIENTED_EDGE ( 'NONE', *, *, #1805, .T. ) ;
#754 = ORIENTED_EDGE ( 'NONE', *, *, #459, .F. ) ;
#755 = LINE ( 'NONE', #1631, #492 ) ;
#756 = ORIENTED_EDGE ( 'NONE', *, *, #1100, .F. ) ;
#757 = EDGE_LOOP ( 'NONE', ( #1692, #1283, #1554, #1334 ) ) ;
#758 = LINE ( 'NONE', #3178, #1077 ) ;
#759 = DIRECTION ( 'NONE',  ( 0.000000000000000000, -0.7071067811865483499, 0.7071067811865466846 ) ) ;
#760 = CARTESIAN_POINT ( 'NONE',  ( -0.4749999999999990341, -1.311351708333333699, -2.646981868766404400 ) ) ;
#761 = CONICAL_SURFACE ( 'NONE', #2096, 0.1097500000000001114, 0.7853981633974482790 ) ;
#762 = VECTOR ( 'NONE', #2887, 39.37007874015748143 ) ;
#763 = ORIENTED_EDGE ( 'NONE', *, *, #3158, .F. ) ;
#764 = FACE_OUTER_BOUND ( 'NONE', #3563, .T. ) ;
#765 = DIRECTION ( 'NONE',  ( 0.000000000000000000, -0.000000000000000000, 1.000000000000000000 ) ) ;
#766 = DIRECTION ( 'NONE',  ( 0.4999999999999916733, -0.7071067811865591191, 0.4999999999999918954 ) ) ;
#767 = EDGE_LOOP ( 'NONE', ( #225, #1914, #1451, #2143 ) ) ;
#768 = DIRECTION ( 'NONE',  ( 0.7071067811865464625, 8.659560562354947649E-17, 0.7071067811865486830 ) ) ;
#769 = VECTOR ( 'NONE', #3100, 39.37007874015748143 ) ;
#770 = DIRECTION ( 'NONE',  ( 0.000000000000000000, -0.7071067811865471286, 0.7071067811865479058 ) ) ;
#771 = CIRCLE ( 'NONE', #1087, 0.08474999999999996425 ) ;
#772 = EDGE_CURVE ( 'NONE', #2237, #617, #2715, .T. ) ;
#773 = DIRECTION ( 'NONE',  ( -0.7071067811865474617, 0.000000000000000000, 0.7071067811865474617 ) ) ;
#774 = ADVANCED_FACE ( 'NONE', ( #3663, #3312, #2159 ), #43, .T. ) ;
#775 = ORIENTED_EDGE ( 'NONE', *, *, #899, .T. ) ;
#776 = AXIS2_PLACEMENT_3D ( 'NONE', #3498, #787, #3456 ) ;
#777 = VERTEX_POINT ( 'NONE', #2769 ) ;
#778 = CARTESIAN_POINT ( 'NONE',  ( -0.4103553390593274730, 1.319685041666666558, 2.646981868766404400 ) ) ;
#779 = VERTEX_POINT ( 'NONE', #599 ) ;
#780 = ORIENTED_EDGE ( 'NONE', *, *, #2488, .T. ) ;
#781 = FACE_OUTER_BOUND ( 'NONE', #1218, .T. ) ;
#782 = AXIS2_PLACEMENT_3D ( 'NONE', #1627, #1109, #142 ) ;
#783 = LINE ( 'NONE', #422, #1340 ) ;
#784 = DIRECTION ( 'NONE',  ( 0.4999999999999985012, 0.7071067811865513475, -0.4999999999999961142 ) ) ;
#785 = EDGE_LOOP ( 'NONE', ( #2422, #3459, #266, #1564 ) ) ;
#786 = CARTESIAN_POINT ( 'NONE',  ( -0.2999999999999999889, 0.9863517083333335211, 2.771981868766404844 ) ) ;
#787 = DIRECTION ( 'NONE',  ( 0.7071067811865403563, 0.5000000000000062172, 0.5000000000000039968 ) ) ;
#788 = CARTESIAN_POINT ( 'NONE',  ( -0.5000000000000000000, -0.7501374106868712310, 0.7501374106868720082 ) ) ;
#789 = EDGE_CURVE ( 'NONE', #2447, #1946, #3365, .T. ) ;
#790 = EDGE_LOOP ( 'NONE', ( #3706, #303, #3490, #2629 ) ) ;
#791 = EDGE_CURVE ( 'NONE', #1232, #2354, #2123, .T. ) ;
#792 = DIRECTION ( 'NONE',  ( 0.000000000000000000, -0.000000000000000000, -1.000000000000000000 ) ) ;
#793 = CARTESIAN_POINT ( 'NONE',  ( 0.000000000000000000, -1.269685041666666958, -2.024409448818897506 ) ) ;
#794 = FACE_BOUND ( 'NONE', #1754, .T. ) ;
#795 = CIRCLE ( 'NONE', #919, 0.1310000000000000608 ) ;
#796 = ORIENTED_EDGE ( 'NONE', *, *, #2167, .T. ) ;
#797 = ADVANCED_FACE ( 'NONE', ( #8 ), #654, .T. ) ;
#798 = ORIENTED_EDGE ( 'NONE', *, *, #1983, .F. ) ;
#799 = ADVANCED_FACE ( 'NONE', ( #3016 ), #916, .F. ) ;
#800 = CARTESIAN_POINT ( 'NONE',  ( -0.2499999999999999722, 1.119685041666666603, 2.521981868766403956 ) ) ;
#801 = ORIENTED_EDGE ( 'NONE', *, *, #2245, .F. ) ;
#802 = ORIENTED_EDGE ( 'NONE', *, *, #2336, .T. ) ;
#803 = EDGE_CURVE ( 'NONE', #2195, #177, #3682, .T. ) ;
#804 = DIRECTION ( 'NONE',  ( -0.7071067811865462405, 0.000000000000000000, 0.7071067811865487940 ) ) ;
#805 = LINE ( 'NONE', #2626, #1055 ) ;
#806 = FACE_OUTER_BOUND ( 'NONE', #3806, .T. ) ;
#807 = EDGE_LOOP ( 'NONE', ( #503, #2506, #679, #2441 ) ) ;
#808 = CARTESIAN_POINT ( 'NONE',  ( -0.3333333299999999833, -1.519685041666666958, 2.325315202099737633 ) ) ;
#809 = CYLINDRICAL_SURFACE ( 'NONE', #2677, 0.08474999999999996425 ) ;
#810 = LINE ( 'NONE', #2613, #346 ) ;
#811 = VERTEX_POINT ( 'NONE', #3056 ) ;
#812 = LINE ( 'NONE', #592, #1333 ) ;
#813 = CARTESIAN_POINT ( 'NONE',  ( -0.2999999999999999889, 0.7751374106868734737, -0.7751374106868754721 ) ) ;
#814 = CIRCLE ( 'NONE', #3024, 0.1310000000000000608 ) ;
#815 = DIRECTION ( 'NONE',  ( 0.000000000000000000, -0.000000000000000000, 1.000000000000000000 ) ) ;
#816 = VECTOR ( 'NONE', #2789, 39.37007874015748143 ) ;
#817 = VERTEX_POINT ( 'NONE', #2735 ) ;
#818 = ORIENTED_EDGE ( 'NONE', *, *, #1513, .T. ) ;
#819 = LINE ( 'NONE', #879, #2193 ) ;
#820 = ORIENTED_EDGE ( 'NONE', *, *, #1162, .F. ) ;
#821 = DIRECTION ( 'NONE',  ( 0.000000000000000000, 0.7071067811865466846, -0.7071067811865483499 ) ) ;
#822 = DIRECTION ( 'NONE',  ( 1.333254129225935134E-14, 0.5773502691896278405, -0.8164965809277244801 ) ) ;
#823 = FACE_OUTER_BOUND ( 'NONE', #3842, .T. ) ;
#824 = ORIENTED_EDGE ( 'NONE', *, *, #3281, .F. ) ;
#825 = LINE ( 'NONE', #1762, #2466 ) ;
#826 = LINE ( 'NONE', #2098, #587 ) ;
#827 = AXIS2_PLACEMENT_3D ( 'NONE', #2130, #3336, #941 ) ;
#828 = CARTESIAN_POINT ( 'NONE',  ( -0.1000000000000000056, -0.8137792883858266935, -2.480315202099737437 ) ) ;
#829 = CIRCLE ( 'NONE', #1144, 0.08474999999999996425 ) ;
#830 = LINE ( 'NONE', #1082, #721 ) ;
#831 = VECTOR ( 'NONE', #2665, 39.37007874015748854 ) ;
#832 = ORIENTED_EDGE ( 'NONE', *, *, #2898, .F. ) ;
#833 = LINE ( 'NONE', #2043, #141 ) ;
#834 = CARTESIAN_POINT ( 'NONE',  ( -1.451646598186871362, -1.319685041666666558, 1.451646598186869586 ) ) ;
#835 = CARTESIAN_POINT ( 'NONE',  ( -0.5000000000000000000, -1.269685041666666958, -2.480315202099737437 ) ) ;
#836 = VECTOR ( 'NONE', #3857, 39.37007874015748143 ) ;
#837 = ORIENTED_EDGE ( 'NONE', *, *, #624, .F. ) ;
#838 = ORIENTED_EDGE ( 'NONE', *, *, #2323, .F. ) ;
#839 = ADVANCED_FACE ( 'NONE', ( #3345 ), #3033, .F. ) ;
#840 = LINE ( 'NONE', #560, #2014 ) ;
#841 = VECTOR ( 'NONE', #702, 39.37007874015748143 ) ;
#842 = ORIENTED_EDGE ( 'NONE', *, *, #2336, .F. ) ;
#843 = VECTOR ( 'NONE', #2244, 39.37007874015748143 ) ;
#844 = DIRECTION ( 'NONE',  ( 0.7071067811865441310, -0.5000000000000021094, -0.5000000000000026645 ) ) ;
#845 = DIRECTION ( 'NONE',  ( 0.000000000000000000, 0.7071067811865479058, 0.7071067811865471286 ) ) ;
#846 = CARTESIAN_POINT ( 'NONE',  ( -0.04166666666666671986, -1.494685041666666825, -2.646981868766404400 ) ) ;
#847 = ORIENTED_EDGE ( 'NONE', *, *, #719, .F. ) ;
#848 = CARTESIAN_POINT ( 'NONE',  ( 0.000000000000000000, -1.013779527559054872, -2.139659448818897580 ) ) ;
#849 = ADVANCED_FACE ( 'NONE', ( #669 ), #323, .T. ) ;
#850 = DIRECTION ( 'NONE',  ( -0.7071067811865487940, 0.000000000000000000, 0.7071067811865462405 ) ) ;
#851 = DIRECTION ( 'NONE',  ( 0.000000000000000000, 0.000000000000000000, -1.000000000000000000 ) ) ;
#852 = DIRECTION ( 'NONE',  ( 0.7071067811865480168, 0.4999999999999993894, -0.4999999999999999445 ) ) ;
#853 = ORIENTED_EDGE ( 'NONE', *, *, #81, .F. ) ;
#854 = LINE ( 'NONE', #2675, #3677 ) ;
#855 = DIRECTION ( 'NONE',  ( 0.5773502691896330585, 0.8164965809277208164, -9.426523335542669424E-15 ) ) ;
#856 = LINE ( 'NONE', #494, #3088 ) ;
#857 = ORIENTED_EDGE ( 'NONE', *, *, #501, .F. ) ;
#858 = ORIENTED_EDGE ( 'NONE', *, *, #1999, .F. ) ;
#859 = AXIS2_PLACEMENT_3D ( 'NONE', #1435, #3576, #3616 ) ;
#860 = DIRECTION ( 'NONE',  ( 0.7071067811865474617, 0.000000000000000000, -0.7071067811865474617 ) ) ;
#861 = ADVANCED_FACE ( 'NONE', ( #2698 ), #3904, .F. ) ;
#862 = ORIENTED_EDGE ( 'NONE', *, *, #342, .F. ) ;
#863 = FACE_BOUND ( 'NONE', #3382, .T. ) ;
#864 = CARTESIAN_POINT ( 'NONE',  ( -0.2500000000000000555, 1.319685041666666558, 2.486626529707076205 ) ) ;
#865 = CARTESIAN_POINT ( 'NONE',  ( 0.000000000000000000, -1.013779527559054872, 2.093409448818897456 ) ) ;
#866 = EDGE_CURVE ( 'NONE', #340, #2373, #2754, .T. ) ;
#867 = ORIENTED_EDGE ( 'NONE', *, *, #493, .T. ) ;
#868 = LINE ( 'NONE', #1461, #378 ) ;
#869 = CARTESIAN_POINT ( 'NONE',  ( 0.000000000000000000, -1.013779527559054872, 2.139659448818897580 ) ) ;
#870 = DIRECTION ( 'NONE',  ( -0.5000000000000015543, 0.7071067811865455743, 0.5000000000000013323 ) ) ;
#871 = ADVANCED_FACE ( 'NONE', ( #80 ), #1300, .F. ) ;
#872 = ORIENTED_EDGE ( 'NONE', *, *, #2708, .F. ) ;
#873 = CARTESIAN_POINT ( 'NONE',  ( -0.6231443811998427229, -1.732991535771474245, 2.646981868766397739 ) ) ;
#874 = FACE_OUTER_BOUND ( 'NONE', #1163, .T. ) ;
#875 = CARTESIAN_POINT ( 'NONE',  ( -1.403668603912866075, 1.119685041666666603, 1.403668603912862078 ) ) ;
#876 = EDGE_CURVE ( 'NONE', #1391, #127, #2869, .T. ) ;
#877 = VERTEX_POINT ( 'NONE', #163 ) ;
#878 = ORIENTED_EDGE ( 'NONE', *, *, #3847, .F. ) ;
#879 = CARTESIAN_POINT ( 'NONE',  ( -0.2916666666666665741, -1.494685041666666825, -2.646981868766404400 ) ) ;
#880 = STYLED_ITEM ( 'NONE', ( #1561 ), #18 ) ;
#881 = ORIENTED_EDGE ( 'NONE', *, *, #3337, .T. ) ;
#882 = DIRECTION ( 'NONE',  ( 0.000000000000000000, -1.000000000000000000, 1.022921119462679089E-15 ) ) ;
#883 = VECTOR ( 'NONE', #2338, 39.37007874015748143 ) ;
#884 = DIRECTION ( 'NONE',  ( -0.7071067811865476838, 0.000000000000000000, 0.7071067811865473507 ) ) ;
#885 = DIRECTION ( 'NONE',  ( 0.000000000000000000, -0.7071067811865483499, 0.7071067811865466846 ) ) ;
#886 = LINE ( 'NONE', #1520, #893 ) ;
#887 = ADVANCED_FACE ( 'NONE', ( #1344 ), #2554, .T. ) ;
#888 = CARTESIAN_POINT ( 'NONE',  ( -0.1666666666666666297, -1.344685041666666026, -2.771981868766403956 ) ) ;
#889 = DIRECTION ( 'NONE',  ( 0.000000000000000000, -0.7071067811865479058, -0.7071067811865471286 ) ) ;
#890 = ADVANCED_FACE ( 'NONE', ( #2235 ), #1282, .F. ) ;
#891 = ORIENTED_EDGE ( 'NONE', *, *, #454, .F. ) ;
#892 = DIRECTION ( 'NONE',  ( 0.4999999999999986677, 0.7071067811865494601, -0.4999999999999986677 ) ) ;
#893 = VECTOR ( 'NONE', #69, 39.37007874015748143 ) ;
#894 = CARTESIAN_POINT ( 'NONE',  ( -0.1249999999999999029, 1.119685041666666603, 2.646981868766404400 ) ) ;
#895 = EDGE_CURVE ( 'NONE', #2373, #3045, #395, .T. ) ;
#896 = DIRECTION ( 'NONE',  ( 0.7071067811865465735, 0.000000000000000000, -0.7071067811865484609 ) ) ;
#897 = AXIS2_PLACEMENT_3D ( 'NONE', #3787, #1457, #2053 ) ;
#898 = ORIENTED_EDGE ( 'NONE', *, *, #3090, .T. ) ;
#899 = EDGE_CURVE ( 'NONE', #498, #779, #2254, .T. ) ;
#900 = CARTESIAN_POINT ( 'NONE',  ( -0.1000000000000000056, -0.8137792883858270265, 2.213251794991744070 ) ) ;
#901 = ORIENTED_EDGE ( 'NONE', *, *, #2537, .F. ) ;
#902 = CARTESIAN_POINT ( 'NONE',  ( -0.1000000000000000056, -1.013779527559054872, -2.224409448818897683 ) ) ;
#903 = ADVANCED_FACE ( 'NONE', ( #3761 ), #1068, .F. ) ;
#904 = AXIS2_PLACEMENT_3D ( 'NONE', #32, #3615, #3685 ) ;
#905 = CARTESIAN_POINT ( 'NONE',  ( -0.2499999999999999722, 1.294685041666666869, 2.521981868766403956 ) ) ;
#906 = DIRECTION ( 'NONE',  ( 0.7071067811865436870, 0.5000000000000038858, 0.5000000000000015543 ) ) ;
#907 = AXIS2_PLACEMENT_3D ( 'NONE', #2486, #3082, #368 ) ;
#908 = CARTESIAN_POINT ( 'NONE',  ( 0.000000000000000000, -1.013779527559054872, 2.224409448818897683 ) ) ;
#909 = DIRECTION ( 'NONE',  ( 0.000000000000000000, 0.000000000000000000, 1.000000000000000000 ) ) ;
#910 = CARTESIAN_POINT ( 'NONE',  ( -0.1250000000000001110, 1.294685041666666869, -2.646981868766404400 ) ) ;
#911 = ORIENTED_EDGE ( 'NONE', *, *, #2942, .T. ) ;
#912 = LINE ( 'NONE', #1563, #2920 ) ;
#913 = CARTESIAN_POINT ( 'NONE',  ( 0.000000000000000000, 1.013779527559054872, 2.224409448818897683 ) ) ;
#914 = DIRECTION ( 'NONE',  ( 0.000000000000000000, -1.000000000000000000, 0.000000000000000000 ) ) ;
#915 = VERTEX_POINT ( 'NONE', #2274 ) ;
#916 = PLANE ( 'NONE',  #120 ) ;
#917 = EDGE_CURVE ( 'NONE', #3486, #2886, #752, .T. ) ;
#918 = EDGE_LOOP ( 'NONE', ( #1924, #3473, #1918, #1114 ) ) ;
#919 = AXIS2_PLACEMENT_3D ( 'NONE', #1395, #2583, #2226 ) ;
#920 = DIRECTION ( 'NONE',  ( 0.7071067811865462405, 0.000000000000000000, 0.7071067811865487940 ) ) ;
#921 = CARTESIAN_POINT ( 'NONE',  ( -0.5000000000000000000, -1.519685041666666736, 2.813648535433071363 ) ) ;
#922 = LINE ( 'NONE', #969, #3068 ) ;
#923 = EDGE_CURVE ( 'NONE', #2522, #420, #1667, .T. ) ;
#924 = DIRECTION ( 'NONE',  ( 0.000000000000000000, -0.000000000000000000, -1.000000000000000000 ) ) ;
#925 = DIRECTION ( 'NONE',  ( 0.4999999999999981126, 0.7071067811865514585, 0.4999999999999962808 ) ) ;
#926 = ORIENTED_EDGE ( 'NONE', *, *, #1350, .F. ) ;
#927 = DIRECTION ( 'NONE',  ( 0.4999999999999968914, -0.7071067811865524577, 0.4999999999999963363 ) ) ;
#928 = VERTEX_POINT ( 'NONE', #1960 ) ;
#929 = DIRECTION ( 'NONE',  ( 0.000000000000000000, 0.000000000000000000, -1.000000000000000000 ) ) ;
#930 = EDGE_CURVE ( 'NONE', #1957, #481, #1025, .T. ) ;
#931 = CARTESIAN_POINT ( 'NONE',  ( -0.4160744349011195609, -1.144685041666666958, -2.646981868766403512 ) ) ;
#932 = ORIENTED_EDGE ( 'NONE', *, *, #1825, .F. ) ;
#933 = CIRCLE ( 'NONE', #1065, 0.1310000000000000608 ) ;
#934 = CARTESIAN_POINT ( 'NONE',  ( -0.1000000000000000056, 1.013779527559054872, -2.139659448818897580 ) ) ;
#935 = ORIENTED_EDGE ( 'NONE', *, *, #3797, .F. ) ;
#936 = ORIENTED_EDGE ( 'NONE', *, *, #2107, .F. ) ;
#937 = CARTESIAN_POINT ( 'NONE',  ( -0.4749999999999984790, 0.9863517083333335211, 2.771981868766404844 ) ) ;
#938 = CARTESIAN_POINT ( 'NONE',  ( -0.3249999999999987343, -1.186351708333333699, -2.521981868766404400 ) ) ;
#939 = DIRECTION ( 'NONE',  ( 0.000000000000000000, 0.7071067811865483499, -0.7071067811865467956 ) ) ;
#940 = AXIS2_PLACEMENT_3D ( 'NONE', #3505, #3860, #1148 ) ;
#941 = DIRECTION ( 'NONE',  ( 0.000000000000000000, 0.000000000000000000, -1.000000000000000000 ) ) ;
#942 = ORIENTED_EDGE ( 'NONE', *, *, #3527, .F. ) ;
#943 = VERTEX_POINT ( 'NONE', #3484 ) ;
#944 = DIRECTION ( 'NONE',  ( -0.000000000000000000, -1.000000000000000000, -0.000000000000000000 ) ) ;
#945 = CARTESIAN_POINT ( 'NONE',  ( 0.000000000000000000, -1.519685041666666736, 2.813648535433071363 ) ) ;
#946 = ORIENTED_EDGE ( 'NONE', *, *, #2039, .T. ) ;
#947 = VECTOR ( 'NONE', #1140, 39.37007874015748143 ) ;
#948 = FACE_OUTER_BOUND ( 'NONE', #439, .T. ) ;
#949 = VECTOR ( 'NONE', #1000, 39.37007874015748854 ) ;
#950 = EDGE_CURVE ( 'NONE', #1347, #877, #3168, .T. ) ;
#951 = VERTEX_POINT ( 'NONE', #685 ) ;
#952 = ORIENTED_EDGE ( 'NONE', *, *, #668, .F. ) ;
#953 = CARTESIAN_POINT ( 'NONE',  ( -0.1000000000000000056, -0.8137792883858266935, -2.213251794991743626 ) ) ;
#954 = LINE ( 'NONE', #2128, #3407 ) ;
#955 = AXIS2_PLACEMENT_3D ( 'NONE', #2376, #892, #553 ) ;
#956 = LINE ( 'NONE', #3021, #3406 ) ;
#957 = EDGE_LOOP ( 'NONE', ( #3665, #3135, #2287, #2007 ) ) ;
#958 = EDGE_CURVE ( 'NONE', #144, #3514, #982, .T. ) ;
#959 = EDGE_LOOP ( 'NONE', ( #2784, #3389, #1027, #2440 ) ) ;
#960 = DIRECTION ( 'NONE',  ( 0.000000000000000000, 0.7071067811865483499, -0.7071067811865466846 ) ) ;
#961 = FACE_OUTER_BOUND ( 'NONE', #2873, .T. ) ;
#962 = DIRECTION ( 'NONE',  ( 0.000000000000000000, 0.000000000000000000, -1.000000000000000000 ) ) ;
#963 = ORIENTED_EDGE ( 'NONE', *, *, #2236, .T. ) ;
#964 = DIRECTION ( 'NONE',  ( 0.000000000000000000, 0.7071067811865487940, -0.7071067811865462405 ) ) ;
#965 = ORIENTED_EDGE ( 'NONE', *, *, #628, .F. ) ;
#966 = EDGE_LOOP ( 'NONE', ( #3115, #3464, #2844, #1341 ) ) ;
#967 = LINE ( 'NONE', #3019, #703 ) ;
#968 = ADVANCED_FACE ( 'NONE', ( #2509 ), #455, .T. ) ;
#969 = CARTESIAN_POINT ( 'NONE',  ( -0.4749999999999995892, -1.186351708333333033, 2.521981868766404844 ) ) ;
#970 = EDGE_LOOP ( 'NONE', ( #3383, #190, #57, #1477 ) ) ;
#971 = EDGE_CURVE ( 'NONE', #817, #3647, #1921, .T. ) ;
#972 = DIRECTION ( 'NONE',  ( -0.000000000000000000, 0.7071067811865491270, 0.7071067811865459074 ) ) ;
#973 = EDGE_CURVE ( 'NONE', #3608, #2138, #3129, .T. ) ;
#974 = AXIS2_PLACEMENT_3D ( 'NONE', #3470, #172, #2881 ) ;
#975 = ORIENTED_EDGE ( 'NONE', *, *, #979, .F. ) ;
#976 = DIRECTION ( 'NONE',  ( -0.7071067811865471286, 0.000000000000000000, 0.7071067811865479058 ) ) ;
#977 = ORIENTED_EDGE ( 'NONE', *, *, #1624, .T. ) ;
#978 = DIRECTION ( 'NONE',  ( 0.000000000000000000, 0.000000000000000000, -1.000000000000000000 ) ) ;
#979 = EDGE_CURVE ( 'NONE', #1995, #2437, #1628, .T. ) ;
#980 = DIRECTION ( 'NONE',  ( -1.000000000000000000, -0.000000000000000000, -0.000000000000000000 ) ) ;
#981 = EDGE_LOOP ( 'NONE', ( #1774, #450, #359, #2090 ) ) ;
#982 = LINE ( 'NONE', #1899, #1450 ) ;
#983 = EDGE_CURVE ( 'NONE', #2437, #3523, #856, .T. ) ;
#984 = VERTEX_POINT ( 'NONE', #1385 ) ;
#985 = ORIENTED_EDGE ( 'NONE', *, *, #2662, .F. ) ;
#986 = DIRECTION ( 'NONE',  ( 1.000000000000000000, 0.000000000000000000, 0.000000000000000000 ) ) ;
#987 = FACE_OUTER_BOUND ( 'NONE', #1455, .T. ) ;
#988 = DIMENSIONAL_EXPONENTS ( 1.000000000000000000, 0.000000000000000000, 0.000000000000000000, 0.000000000000000000, 0.000000000000000000, 0.000000000000000000, 0.000000000000000000 ) ;
#989 = ORIENTED_EDGE ( 'NONE', *, *, #3765, .T. ) ;
#990 = DIRECTION ( 'NONE',  ( 0.000000000000000000, -1.000000000000000000, 1.022921119462679089E-15 ) ) ;
#991 = CIRCLE ( 'NONE', #1127, 0.1549999999999998601 ) ;
#992 = LINE ( 'NONE', #3606, #184 ) ;
#993 = ORIENTED_EDGE ( 'NONE', *, *, #1089, .T. ) ;
#994 = CARTESIAN_POINT ( 'NONE',  ( -0.2500000000000000000, 1.119685041666666603, 2.771981868766404844 ) ) ;
#995 = ORIENTED_EDGE ( 'NONE', *, *, #3907, .F. ) ;
#996 = PLANE ( 'NONE',  #1338 ) ;
#997 = CARTESIAN_POINT ( 'NONE',  ( 0.6246548381885466128, -1.186351708333343913, 1.428967117026970213 ) ) ;
#998 = ADVANCED_FACE ( 'NONE', ( #794, #1686, #2910, #3269, #2067, #1984 ), #2890, .T. ) ;
#999 = ORIENTED_EDGE ( 'NONE', *, *, #2976, .T. ) ;
#1000 = DIRECTION ( 'NONE',  ( 0.000000000000000000, -0.7071067811865483499, 0.7071067811865466846 ) ) ;
#1001 = PLANE ( 'NONE',  #3736 ) ;
#1002 = DIRECTION ( 'NONE',  ( -0.000000000000000000, 1.000000000000000000, -0.000000000000000000 ) ) ;
#1003 = VERTEX_POINT ( 'NONE', #1704 ) ;
#1004 = ADVANCED_FACE ( 'NONE', ( #2617 ), #1110, .F. ) ;
#1005 = ORIENTED_EDGE ( 'NONE', *, *, #3207, .F. ) ;
#1006 = EDGE_CURVE ( 'NONE', #1107, #419, #2046, .T. ) ;
#1007 = VECTOR ( 'NONE', #1909, 39.37007874015748143 ) ;
#1008 = LINE ( 'NONE', #2218, #391 ) ;
#1009 = AXIS2_PLACEMENT_3D ( 'NONE', #2719, #348, #2198 ) ;
#1010 = CARTESIAN_POINT ( 'NONE',  ( 0.000000000000000000, 1.319685041666666558, 2.813648535433071363 ) ) ;
#1011 = VECTOR ( 'NONE', #3828, 39.37007874015748143 ) ;
#1012 = ORIENTED_EDGE ( 'NONE', *, *, #3292, .T. ) ;
#1013 = LINE ( 'NONE', #2481, #1392 ) ;
#1014 = CARTESIAN_POINT ( 'NONE',  ( -0.2323223304703363468, 1.319685041666666558, -2.504304199236740747 ) ) ;
#1015 = DIRECTION ( 'NONE',  ( -1.000000000000000000, -0.000000000000000000, -0.000000000000000000 ) ) ;
#1016 = AXIS2_PLACEMENT_3D ( 'NONE', #2972, #533, #3520 ) ;
#1017 = VERTEX_POINT ( 'NONE', #2004 ) ;
#1018 = CARTESIAN_POINT ( 'NONE',  ( -0.006311327607339291962, -1.519685041666666736, 2.646981868766403512 ) ) ;
#1019 = CARTESIAN_POINT ( 'NONE',  ( -0.4749999999999984790, 0.9863517083333335211, 2.771981868766404844 ) ) ;
#1020 = VECTOR ( 'NONE', #1125, 39.37007874015748143 ) ;
#1021 = CARTESIAN_POINT ( 'NONE',  ( -0.1250000000000001110, 1.144685041666667624, -2.646981868766404400 ) ) ;
#1022 = ORIENTED_EDGE ( 'NONE', *, *, #386, .T. ) ;
#1023 = CARTESIAN_POINT ( 'NONE',  ( -0.2999999999999999889, 1.861489119020208971, 1.861489119020198313 ) ) ;
#1024 = CARTESIAN_POINT ( 'NONE',  ( -0.3250000000000005662, -1.186351708333333033, 2.521981868766404844 ) ) ;
#1025 = LINE ( 'NONE', #415, #1248 ) ;
#1026 = EDGE_CURVE ( 'NONE', #360, #3818, #200, .T. ) ;
#1027 = ORIENTED_EDGE ( 'NONE', *, *, #3083, .T. ) ;
#1028 = ORIENTED_EDGE ( 'NONE', *, *, #3231, .T. ) ;
#1029 = DIRECTION ( 'NONE',  ( -0.5773502691896225114, -0.8164965809277282549, -7.179060695832002347E-15 ) ) ;
#1030 = ADVANCED_FACE ( 'NONE', ( #2678 ), #3821, .T. ) ;
#1031 = EDGE_CURVE ( 'NONE', #2322, #2069, #2953, .T. ) ;
#1032 = ORIENTED_EDGE ( 'NONE', *, *, #2265, .F. ) ;
#1033 = PLANE ( 'NONE',  #132 ) ;
#1034 = LINE ( 'NONE', #2837, #1538 ) ;
#1035 = CARTESIAN_POINT ( 'NONE',  ( -0.4749999999999995892, -1.311351708333332811, 2.646981868766404400 ) ) ;
#1036 = ADVANCED_FACE ( 'NONE', ( #3801 ), #2316, .F. ) ;
#1037 = VERTEX_POINT ( 'NONE', #2934 ) ;
#1038 = DIRECTION ( 'NONE',  ( -0.7071067811865474617, 0.000000000000000000, -0.7071067811865474617 ) ) ;
#1039 = VERTEX_POINT ( 'NONE', #2023 ) ;
#1040 = DIRECTION ( 'NONE',  ( 0.000000000000000000, 0.7071067811865479058, -0.7071067811865471286 ) ) ;
#1041 = VECTOR ( 'NONE', #3811, 39.37007874015748854 ) ;
#1042 = DIRECTION ( 'NONE',  ( -1.000000000000000000, 0.000000000000000000, -0.000000000000000000 ) ) ;
#1043 = EDGE_LOOP ( 'NONE', ( #2071, #1221, #1974, #2971 ) ) ;
#1044 = CARTESIAN_POINT ( 'NONE',  ( -0.2999999999999999889, 0.9863517083333335211, 2.771981868766404844 ) ) ;
#1045 = DIRECTION ( 'NONE',  ( 1.000000000000000000, -0.000000000000000000, -0.000000000000000000 ) ) ;
#1046 = DIRECTION ( 'NONE',  ( -0.000000000000000000, 0.7071067811865459074, 0.7071067811865491270 ) ) ;
#1047 = ADVANCED_FACE ( 'NONE', ( #1772 ), #262, .T. ) ;
#1048 = EDGE_LOOP ( 'NONE', ( #2258, #2561, #3116, #2815 ) ) ;
#1049 = VERTEX_POINT ( 'NONE', #1088 ) ;
#1050 = ADVANCED_FACE ( 'NONE', ( #241 ), #222, .F. ) ;
#1051 = CARTESIAN_POINT ( 'NONE',  ( -0.5000000000000000000, -0.9104927497461996477, 0.9104927497461986485 ) ) ;
#1052 = VERTEX_POINT ( 'NONE', #3190 ) ;
#1053 = DIRECTION ( 'NONE',  ( -1.000000000000000000, 0.000000000000000000, -0.000000000000000000 ) ) ;
#1054 = DIRECTION ( 'NONE',  ( 0.7071067811865532349, -0.4999999999999956146, -0.4999999999999961697 ) ) ;
#1055 = VECTOR ( 'NONE', #2387, 39.37007874015748854 ) ;
#1056 = PLANE ( 'NONE',  #1424 ) ;
#1057 = EDGE_LOOP ( 'NONE', ( #3112, #591, #2383, #891 ) ) ;
#1058 = EDGE_CURVE ( 'NONE', #777, #1716, #2298, .T. ) ;
#1059 = CARTESIAN_POINT ( 'NONE',  ( -0.1250000000000001110, 1.294685041666666869, -2.646981868766404400 ) ) ;
#1060 = CARTESIAN_POINT ( 'NONE',  ( -0.2999999999999999889, 0.8613517083333332991, 2.646981868766404400 ) ) ;
#1061 = FACE_OUTER_BOUND ( 'NONE', #2174, .T. ) ;
#1062 = VERTEX_POINT ( 'NONE', #1427 ) ;
#1063 = ORIENTED_EDGE ( 'NONE', *, *, #1428, .F. ) ;
#1064 = CARTESIAN_POINT ( 'NONE',  ( -0.2999999999999999889, 0.9863517083333335211, 2.771981868766404844 ) ) ;
#1065 = AXIS2_PLACEMENT_3D ( 'NONE', #2685, #2961, #210 ) ;
#1066 = AXIS2_PLACEMENT_3D ( 'NONE', #2534, #103, #2573 ) ;
#1067 = CARTESIAN_POINT ( 'NONE',  ( 0.000000000000000000, 1.319685041666666558, -2.813648535433071363 ) ) ;
#1068 = PLANE ( 'NONE',  #1129 ) ;
#1069 = ORIENTED_EDGE ( 'NONE', *, *, #269, .F. ) ;
#1070 = EDGE_LOOP ( 'NONE', ( #105, #3640, #1794, #2744 ) ) ;
#1071 = CYLINDRICAL_SURFACE ( 'NONE', #583, 0.08474999999999968670 ) ;
#1072 = EDGE_LOOP ( 'NONE', ( #1083, #1236, #2659, #2280 ) ) ;
#1073 = VECTOR ( 'NONE', #2523, 39.37007874015748854 ) ;
#1074 = LINE ( 'NONE', #2960, #831 ) ;
#1075 = LINE ( 'NONE', #1014, #2932 ) ;
#1076 = FACE_BOUND ( 'NONE', #134, .T. ) ;
#1077 = VECTOR ( 'NONE', #463, 39.37007874015748854 ) ;
#1078 = ORIENTED_EDGE ( 'NONE', *, *, #866, .F. ) ;
#1079 = CARTESIAN_POINT ( 'NONE',  ( -0.1666666666666666574, -1.319685041666666558, 2.771981868766403068 ) ) ;
#1080 = DIRECTION ( 'NONE',  ( -0.000000000000000000, 1.000000000000000000, -0.000000000000000000 ) ) ;
#1081 = EDGE_CURVE ( 'NONE', #915, #78, #3543, .T. ) ;
#1082 = CARTESIAN_POINT ( 'NONE',  ( 0.6558975156283599617, 0.4157304176574873056, -2.646981868766395518 ) ) ;
#1083 = ORIENTED_EDGE ( 'NONE', *, *, #3118, .F. ) ;
#1084 = CARTESIAN_POINT ( 'NONE',  ( -0.5000000000000000000, 1.736489119020203198, 1.736489119020205196 ) ) ;
#1085 = AXIS2_PLACEMENT_3D ( 'NONE', #1611, #3194, #2813 ) ;
#1086 = PLANE ( 'NONE',  #207 ) ;
#1087 = AXIS2_PLACEMENT_3D ( 'NONE', #3375, #1878, #978 ) ;
#1088 = CARTESIAN_POINT ( 'NONE',  ( -0.5000000000000000000, -1.369685041666667047, 2.170315202099737384 ) ) ;
#1089 = EDGE_CURVE ( 'NONE', #733, #2237, #433, .T. ) ;
#1090 = ORIENTED_EDGE ( 'NONE', *, *, #3765, .F. ) ;
#1091 = VECTOR ( 'NONE', #505, 39.37007874015748854 ) ;
#1092 = ORIENTED_EDGE ( 'NONE', *, *, #3444, .F. ) ;
#1093 = APPLICATION_CONTEXT ( 'automotive_design' ) ;
#1094 = DIRECTION ( 'NONE',  ( -0.7071067811865462405, 0.000000000000000000, 0.7071067811865487940 ) ) ;
#1095 = VERTEX_POINT ( 'NONE', #3405 ) ;
#1096 = CARTESIAN_POINT ( 'NONE',  ( -0.04624999999999995087, -1.013779527559054872, -2.224409448818897683 ) ) ;
#1097 = VECTOR ( 'NONE', #2729, 39.37007874015748143 ) ;
#1098 = DIRECTION ( 'NONE',  ( 0.7071067811865462405, 0.000000000000000000, 0.7071067811865487940 ) ) ;
#1099 = DIRECTION ( 'NONE',  ( 1.000000000000000000, 0.000000000000000000, 0.000000000000000000 ) ) ;
#1100 = EDGE_CURVE ( 'NONE', #2797, #3085, #2998, .T. ) ;
#1101 = VERTEX_POINT ( 'NONE', #338 ) ;
#1102 = DIRECTION ( 'NONE',  ( -1.000000000000000000, -0.000000000000000000, -0.000000000000000000 ) ) ;
#1103 = EDGE_CURVE ( 'NONE', #943, #2579, #630, .T. ) ;
#1104 = CARTESIAN_POINT ( 'NONE',  ( -0.3333333299999999833, -1.369685041666667047, 2.325315202099737633 ) ) ;
#1105 = AXIS2_PLACEMENT_3D ( 'NONE', #3562, #852, #2312 ) ;
#1106 = DIRECTION ( 'NONE',  ( 1.000000000000000000, 0.000000000000000000, 0.000000000000000000 ) ) ;
#1107 = VERTEX_POINT ( 'NONE', #1489 ) ;
#1108 = CARTESIAN_POINT ( 'NONE',  ( -0.2999999999999999889, 0.7751374106868695879, 0.7751374106868660352 ) ) ;
#1109 = DIRECTION ( 'NONE',  ( 1.000000000000000000, -0.000000000000000000, -0.000000000000000000 ) ) ;
#1110 = PLANE ( 'NONE',  #563 ) ;
#1111 = ORIENTED_EDGE ( 'NONE', *, *, #3552, .T. ) ;
#1112 = ORIENTED_EDGE ( 'NONE', *, *, #1215, .F. ) ;
#1113 = FACE_OUTER_BOUND ( 'NONE', #2133, .T. ) ;
#1114 = ORIENTED_EDGE ( 'NONE', *, *, #2566, .T. ) ;
#1115 = CARTESIAN_POINT ( 'NONE',  ( -0.1666666666666666574, -1.344685041666666914, 2.771981868766403068 ) ) ;
#1116 = LINE ( 'NONE', #2701, #3457 ) ;
#1117 = DIRECTION ( 'NONE',  ( -0.7071067811865474617, 0.000000000000000000, -0.7071067811865474617 ) ) ;
#1118 = ORIENTED_EDGE ( 'NONE', *, *, #1619, .F. ) ;
#1119 = DIRECTION ( 'NONE',  ( 0.7071067811865476838, 0.000000000000000000, -0.7071067811865473507 ) ) ;
#1120 = CARTESIAN_POINT ( 'NONE',  ( -0.5000000000000000000, 1.269685041666666958, 2.480315202099737437 ) ) ;
#1121 = FACE_OUTER_BOUND ( 'NONE', #918, .T. ) ;
#1122 = PLANE ( 'NONE',  #2746 ) ;
#1123 = VERTEX_POINT ( 'NONE', #2085 ) ;
#1124 = CARTESIAN_POINT ( 'NONE',  ( -0.2916666666666664076, -1.494685041666666825, 2.646981868766403068 ) ) ;
#1125 = DIRECTION ( 'NONE',  ( -0.000000000000000000, -0.000000000000000000, 1.000000000000000000 ) ) ;
#1126 = ADVANCED_FACE ( 'NONE', ( #2696 ), #3289, .T. ) ;
#1127 = AXIS2_PLACEMENT_3D ( 'NONE', #579, #2916, #3804 ) ;
#1128 = CARTESIAN_POINT ( 'NONE',  ( -0.1000000000000000056, -1.002621634558672925, -2.024409448818897506 ) ) ;
#1129 = AXIS2_PLACEMENT_3D ( 'NONE', #2192, #3701, #3462 ) ;
#1130 = ORIENTED_EDGE ( 'NONE', *, *, #1744, .F. ) ;
#1131 = ORIENTED_EDGE ( 'NONE', *, *, #917, .T. ) ;
#1132 = LINE ( 'NONE', #3234, #2830 ) ;
#1133 = ADVANCED_FACE ( 'NONE', ( #3710 ), #2202, .F. ) ;
#1134 = ADVANCED_FACE ( 'NONE', ( #1548 ), #1512, .F. ) ;
#1135 = ORIENTED_EDGE ( 'NONE', *, *, #501, .T. ) ;
#1136 = DIRECTION ( 'NONE',  ( 0.000000000000000000, 0.7071067811865483499, 0.7071067811865466846 ) ) ;
#1137 = FACE_OUTER_BOUND ( 'NONE', #966, .T. ) ;
#1138 = LINE ( 'NONE', #3830, #3762 ) ;
#1139 = ORIENTED_EDGE ( 'NONE', *, *, #2392, .F. ) ;
#1140 = DIRECTION ( 'NONE',  ( 0.7071067811865457964, 0.000000000000000000, 0.7071067811865492381 ) ) ;
#1141 = DIRECTION ( 'NONE',  ( 0.000000000000000000, -0.7071067811865491270, 0.7071067811865459074 ) ) ;
#1142 = VECTOR ( 'NONE', #3450, 39.37007874015748854 ) ;
#1143 = LINE ( 'NONE', #910, #3482 ) ;
#1144 = AXIS2_PLACEMENT_3D ( 'NONE', #2516, #3426, #2814 ) ;
#1145 = ORIENTED_EDGE ( 'NONE', *, *, #2605, .T. ) ;
#1146 = DIRECTION ( 'NONE',  ( -6.409875621278557148E-17, 0.5773502691896237327, 0.8164965809277274778 ) ) ;
#1147 = DIRECTION ( 'NONE',  ( -0.5773502691896224004, -6.634221268023319399E-15, -0.8164965809277283659 ) ) ;
#1148 = DIRECTION ( 'NONE',  ( 0.000000000000000000, 0.000000000000000000, -1.000000000000000000 ) ) ;
#1149 = VECTOR ( 'NONE', #723, 39.37007874015748143 ) ;
#1150 = ORIENTED_EDGE ( 'NONE', *, *, #1983, .T. ) ;
#1151 = ORIENTED_EDGE ( 'NONE', *, *, #2148, .F. ) ;
#1152 = LINE ( 'NONE', #1431, #3338 ) ;
#1153 = EDGE_LOOP ( 'NONE', ( #3398, #270, #2411, #2646 ) ) ;
#1154 = CARTESIAN_POINT ( 'NONE',  ( -0.3249999999999987899, -1.061351708333333477, -2.646981868766404400 ) ) ;
#1155 = CARTESIAN_POINT ( 'NONE',  ( -0.2500000000000000000, 1.294685041666666869, -2.771981868766403956 ) ) ;
#1156 = EDGE_CURVE ( 'NONE', #1633, #3684, #25, .T. ) ;
#1157 = CARTESIAN_POINT ( 'NONE',  ( -0.1000000000000000194, 1.269685041666666958, 2.024409448818897506 ) ) ;
#1158 = ORIENTED_EDGE ( 'NONE', *, *, #1988, .F. ) ;
#1159 = CARTESIAN_POINT ( 'NONE',  ( 0.000000000000000000, 1.013779527559054872, -2.093409448818897456 ) ) ;
#1160 = CARTESIAN_POINT ( 'NONE',  ( -0.3749999999999998890, 1.294685041666666869, -2.646981868766404400 ) ) ;
#1161 = LINE ( 'NONE', #3835, #133 ) ;
#1162 = EDGE_CURVE ( 'NONE', #3045, #3786, #992, .T. ) ;
#1163 = EDGE_LOOP ( 'NONE', ( #1181, #3145, #1438, #3003 ) ) ;
#1164 = DIRECTION ( 'NONE',  ( -1.000000000000000000, -0.000000000000000000, -0.000000000000000000 ) ) ;
#1165 = CARTESIAN_POINT ( 'NONE',  ( -0.3249999999999991784, 1.111351708333333299, 2.646981868766404400 ) ) ;
#1166 = CARTESIAN_POINT ( 'NONE',  ( -0.2916666666666664076, -1.319685041666666558, 2.646981868766403068 ) ) ;
#1167 = ORIENTED_EDGE ( 'NONE', *, *, #899, .F. ) ;
#1168 = ORIENTED_EDGE ( 'NONE', *, *, #2297, .T. ) ;
#1169 = CIRCLE ( 'NONE', #3196, 0.08474999999999996425 ) ;
#1170 = DIRECTION ( 'NONE',  ( 0.000000000000000000, 0.7071067811865454633, -0.7071067811865494601 ) ) ;
#1171 = ORIENTED_EDGE ( 'NONE', *, *, #3571, .T. ) ;
#1172 = CARTESIAN_POINT ( 'NONE',  ( -0.5000000000000000000, -1.025996369274004838, -2.646981868766404400 ) ) ;
#1173 = CARTESIAN_POINT ( 'NONE',  ( -1.362001937246198446, -1.319685041666666558, -1.362001937246199113 ) ) ;
#1174 = DIRECTION ( 'NONE',  ( -0.8164965809277260345, -0.5773502691896257311, -4.675203031270039402E-15 ) ) ;
#1175 = DIRECTION ( 'NONE',  ( -0.4999999999999982792, -0.7071067811865515695, 0.4999999999999959477 ) ) ;
#1176 = CARTESIAN_POINT ( 'NONE',  ( -0.2999999999999999889, -1.186351708333334143, -2.736626529707078870 ) ) ;
#1177 = FACE_OUTER_BOUND ( 'NONE', #2205, .T. ) ;
#1178 = APPLICATION_PROTOCOL_DEFINITION ( 'draft international standard', 'automotive_design', 1998, #1345 ) ;
#1179 = EDGE_CURVE ( 'NONE', #2709, #1003, #2105, .T. ) ;
#1180 = EDGE_CURVE ( 'NONE', #2069, #3085, #302, .T. ) ;
#1181 = ORIENTED_EDGE ( 'NONE', *, *, #2171, .F. ) ;
#1182 = CARTESIAN_POINT ( 'NONE',  ( -0.1666666666666666574, -1.494685041666666825, 2.521981868766403068 ) ) ;
#1183 = DIRECTION ( 'NONE',  ( 0.7071067811865462405, 0.000000000000000000, -0.7071067811865487940 ) ) ;
#1184 = DIRECTION ( 'NONE',  ( -0.7071067811865464625, 0.000000000000000000, -0.7071067811865485719 ) ) ;
#1185 = ORIENTED_EDGE ( 'NONE', *, *, #3270, .F. ) ;
#1186 = CARTESIAN_POINT ( 'NONE',  ( -0.5000000000000000000, 1.319685041666666558, 2.813648535433071363 ) ) ;
#1187 = ORIENTED_EDGE ( 'NONE', *, *, #1760, .T. ) ;
#1188 = DIRECTION ( 'NONE',  ( 0.000000000000000000, -0.000000000000000000, 1.000000000000000000 ) ) ;
#1189 = DIRECTION ( 'NONE',  ( -1.000000000000000000, -0.000000000000000000, -0.000000000000000000 ) ) ;
#1190 = CARTESIAN_POINT ( 'NONE',  ( -0.2500000000000005551, 1.319685041666666558, -2.486626529707076205 ) ) ;
#1191 = DIRECTION ( 'NONE',  ( 0.000000000000000000, -1.000000000000000000, 0.000000000000000000 ) ) ;
#1192 = CARTESIAN_POINT ( 'NONE',  ( -0.3249999999999992895, 0.9863517083333332991, 2.521981868766404400 ) ) ;
#1193 = DIRECTION ( 'NONE',  ( 0.4999999999999975020, -0.7071067811865515695, -0.4999999999999969469 ) ) ;
#1194 = EDGE_LOOP ( 'NONE', ( #1381, #537, #670, #3272, #1882, #3411, #2227, #1579 ) ) ;
#1195 = CARTESIAN_POINT ( 'NONE',  ( -0.4749999999999990341, -1.186351708333333699, -2.521981868766404400 ) ) ;
#1196 = VECTOR ( 'NONE', #3077, 39.37007874015748143 ) ;
#1197 = CARTESIAN_POINT ( 'NONE',  ( -0.6702848332789317354, 0.9863517083333291913, 2.033675374661600532 ) ) ;
#1198 = AXIS2_PLACEMENT_3D ( 'NONE', #297, #1193, #1742 ) ;
#1199 = CARTESIAN_POINT ( 'NONE',  ( -0.1000000000000000056, 1.002621634558673147, 2.024409448818897950 ) ) ;
#1200 = EDGE_CURVE ( 'NONE', #3630, #779, #3627, .T. ) ;
#1201 = VECTOR ( 'NONE', #306, 39.37007874015748854 ) ;
#1202 = ORIENTED_EDGE ( 'NONE', *, *, #3783, .T. ) ;
#1203 = DIRECTION ( 'NONE',  ( 0.7071067811865474617, 0.000000000000000000, -0.7071067811865474617 ) ) ;
#1204 = EDGE_CURVE ( 'NONE', #2528, #1466, #614, .T. ) ;
#1205 = CIRCLE ( 'NONE', #3105, 0.1549999999999998601 ) ;
#1206 = EDGE_LOOP ( 'NONE', ( #1669, #3295, #1747, #3433, #1130 ) ) ;
#1207 = CARTESIAN_POINT ( 'NONE',  ( -0.2500000000000000000, 1.294685041666666869, -2.521981868766404400 ) ) ;
#1208 = CIRCLE ( 'NONE', #205, 0.08474999999999996425 ) ;
#1209 = CARTESIAN_POINT ( 'NONE',  ( -0.4749999999999995892, -1.186351708333333033, 2.771981868766404844 ) ) ;
#1210 = LINE ( 'NONE', #2427, #3352 ) ;
#1211 = CONICAL_SURFACE ( 'NONE', #782, 0.1310000000000000608, 0.7853981633974498333 ) ;
#1212 = EDGE_CURVE ( 'NONE', #3802, #47, #1309, .T. ) ;
#1213 = PLANE ( 'NONE',  #1709 ) ;
#1214 = FACE_OUTER_BOUND ( 'NONE', #82, .T. ) ;
#1215 = EDGE_CURVE ( 'NONE', #1494, #321, #1508, .T. ) ;
#1216 = EDGE_LOOP ( 'NONE', ( #824, #1242, #1589, #2458, #2608 ) ) ;
#1217 = CARTESIAN_POINT ( 'NONE',  ( -0.2999999999999999889, 1.111351708333333299, 2.646981868766404400 ) ) ;
#1218 = EDGE_LOOP ( 'NONE', ( #1649, #3713, #2483, #1630 ) ) ;
#1219 = FACE_OUTER_BOUND ( 'NONE', #1216, .T. ) ;
#1220 = CARTESIAN_POINT ( 'NONE',  ( -0.3749999999999998890, 1.119685041666666603, -2.646981868766404400 ) ) ;
#1221 = ORIENTED_EDGE ( 'NONE', *, *, #596, .F. ) ;
#1222 = PLANE ( 'NONE',  #1307 ) ;
#1223 = AXIS2_PLACEMENT_3D ( 'NONE', #2865, #430, #1583 ) ;
#1224 = ORIENTED_EDGE ( 'NONE', *, *, #3847, .T. ) ;
#1225 = ORIENTED_EDGE ( 'NONE', *, *, #2051, .F. ) ;
#1226 = VECTOR ( 'NONE', #3014, 39.37007874015748143 ) ;
#1227 = PLANE ( 'NONE',  #2034 ) ;
#1228 = PLANE ( 'NONE',  #2584 ) ;
#1229 = CARTESIAN_POINT ( 'NONE',  ( -0.04166666666666682395, -1.494685041666666825, 2.646981868766403512 ) ) ;
#1230 = FACE_OUTER_BOUND ( 'NONE', #981, .T. ) ;
#1231 = EDGE_LOOP ( 'NONE', ( #3448, #566, #1827, #1111 ) ) ;
#1232 = VERTEX_POINT ( 'NONE', #2121 ) ;
#1233 = CARTESIAN_POINT ( 'NONE',  ( -0.1666666666666666574, -1.319685041666666558, 2.521981868766403068 ) ) ;
#1234 = VERTEX_POINT ( 'NONE', #2520 ) ;
#1235 = CARTESIAN_POINT ( 'NONE',  ( -0.2916666666666664076, -1.344685041666666470, 2.646981868766403068 ) ) ;
#1236 = ORIENTED_EDGE ( 'NONE', *, *, #1058, .F. ) ;
#1237 = VECTOR ( 'NONE', #3594, 39.37007874015748143 ) ;
#1238 = DIRECTION ( 'NONE',  ( 0.7071067811865465735, -0.5000000000000003331, -0.5000000000000008882 ) ) ;
#1239 = EDGE_CURVE ( 'NONE', #3846, #3603, #3328, .T. ) ;
#1240 = EDGE_CURVE ( 'NONE', #2975, #3048, #320, .T. ) ;
#1241 = ORIENTED_EDGE ( 'NONE', *, *, #2072, .T. ) ;
#1242 = ORIENTED_EDGE ( 'NONE', *, *, #958, .F. ) ;
#1243 = CARTESIAN_POINT ( 'NONE',  ( 0.000000000000000000, 0.8137792883858268045, -2.213251794991743626 ) ) ;
#1244 = CLOSED_SHELL ( 'NONE', ( #3329, #3697, #3729, #3432, #1597, #3381, #3420, #2889, #2482, #550, #2056, #774, #2742, #2894, #1270, #998, #3319, #1444, #2732, #1867, #3169, #2086, #3651, #652, #1030, #1050, #581, #861, #871, #371, #315, #2577, #2713, #3570, #2529, #168, #3028, #2413, #2864, #887, #1788, #1767, #3554, #2196, #3771, #1323, #638, #1004, #1745, #1776, #1390, #3914, #903, #3120, #2129, #3040, #1684, #1913, #429, #1256, #3314, #1369, #2684, #545, #3504, #3052, #3255, #2824, #2871, #396, #1036, #2816, #1337, #1133, #799, #1752, #255, #2270, #2364, #3872, #206, #1800, #3106, #3893, #1047, #3578, #2397, #2144, #2370, #1696, #1506, #968, #27, #2978, #51, #2320, #849, #1900, #797, #1436, #3738, #890, #651, #839, #2361, #3888, #3324, #99, #2521, #1717, #3000, #3471, #2032, #3455, #3672, #1134, #1547, #741, #361, #109, #1873, #3724, #2970, #2606, #3831, #3575, #2905, #3413, #1126, #3766, #2510, #381, #3070, #1687, #693, #2155, #1618, #480, #3653, #3037 ) ) ;
#1245 = CARTESIAN_POINT ( 'NONE',  ( -0.2916666666666665741, -1.319685041666666558, -2.646981868766404400 ) ) ;
#1246 = EDGE_CURVE ( 'NONE', #3192, #1429, #1528, .T. ) ;
#1247 = EDGE_CURVE ( 'NONE', #403, #55, #2137, .T. ) ;
#1248 = VECTOR ( 'NONE', #3148, 39.37007874015748854 ) ;
#1249 = LINE ( 'NONE', #1839, #3668 ) ;
#1250 = ORIENTED_EDGE ( 'NONE', *, *, #2805, .T. ) ;
#1251 = ORIENTED_EDGE ( 'NONE', *, *, #3402, .T. ) ;
#1252 = DIRECTION ( 'NONE',  ( 0.000000000000000000, 0.000000000000000000, -1.000000000000000000 ) ) ;
#1253 = EDGE_LOOP ( 'NONE', ( #580, #1701, #521, #431 ) ) ;
#1254 = DIRECTION ( 'NONE',  ( 0.000000000000000000, 0.000000000000000000, -1.000000000000000000 ) ) ;
#1255 = ORIENTED_EDGE ( 'NONE', *, *, #1906, .T. ) ;
#1256 = ADVANCED_FACE ( 'NONE', ( #3051 ), #1291, .F. ) ;
#1257 = AXIS2_PLACEMENT_3D ( 'NONE', #717, #3769, #1053 ) ;
#1258 = DIRECTION ( 'NONE',  ( -1.000000000000000000, -0.000000000000000000, -0.000000000000000000 ) ) ;
#1259 = EDGE_CURVE ( 'NONE', #2035, #477, #3200, .T. ) ;
#1260 = VECTOR ( 'NONE', #3705, 39.37007874015748143 ) ;
#1261 = ORIENTED_EDGE ( 'NONE', *, *, #2848, .F. ) ;
#1262 = ORIENTED_EDGE ( 'NONE', *, *, #1239, .T. ) ;
#1263 = EDGE_CURVE ( 'NONE', #2497, #2579, #1994, .T. ) ;
#1264 = CARTESIAN_POINT ( 'NONE',  ( -0.3333333299999999833, -1.519685041666666958, 2.410065202099737292 ) ) ;
#1265 = LINE ( 'NONE', #86, #3378 ) ;
#1266 = ORIENTED_EDGE ( 'NONE', *, *, #3644, .F. ) ;
#1267 = VECTOR ( 'NONE', #2951, 39.37007874015748143 ) ;
#1268 = EDGE_CURVE ( 'NONE', #2437, #2328, #502, .T. ) ;
#1269 = CARTESIAN_POINT ( 'NONE',  ( -0.5000000000000000000, -1.269685041666666958, 2.170315202099737384 ) ) ;
#1270 = ADVANCED_FACE ( 'NONE', ( #740, #1076, #1657, #1416, #1356 ), #1676, .F. ) ;
#1271 = AXIS2_PLACEMENT_3D ( 'NONE', #1546, #2766, #1254 ) ;
#1272 = FILL_AREA_STYLE ('',( #2800 ) ) ;
#1273 = VECTOR ( 'NONE', #2590, 39.37007874015748143 ) ;
#1274 = EDGE_LOOP ( 'NONE', ( #716, #3827, #3092, #2176 ) ) ;
#1275 = LINE ( 'NONE', #1877, #3417 ) ;
#1276 = ORIENTED_EDGE ( 'NONE', *, *, #1519, .T. ) ;
#1277 = EDGE_CURVE ( 'NONE', #6, #1294, #795, .T. ) ;
#1278 = LINE ( 'NONE', #945, #1473 ) ;
#1279 = DIRECTION ( 'NONE',  ( 0.000000000000000000, -0.7071067811865467956, -0.7071067811865483499 ) ) ;
#1280 = ORIENTED_EDGE ( 'NONE', *, *, #606, .T. ) ;
#1281 = VECTOR ( 'NONE', #2066, 39.37007874015748143 ) ;
#1282 = PLANE ( 'NONE',  #2968 ) ;
#1283 = ORIENTED_EDGE ( 'NONE', *, *, #570, .T. ) ;
#1284 = ORIENTED_EDGE ( 'NONE', *, *, #2900, .F. ) ;
#1285 = LINE ( 'NONE', #658, #3303 ) ;
#1286 = CARTESIAN_POINT ( 'NONE',  ( 0.000000000000000000, 1.013779527559054872, -2.224409448818897683 ) ) ;
#1287 = ORIENTED_EDGE ( 'NONE', *, *, #3739, .F. ) ;
#1288 = DIRECTION ( 'NONE',  ( 1.185826989936534890E-15, -0.5773502691896228445, 0.8164965809277280329 ) ) ;
#1289 = EDGE_CURVE ( 'NONE', #1352, #928, #3772, .T. ) ;
#1290 = VECTOR ( 'NONE', #1759, 39.37007874015748143 ) ;
#1291 = PLANE ( 'NONE',  #1998 ) ;
#1292 = ORIENTED_EDGE ( 'NONE', *, *, #789, .T. ) ;
#1293 = LINE ( 'NONE', #2248, #193 ) ;
#1294 = VERTEX_POINT ( 'NONE', #1639 ) ;
#1295 = CARTESIAN_POINT ( 'NONE',  ( -0.3333333299999999833, -1.394685041666667402, 2.325315202099737633 ) ) ;
#1296 = DIRECTION ( 'NONE',  ( 1.000000000000000000, -0.000000000000000000, -0.000000000000000000 ) ) ;
#1297 = ORIENTED_EDGE ( 'NONE', *, *, #2708, .T. ) ;
#1298 = LINE ( 'NONE', #490, #265 ) ;
#1299 = CARTESIAN_POINT ( 'NONE',  ( -0.1000000000000000056, 1.269685041666666958, -2.024409448818896617 ) ) ;
#1300 = PLANE ( 'NONE',  #2332 ) ;
#1301 = ORIENTED_EDGE ( 'NONE', *, *, #1246, .F. ) ;
#1302 = VERTEX_POINT ( 'NONE', #443 ) ;
#1303 = CARTESIAN_POINT ( 'NONE',  ( -0.2999999999999999889, -1.096707047392659229, -2.646981868766403512 ) ) ;
#1304 = DIRECTION ( 'NONE',  ( -9.614813431917869618E-17, -0.5773502691896202910, -0.8164965809277296982 ) ) ;
#1305 = ORIENTED_EDGE ( 'NONE', *, *, #628, .T. ) ;
#1306 = PLANE ( 'NONE',  #2664 ) ;
#1307 = AXIS2_PLACEMENT_3D ( 'NONE', #900, #964, #1511 ) ;
#1308 = DIRECTION ( 'NONE',  ( 0.4999999999999987232, 0.7071067811865505703, -0.4999999999999969469 ) ) ;
#1309 = LINE ( 'NONE', #2416, #2752 ) ;
#1310 = VECTOR ( 'NONE', #1366, 39.37007874015748143 ) ;
#1311 = ORIENTED_EDGE ( 'NONE', *, *, #217, .F. ) ;
#1312 = LINE ( 'NONE', #1915, #3050 ) ;
#1313 = LINE ( 'NONE', #2884, #79 ) ;
#1314 = CARTESIAN_POINT ( 'NONE',  ( 0.000000000000000000, -0.8137792883858270265, 2.213251794991744070 ) ) ;
#1315 = ORIENTED_EDGE ( 'NONE', *, *, #2425, .F. ) ;
#1316 = PLANE ( 'NONE',  #1965 ) ;
#1317 = DIRECTION ( 'NONE',  ( 0.000000000000000000, -0.7071067811865454633, 0.7071067811865494601 ) ) ;
#1318 = EDGE_CURVE ( 'NONE', #1037, #3647, #1972, .T. ) ;
#1319 = CARTESIAN_POINT ( 'NONE',  ( -0.5000000000000000000, -1.996844458079535478, 1.996844458079526374 ) ) ;
#1320 = VERTEX_POINT ( 'NONE', #760 ) ;
#1321 = ORIENTED_EDGE ( 'NONE', *, *, #2265, .T. ) ;
#1322 = VECTOR ( 'NONE', #2818, 39.37007874015748143 ) ;
#1323 = ADVANCED_FACE ( 'NONE', ( #806 ), #3181, .F. ) ;
#1324 = DIRECTION ( 'NONE',  ( 0.000000000000000000, -0.7071067811865471286, -0.7071067811865479058 ) ) ;
#1325 = VECTOR ( 'NONE', #1304, 39.37007874015748854 ) ;
#1326 = ORIENTED_EDGE ( 'NONE', *, *, #3182, .T. ) ;
#1327 = AXIS2_PLACEMENT_3D ( 'NONE', #1299, #3614, #882 ) ;
#1328 = ORIENTED_EDGE ( 'NONE', *, *, #3508, .T. ) ;
#1329 = DIRECTION ( 'NONE',  ( -0.7071067811865474617, 0.000000000000000000, 0.7071067811865474617 ) ) ;
#1330 = EDGE_CURVE ( 'NONE', #644, #458, #1376, .T. ) ;
#1331 = PLANE ( 'NONE',  #1448 ) ;
#1332 = CARTESIAN_POINT ( 'NONE',  ( -0.5000000000000000000, 1.146707047392662604, 2.646981868766403512 ) ) ;
#1333 = VECTOR ( 'NONE', #3838, 39.37007874015748143 ) ;
#1334 = ORIENTED_EDGE ( 'NONE', *, *, #1495, .T. ) ;
#1335 = PLANE ( 'NONE',  #1895 ) ;
#1336 = DIRECTION ( 'NONE',  ( -1.000000000000000000, -0.000000000000000000, -0.000000000000000000 ) ) ;
#1337 = ADVANCED_FACE ( 'NONE', ( #1695 ), #2565, .F. ) ;
#1338 = AXIS2_PLACEMENT_3D ( 'NONE', #1622, #745, #2823 ) ;
#1339 = CARTESIAN_POINT ( 'NONE',  ( 0.000000000000000000, 1.269685041666666958, -2.024409448818896173 ) ) ;
#1340 = VECTOR ( 'NONE', #405, 39.37007874015748143 ) ;
#1341 = ORIENTED_EDGE ( 'NONE', *, *, #2963, .F. ) ;
#1342 = DIRECTION ( 'NONE',  ( 1.000000000000000000, 0.000000000000000000, -0.000000000000000000 ) ) ;
#1343 = FACE_OUTER_BOUND ( 'NONE', #3638, .T. ) ;
#1344 = FACE_OUTER_BOUND ( 'NONE', #1555, .T. ) ;
#1345 = APPLICATION_CONTEXT ( 'automotive_design' ) ;
#1346 = ORIENTED_EDGE ( 'NONE', *, *, #2286, .F. ) ;
#1347 = VERTEX_POINT ( 'NONE', #2838 ) ;
#1348 = PLANE ( 'NONE',  #1085 ) ;
#1349 = ORIENTED_EDGE ( 'NONE', *, *, #44, .T. ) ;
#1350 = EDGE_CURVE ( 'NONE', #2035, #3048, #2284, .T. ) ;
#1351 = EDGE_CURVE ( 'NONE', #877, #3684, #131, .T. ) ;
#1352 = VERTEX_POINT ( 'NONE', #189 ) ;
#1353 = VECTOR ( 'NONE', #1722, 39.37007874015748143 ) ;
#1354 = CARTESIAN_POINT ( 'NONE',  ( -0.3333333299999999833, -1.369685041666667047, 2.215565202099737618 ) ) ;
#1355 = CARTESIAN_POINT ( 'NONE',  ( -0.3249999999999992895, 0.8613517083333332991, 2.646981868766404400 ) ) ;
#1356 = FACE_OUTER_BOUND ( 'NONE', #2856, .T. ) ;
#1357 = ORIENTED_EDGE ( 'NONE', *, *, #2805, .F. ) ;
#1358 = CARTESIAN_POINT ( 'NONE',  ( -0.04624999999999995087, 1.013779527559054872, -2.309159448818897342 ) ) ;
#1359 = PLANE ( 'NONE',  #3111 ) ;
#1360 = VECTOR ( 'NONE', #2263, 39.37007874015748143 ) ;
#1361 = DIRECTION ( 'NONE',  ( 0.7071067811865369146, 0.5000000000000064393, -0.5000000000000086597 ) ) ;
#1362 = EDGE_CURVE ( 'NONE', #1049, #2638, #2860, .T. ) ;
#1363 = ORIENTED_EDGE ( 'NONE', *, *, #3517, .T. ) ;
#1364 = CARTESIAN_POINT ( 'NONE',  ( -0.1000000000000000056, -0.8137792883858266935, -2.213251794991743626 ) ) ;
#1365 = CYLINDRICAL_SURFACE ( 'NONE', #2224, 0.08474999999999996425 ) ;
#1366 = DIRECTION ( 'NONE',  ( -0.7071067811865465735, 0.000000000000000000, 0.7071067811865484609 ) ) ;
#1367 = EDGE_LOOP ( 'NONE', ( #2679, #1933 ) ) ;
#1368 = VERTEX_POINT ( 'NONE', #1332 ) ;
#1369 = ADVANCED_FACE ( 'NONE', ( #3431 ), #1056, .F. ) ;
#1370 = LINE ( 'NONE', #3465, #2790 ) ;
#1371 = VERTEX_POINT ( 'NONE', #2604 ) ;
#1372 = CYLINDRICAL_SURFACE ( 'NONE', #897, 0.08474999999999996425 ) ;
#1373 = EDGE_CURVE ( 'NONE', #2638, #1107, #2627, .T. ) ;
#1374 = CARTESIAN_POINT ( 'NONE',  ( -0.2500000000000000000, 1.294685041666666869, -2.521981868766404400 ) ) ;
#1375 = EDGE_CURVE ( 'NONE', #3647, #2158, #3020, .T. ) ;
#1376 = LINE ( 'NONE', #1035, #164 ) ;
#1377 = ORIENTED_EDGE ( 'NONE', *, *, #667, .F. ) ;
#1378 = DIRECTION ( 'NONE',  ( 0.5000000000000068834, -0.7071067811865378028, 0.5000000000000068834 ) ) ;
#1379 = CARTESIAN_POINT ( 'NONE',  ( -0.5000000000000000000, -1.186351708333333033, 2.807337207825732150 ) ) ;
#1380 = CARTESIAN_POINT ( 'NONE',  ( -0.2916666666666664076, -1.494685041666666825, 2.646981868766403068 ) ) ;
#1381 = ORIENTED_EDGE ( 'NONE', *, *, #2703, .T. ) ;
#1382 = CARTESIAN_POINT ( 'NONE',  ( -0.4749999999999995892, -1.186351708333333033, 2.521981868766404844 ) ) ;
#1383 = AXIS2_PLACEMENT_3D ( 'NONE', #1186, #2175, #3072 ) ;
#1384 = CARTESIAN_POINT ( 'NONE',  ( -0.5000000000000000000, -1.186351708333333699, -2.486626529707075761 ) ) ;
#1385 = CARTESIAN_POINT ( 'NONE',  ( -0.2499999999999995559, 1.119685041666666603, -2.557337207825732595 ) ) ;
#1386 = ORIENTED_EDGE ( 'NONE', *, *, #173, .T. ) ;
#1387 = EDGE_LOOP ( 'NONE', ( #2457, #2540, #398, #3325 ) ) ;
#1388 = CARTESIAN_POINT ( 'NONE',  ( 0.000000000000000000, -0.8137792883858270265, 2.480315202099737437 ) ) ;
#1389 = EDGE_CURVE ( 'NONE', #2802, #3903, #3637, .T. ) ;
#1390 = ADVANCED_FACE ( 'NONE', ( #3277 ), #3318, .F. ) ;
#1391 = VERTEX_POINT ( 'NONE', #1190 ) ;
#1392 = VECTOR ( 'NONE', #990, 39.37007874015748143 ) ;
#1393 = PLANE ( 'NONE',  #3613 ) ;
#1394 = CARTESIAN_POINT ( 'NONE',  ( -0.1000000000000000056, 0.000000000000000000, 0.000000000000000000 ) ) ;
#1395 = CARTESIAN_POINT ( 'NONE',  ( 0.000000000000000000, -1.013779527559054872, -2.224409448818897683 ) ) ;
#1396 = VECTOR ( 'NONE', #603, 39.37007874015748143 ) ;
#1397 = EDGE_CURVE ( 'NONE', #3519, #1957, #2962, .T. ) ;
#1398 = EDGE_CURVE ( 'NONE', #3882, #1716, #3555, .T. ) ;
#1399 = ORIENTED_EDGE ( 'NONE', *, *, #3197, .T. ) ;
#1400 = CARTESIAN_POINT ( 'NONE',  ( -0.2999999999999999889, -0.8751374106868718972, 0.8751374106868710090 ) ) ;
#1401 = DIRECTION ( 'NONE',  ( -0.7071067811865474617, 0.000000000000000000, -0.7071067811865474617 ) ) ;
#1402 = VECTOR ( 'NONE', #409, 39.37007874015748143 ) ;
#1403 = LINE ( 'NONE', #2591, #2489 ) ;
#1404 = EDGE_CURVE ( 'NONE', #743, #3579, #310, .T. ) ;
#1405 = ORIENTED_EDGE ( 'NONE', *, *, #1318, .T. ) ;
#1406 = CARTESIAN_POINT ( 'NONE',  ( -0.3333333299999999833, -1.369685041666667047, 2.170315202099737384 ) ) ;
#1407 = AXIS2_PLACEMENT_3D ( 'NONE', #3782, #3704, #1690 ) ;
#1408 = DIRECTION ( 'NONE',  ( 0.000000000000000000, -0.7071067811865479058, -0.7071067811865471286 ) ) ;
#1409 = DIRECTION ( 'NONE',  ( 0.000000000000000000, 0.000000000000000000, -1.000000000000000000 ) ) ;
#1410 = ORIENTED_EDGE ( 'NONE', *, *, #3369, .T. ) ;
#1411 = ORIENTED_EDGE ( 'NONE', *, *, #1200, .T. ) ;
#1412 = CARTESIAN_POINT ( 'NONE',  ( -0.1249999999999999029, 1.144685041666666292, 2.646981868766404400 ) ) ;
#1413 = ORIENTED_EDGE ( 'NONE', *, *, #3193, .T. ) ;
#1414 = CARTESIAN_POINT ( 'NONE',  ( -0.2999999999999999889, -1.961489119020205729, -1.961489119020207728 ) ) ;
#1415 = LINE ( 'NONE', #3870, #3652 ) ;
#1416 = FACE_BOUND ( 'NONE', #1620, .T. ) ;
#1417 = ORIENTED_EDGE ( 'NONE', *, *, #339, .T. ) ;
#1418 = CARTESIAN_POINT ( 'NONE',  ( -0.04166666666666682395, -1.494685041666666825, 2.646981868766403512 ) ) ;
#1419 = CARTESIAN_POINT ( 'NONE',  ( -0.3333333299999999833, -1.269685041666666958, 2.170315202099737384 ) ) ;
#1420 = DIRECTION ( 'NONE',  ( -0.7071067811865473507, 0.000000000000000000, -0.7071067811865476838 ) ) ;
#1421 = EDGE_CURVE ( 'NONE', #23, #817, #1138, .T. ) ;
#1422 = CARTESIAN_POINT ( 'NONE',  ( -0.1666666666666666297, -1.494685041666666825, -2.771981868766403956 ) ) ;
#1423 = VERTEX_POINT ( 'NONE', #2702 ) ;
#1424 = AXIS2_PLACEMENT_3D ( 'NONE', #3494, #784, #484 ) ;
#1425 = CARTESIAN_POINT ( 'NONE',  ( -0.1000000000000000194, 0.8137792883858264714, 2.480315202099737437 ) ) ;
#1426 = CARTESIAN_POINT ( 'NONE',  ( -0.5000000000000000000, 1.269685041666666958, 2.480315202099737437 ) ) ;
#1427 = CARTESIAN_POINT ( 'NONE',  ( -0.1666666666666665464, -1.519685041666666736, 2.486626529707075761 ) ) ;
#1428 = EDGE_CURVE ( 'NONE', #3247, #1302, #2388, .T. ) ;
#1429 = VERTEX_POINT ( 'NONE', #3006 ) ;
#1430 = EDGE_LOOP ( 'NONE', ( #1032, #1326, #3445, #1445 ) ) ;
#1431 = CARTESIAN_POINT ( 'NONE',  ( -0.4749999999999990341, -1.061351708333333477, -2.646981868766404400 ) ) ;
#1432 = VERTEX_POINT ( 'NONE', #865 ) ;
#1433 = DIRECTION ( 'NONE',  ( 0.000000000000000000, -0.7071067811865479058, -0.7071067811865471286 ) ) ;
#1434 = CARTESIAN_POINT ( 'NONE',  ( -0.2999999999999999889, -1.186351708333333255, 2.557337207825733039 ) ) ;
#1435 = CARTESIAN_POINT ( 'NONE',  ( -0.1000000000000000056, 1.013779527559054872, 2.224409448818897683 ) ) ;
#1436 = ADVANCED_FACE ( 'NONE', ( #2095 ), #2055, .F. ) ;
#1437 = EDGE_CURVE ( 'NONE', #1938, #3905, #1498, .T. ) ;
#1438 = ORIENTED_EDGE ( 'NONE', *, *, #2992, .T. ) ;
#1439 = DIRECTION ( 'NONE',  ( 0.000000000000000000, 0.000000000000000000, -1.000000000000000000 ) ) ;
#1440 = AXIS2_PLACEMENT_3D ( 'NONE', #639, #1517, #379 ) ;
#1441 = DIRECTION ( 'NONE',  ( -0.7071067811865471286, 0.000000000000000000, 0.7071067811865479058 ) ) ;
#1442 = CARTESIAN_POINT ( 'NONE',  ( -0.3249999999999989009, 0.9863517083333335211, 2.771981868766404844 ) ) ;
#1443 = PLANE ( 'NONE',  #2870 ) ;
#1444 = ADVANCED_FACE ( 'NONE', ( #823 ), #2668, .F. ) ;
#1445 = ORIENTED_EDGE ( 'NONE', *, *, #726, .T. ) ;
#1446 = CARTESIAN_POINT ( 'NONE',  ( -0.5000000000000000000, -1.369685041666667047, 2.170315202099737384 ) ) ;
#1447 = CARTESIAN_POINT ( 'NONE',  ( -0.3333333299999999833, -1.369685041666667047, 2.480315202099737437 ) ) ;
#1448 = AXIS2_PLACEMENT_3D ( 'NONE', #3730, #1308, #718 ) ;
#1449 = DIRECTION ( 'NONE',  ( -0.5773502691896336136, 0.8164965809277204833, 6.025283084001769295E-15 ) ) ;
#1450 = VECTOR ( 'NONE', #1002, 39.37007874015748143 ) ;
#1451 = ORIENTED_EDGE ( 'NONE', *, *, #3363, .T. ) ;
#1452 = EDGE_LOOP ( 'NONE', ( #355, #2260, #3177, #2597 ) ) ;
#1453 = EDGE_CURVE ( 'NONE', #2975, #3091, #2403, .T. ) ;
#1454 = DIRECTION ( 'NONE',  ( 0.000000000000000000, 0.000000000000000000, -1.000000000000000000 ) ) ;
#1455 = EDGE_LOOP ( 'NONE', ( #965, #2639, #3315, #2475 ) ) ;
#1456 = EDGE_CURVE ( 'NONE', #280, #3388, #525, .T. ) ;
#1457 = DIRECTION ( 'NONE',  ( 1.000000000000000000, -0.000000000000000000, -0.000000000000000000 ) ) ;
#1458 = CARTESIAN_POINT ( 'NONE',  ( -0.2999999999999999889, -1.061351708333333033, 2.646981868766404400 ) ) ;
#1459 = DIRECTION ( 'NONE',  ( 0.8164965809277215936, -0.5773502691896319483, 1.346073880468481744E-14 ) ) ;
#1460 = EDGE_LOOP ( 'NONE', ( #1952, #898, #2535, #37 ) ) ;
#1461 = CARTESIAN_POINT ( 'NONE',  ( -0.5000000000000000000, 1.319685041666666558, 2.813648535433071363 ) ) ;
#1462 = CARTESIAN_POINT ( 'NONE',  ( -0.1000000000000000056, 1.002621634558673147, -2.024409448818896173 ) ) ;
#1463 = AXIS2_PLACEMENT_3D ( 'NONE', #2166, #588, #34 ) ;
#1464 = DIRECTION ( 'NONE',  ( 0.5773502691896227335, 6.730369402342493128E-15, 0.8164965809277280329 ) ) ;
#1465 = CIRCLE ( 'NONE', #2721, 0.08474999999999968670 ) ;
#1466 = VERTEX_POINT ( 'NONE', #1157 ) ;
#1467 = CARTESIAN_POINT ( 'NONE',  ( 0.000000000000000000, -1.519685041666666736, -2.813648535433071363 ) ) ;
#1468 = CARTESIAN_POINT ( 'NONE',  ( -0.4160744349011195609, -1.228018374999999551, 2.646981868766403068 ) ) ;
#1469 = CARTESIAN_POINT ( 'NONE',  ( -0.1250000000000001110, 1.119685041666666603, -2.646981868766404400 ) ) ;
#1470 = VECTOR ( 'NONE', #1724, 39.37007874015748143 ) ;
#1471 = ORIENTED_EDGE ( 'NONE', *, *, #519, .T. ) ;
#1472 = ORIENTED_EDGE ( 'NONE', *, *, #81, .T. ) ;
#1473 = VECTOR ( 'NONE', #2170, 39.37007874015748143 ) ;
#1474 = CARTESIAN_POINT ( 'NONE',  ( -0.1000000000000000194, -1.269685041666666958, -2.024409448818897506 ) ) ;
#1475 = EDGE_CURVE ( 'NONE', #601, #2237, #1737, .T. ) ;
#1476 = AXIS2_PLACEMENT_3D ( 'NONE', #1104, #2927, #2631 ) ;
#1477 = ORIENTED_EDGE ( 'NONE', *, *, #1588, .F. ) ;
#1478 = PLANE ( 'NONE',  #2533 ) ;
#1479 = CARTESIAN_POINT ( 'NONE',  ( 0.000000000000000000, -0.8137792883858270265, 2.480315202099737437 ) ) ;
#1480 = DIRECTION ( 'NONE',  ( 0.7071067811865475727, 0.000000000000000000, -0.7071067811865475727 ) ) ;
#1481 = EDGE_CURVE ( 'NONE', #1095, #3711, #2562, .T. ) ;
#1482 = VECTOR ( 'NONE', #3800, 39.37007874015748143 ) ;
#1483 = FACE_OUTER_BOUND ( 'NONE', #807, .T. ) ;
#1484 = CYLINDRICAL_SURFACE ( 'NONE', #1476, 0.08474999999999968670 ) ;
#1485 = PLANE ( 'NONE',  #324 ) ;
#1486 = VERTEX_POINT ( 'NONE', #2076 ) ;
#1487 = CARTESIAN_POINT ( 'NONE',  ( -0.1666666666666663521, -0.7139396928222927485, -1.879973242026938163 ) ) ;
#1488 = CARTESIAN_POINT ( 'NONE',  ( -0.1249999999999999029, 1.144685041666666514, 2.646981868766404400 ) ) ;
#1489 = CARTESIAN_POINT ( 'NONE',  ( -0.5000000000000000000, -1.269685041666666958, -2.480315202099737437 ) ) ;
#1490 = EDGE_LOOP ( 'NONE', ( #932, #2653, #1022, #3741 ) ) ;
#1491 = EDGE_CURVE ( 'NONE', #1466, #47, #3891, .T. ) ;
#1492 = VECTOR ( 'NONE', #595, 39.37007874015748143 ) ;
#1493 = DIRECTION ( 'NONE',  ( 0.7071067811865465735, 0.000000000000000000, -0.7071067811865484609 ) ) ;
#1494 = VERTEX_POINT ( 'NONE', #3299 ) ;
#1495 = EDGE_CURVE ( 'NONE', #915, #1039, #922, .T. ) ;
#1496 = FACE_OUTER_BOUND ( 'NONE', #1387, .T. ) ;
#1497 = CARTESIAN_POINT ( 'NONE',  ( -0.2999999999999999889, 1.771844458079531837, 1.771844458079533835 ) ) ;
#1498 = LINE ( 'NONE', #3239, #3577 ) ;
#1499 = CARTESIAN_POINT ( 'NONE',  ( -0.2999999999999999889, 0.000000000000000000, 0.000000000000000000 ) ) ;
#1500 = EDGE_CURVE ( 'NONE', #1368, #2763, #3385, .T. ) ;
#1501 = DIRECTION ( 'NONE',  ( 0.000000000000000000, 0.000000000000000000, -1.000000000000000000 ) ) ;
#1502 = LINE ( 'NONE', #1084, #762 ) ;
#1503 = DIRECTION ( 'NONE',  ( 0.000000000000000000, 0.000000000000000000, 1.000000000000000000 ) ) ;
#1504 = ORIENTED_EDGE ( 'NONE', *, *, #2498, .T. ) ;
#1505 = PLANE ( 'NONE',  #2352 ) ;
#1506 = ADVANCED_FACE ( 'NONE', ( #3335 ), #3039, .T. ) ;
#1507 = DIRECTION ( 'NONE',  ( 1.000000000000000000, -0.000000000000000000, -0.000000000000000000 ) ) ;
#1508 = LINE ( 'NONE', #3642, #2944 ) ;
#1509 = ORIENTED_EDGE ( 'NONE', *, *, #3231, .F. ) ;
#1510 = AXIS2_PLACEMENT_3D ( 'NONE', #2008, #3509, #3213 ) ;
#1511 = DIRECTION ( 'NONE',  ( 0.000000000000000000, 0.7071067811865462405, 0.7071067811865487940 ) ) ;
#1512 = CONICAL_SURFACE ( 'NONE', #3718, 0.1097500000000001114, 0.7853981633974482790 ) ;
#1513 = EDGE_CURVE ( 'NONE', #2237, #733, #1169, .T. ) ;
#1514 = ORIENTED_EDGE ( 'NONE', *, *, #1428, .T. ) ;
#1515 = CARTESIAN_POINT ( 'NONE',  ( -0.5000000000000000000, -1.519685041666666736, 2.813648535433071363 ) ) ;
#1516 = EDGE_CURVE ( 'NONE', #481, #984, #1265, .T. ) ;
#1517 = DIRECTION ( 'NONE',  ( 0.000000000000000000, 1.000000000000000000, 0.000000000000000000 ) ) ;
#1518 = CARTESIAN_POINT ( 'NONE',  ( -0.3333333299999999833, -1.394685041666667402, 2.325315202099737633 ) ) ;
#1519 = EDGE_CURVE ( 'NONE', #817, #498, #3400, .T. ) ;
#1520 = CARTESIAN_POINT ( 'NONE',  ( -0.3926776695296637643, 1.319685041666666558, 2.664659538296068053 ) ) ;
#1521 = ORIENTED_EDGE ( 'NONE', *, *, #1725, .T. ) ;
#1522 = ORIENTED_EDGE ( 'NONE', *, *, #2072, .F. ) ;
#1523 = DIRECTION ( 'NONE',  ( 1.000000000000000000, -0.000000000000000000, -0.000000000000000000 ) ) ;
#1524 = AXIS2_PLACEMENT_3D ( 'NONE', #3403, #1615, #675 ) ;
#1525 = EDGE_LOOP ( 'NONE', ( #911, #559, #2809, #155 ) ) ;
#1526 = DIRECTION ( 'NONE',  ( -0.000000000000000000, 1.000000000000000000, -0.000000000000000000 ) ) ;
#1527 = VECTOR ( 'NONE', #2741, 39.37007874015748854 ) ;
#1528 = LINE ( 'NONE', #1220, #725 ) ;
#1529 = VECTOR ( 'NONE', #2282, 39.37007874015748854 ) ;
#1530 = EDGE_CURVE ( 'NONE', #2190, #3579, #1210, .T. ) ;
#1531 = ORIENTED_EDGE ( 'NONE', *, *, #2234, .F. ) ;
#1532 = DIRECTION ( 'NONE',  ( -0.4999999999999973355, 0.7071067811865513475, 0.4999999999999973355 ) ) ;
#1533 = ORIENTED_EDGE ( 'NONE', *, *, #3607, .F. ) ;
#1534 = VERTEX_POINT ( 'NONE', #2775 ) ;
#1535 = LINE ( 'NONE', #2442, #1715 ) ;
#1536 = FACE_BOUND ( 'NONE', #2216, .T. ) ;
#1537 = DIRECTION ( 'NONE',  ( 0.000000000000000000, -0.7071067811865454633, 0.7071067811865494601 ) ) ;
#1538 = VECTOR ( 'NONE', #2603, 39.37007874015748143 ) ;
#1539 = DIRECTION ( 'NONE',  ( 1.922962686383564309E-16, 0.5773502691896258421, -0.8164965809277260345 ) ) ;
#1540 = EDGE_CURVE ( 'NONE', #202, #1961, #3370, .T. ) ;
#1541 = ORIENTED_EDGE ( 'NONE', *, *, #93, .T. ) ;
#1542 = PRODUCT_RELATED_PRODUCT_CATEGORY ( 'part', '', ( #1574 ) ) ;
#1543 = ORIENTED_EDGE ( 'NONE', *, *, #1519, .F. ) ;
#1544 = PLANE ( 'NONE',  #3869 ) ;
#1545 = ORIENTED_EDGE ( 'NONE', *, *, #3243, .F. ) ;
#1546 = CARTESIAN_POINT ( 'NONE',  ( 0.000000000000000000, -1.013779527559054872, 2.224409448818897683 ) ) ;
#1547 = ADVANCED_FACE ( 'NONE', ( #987 ), #2759, .T. ) ;
#1548 = FACE_OUTER_BOUND ( 'NONE', #2493, .T. ) ;
#1549 = VECTOR ( 'NONE', #2949, 39.37007874015748143 ) ;
#1550 = ORIENTED_EDGE ( 'NONE', *, *, #245, .F. ) ;
#1551 = EDGE_CURVE ( 'NONE', #3703, #2199, #3094, .T. ) ;
#1552 = EDGE_CURVE ( 'NONE', #3818, #3034, #1465, .T. ) ;
#1553 = CARTESIAN_POINT ( 'NONE',  ( -0.1250000000000001110, 1.294685041666666869, -2.646981868766404400 ) ) ;
#1554 = ORIENTED_EDGE ( 'NONE', *, *, #257, .T. ) ;
#1555 = EDGE_LOOP ( 'NONE', ( #2293, #100, #2773, #1012 ) ) ;
#1556 = VECTOR ( 'NONE', #2645, 39.37007874015748854 ) ;
#1557 = LINE ( 'NONE', #2385, #692 ) ;
#1558 = DIRECTION ( 'NONE',  ( -0.000000000000000000, -0.000000000000000000, 1.000000000000000000 ) ) ;
#1559 = CARTESIAN_POINT ( 'NONE',  ( -0.4749999999999995892, -1.061351708333333033, 2.646981868766404400 ) ) ;
#1560 = DIRECTION ( 'NONE',  ( 0.000000000000000000, 0.7071067811865474617, 0.7071067811865474617 ) ) ;
#1561 = PRESENTATION_STYLE_ASSIGNMENT (( #2150 ) ) ;
#1562 = ORIENTED_EDGE ( 'NONE', *, *, #667, .T. ) ;
#1563 = CARTESIAN_POINT ( 'NONE',  ( 0.000000000000000000, 1.319685041666666558, 2.813648535433071363 ) ) ;
#1564 = ORIENTED_EDGE ( 'NONE', *, *, #726, .F. ) ;
#1565 = DIRECTION ( 'NONE',  ( 0.000000000000000000, 0.000000000000000000, 1.000000000000000000 ) ) ;
#1566 = ORIENTED_EDGE ( 'NONE', *, *, #1475, .F. ) ;
#1567 = CARTESIAN_POINT ( 'NONE',  ( -0.04166666666666671986, -1.494685041666666825, -2.646981868766404400 ) ) ;
#1568 = EDGE_CURVE ( 'NONE', #1901, #777, #954, .T. ) ;
#1569 = VERTEX_POINT ( 'NONE', #2180 ) ;
#1570 = EDGE_LOOP ( 'NONE', ( #3424, #1266, #3219, #3035 ) ) ;
#1571 = CARTESIAN_POINT ( 'NONE',  ( 0.000000000000000000, 1.013779527559054872, 2.355409448818897467 ) ) ;
#1572 = VECTOR ( 'NONE', #2184, 39.37007874015748143 ) ;
#1573 = CARTESIAN_POINT ( 'NONE',  ( -0.5000000000000000000, 1.896844458079536722, 1.896844458079525619 ) ) ;
#1574 = PRODUCT ( 'psu_io', 'psu_io', '', ( #3916 ) ) ;
#1575 = EDGE_CURVE ( 'NONE', #699, #2528, #1856, .T. ) ;
#1576 = VECTOR ( 'NONE', #2011, 39.37007874015748143 ) ;
#1577 = VECTOR ( 'NONE', #2637, 39.37007874015748143 ) ;
#1578 = LINE ( 'NONE', #3062, #2596 ) ;
#1579 = ORIENTED_EDGE ( 'NONE', *, *, #1691, .T. ) ;
#1580 = VERTEX_POINT ( 'NONE', #659 ) ;
#1581 = LINE ( 'NONE', #3658, #272 ) ;
#1582 = DIRECTION ( 'NONE',  ( 1.000000000000000000, -0.000000000000000000, -0.000000000000000000 ) ) ;
#1583 = DIRECTION ( 'NONE',  ( 0.000000000000000000, -0.7071067811865476838, 0.7071067811865472397 ) ) ;
#1584 = AXIS2_PLACEMENT_3D ( 'NONE', #908, #2704, #3911 ) ;
#1585 = EDGE_LOOP ( 'NONE', ( #3572, #1923, #169, #3727 ) ) ;
#1586 = AXIS2_PLACEMENT_3D ( 'NONE', #209, #821, #1136 ) ;
#1587 = DIRECTION ( 'NONE',  ( 2.563950248511420394E-15, -0.5773502691896228445, -0.8164965809277279218 ) ) ;
#1588 = EDGE_CURVE ( 'NONE', #458, #915, #640, .T. ) ;
#1589 = ORIENTED_EDGE ( 'NONE', *, *, #2386, .F. ) ;
#1590 = VERTEX_POINT ( 'NONE', #330 ) ;
#1591 = DIRECTION ( 'NONE',  ( 1.000000000000000000, 0.000000000000000000, 0.000000000000000000 ) ) ;
#1592 = DIRECTION ( 'NONE',  ( 0.7071067811865476838, 0.000000000000000000, -0.7071067811865473507 ) ) ;
#1593 = ORIENTED_EDGE ( 'NONE', *, *, #1277, .F. ) ;
#1594 = VECTOR ( 'NONE', #329, 39.37007874015748143 ) ;
#1595 = CARTESIAN_POINT ( 'NONE',  ( 0.000000000000000000, 1.013779527559054872, 2.355409448818897467 ) ) ;
#1596 = VECTOR ( 'NONE', #2868, 39.37007874015748143 ) ;
#1597 = ADVANCED_FACE ( 'NONE', ( #363 ), #508, .F. ) ;
#1598 = ORIENTED_EDGE ( 'NONE', *, *, #3095, .T. ) ;
#1599 = EDGE_CURVE ( 'NONE', #736, #601, #3733, .T. ) ;
#1600 = ORIENTED_EDGE ( 'NONE', *, *, #3858, .F. ) ;
#1601 = PLANE ( 'NONE',  #576 ) ;
#1602 = ORIENTED_EDGE ( 'NONE', *, *, #3355, .F. ) ;
#1603 = LINE ( 'NONE', #3360, #3241 ) ;
#1604 = CARTESIAN_POINT ( 'NONE',  ( -0.2999999999999999889, 0.000000000000000000, 0.000000000000000000 ) ) ;
#1605 = ORIENTED_EDGE ( 'NONE', *, *, #2488, .F. ) ;
#1606 = AXIS2_PLACEMENT_3D ( 'NONE', #1295, #1526, #1565 ) ;
#1607 = DIRECTION ( 'NONE',  ( 0.000000000000000000, -0.7071067811865457964, -0.7071067811865493491 ) ) ;
#1608 = ORIENTED_EDGE ( 'NONE', *, *, #2382, .F. ) ;
#1609 = ORIENTED_EDGE ( 'NONE', *, *, #2661, .T. ) ;
#1610 =( GEOMETRIC_REPRESENTATION_CONTEXT ( 3 ) GLOBAL_UNCERTAINTY_ASSIGNED_CONTEXT ( ( #602 ) ) GLOBAL_UNIT_ASSIGNED_CONTEXT ( ( #258, #610, #3656 ) ) REPRESENTATION_CONTEXT ( 'NONE', 'WORKASPACE' ) );
#1611 = CARTESIAN_POINT ( 'NONE',  ( -0.1250000000000001110, 1.119685041666666603, -2.646981868766404400 ) ) ;
#1612 = LINE ( 'NONE', #107, #1325 ) ;
#1613 = ORIENTED_EDGE ( 'NONE', *, *, #3611, .T. ) ;
#1614 = EDGE_CURVE ( 'NONE', #335, #47, #1872, .T. ) ;
#1615 = DIRECTION ( 'NONE',  ( -0.4999999999999962252, 0.7071067811865533459, -0.4999999999999956701 ) ) ;
#1616 = LINE ( 'NONE', #3752, #2546 ) ;
#1617 = DIRECTION ( 'NONE',  ( -0.7071067811865462405, 0.000000000000000000, 0.7071067811865487940 ) ) ;
#1618 = ADVANCED_FACE ( 'NONE', ( #3687 ), #2795, .F. ) ;
#1619 = EDGE_CURVE ( 'NONE', #3085, #62, #400, .T. ) ;
#1620 = EDGE_LOOP ( 'NONE', ( #3856, #3501, #1135, #1187 ) ) ;
#1621 = LINE ( 'NONE', #156, #2539 ) ;
#1622 = CARTESIAN_POINT ( 'NONE',  ( -0.2999999999999999889, 0.8613517083333332991, 2.646981868766404400 ) ) ;
#1623 = DIRECTION ( 'NONE',  ( -0.000000000000000000, 0.000000000000000000, 1.000000000000000000 ) ) ;
#1624 = EDGE_CURVE ( 'NONE', #3711, #1095, #829, .T. ) ;
#1625 = VERTEX_POINT ( 'NONE', #1927 ) ;
#1626 = CARTESIAN_POINT ( 'NONE',  ( -0.9336752934061354203, -0.7139396928222860872, -2.646981868766397294 ) ) ;
#1627 = CARTESIAN_POINT ( 'NONE',  ( 0.000000000000000000, 1.013779527559054872, 2.224409448818897683 ) ) ;
#1628 = LINE ( 'NONE', #2829, #370 ) ;
#1629 = ORIENTED_EDGE ( 'NONE', *, *, #2183, .F. ) ;
#1630 = ORIENTED_EDGE ( 'NONE', *, *, #519, .F. ) ;
#1631 = CARTESIAN_POINT ( 'NONE',  ( -0.4749999999999984790, 0.8613517083333332991, 2.646981868766404400 ) ) ;
#1632 = EDGE_CURVE ( 'NONE', #1995, #1062, #1612, .T. ) ;
#1633 = VERTEX_POINT ( 'NONE', #3726 ) ;
#1634 = EDGE_CURVE ( 'NONE', #2497, #677, #1161, .T. ) ;
#1635 = CARTESIAN_POINT ( 'NONE',  ( -0.5000000000000000000, 1.269685041666666958, -2.480315202099737437 ) ) ;
#1636 = VECTOR ( 'NONE', #860, 39.37007874015748854 ) ;
#1637 = DIRECTION ( 'NONE',  ( 0.5773502691896235106, 5.768888059150691942E-15, -0.8164965809277274778 ) ) ;
#1638 = EDGE_CURVE ( 'NONE', #78, #3486, #3264, .T. ) ;
#1639 = CARTESIAN_POINT ( 'NONE',  ( 0.000000000000000000, -1.013779527559054872, -2.093409448818897456 ) ) ;
#1640 = AXIS2_PLACEMENT_3D ( 'NONE', #3588, #2358, #815 ) ;
#1641 = ORIENTED_EDGE ( 'NONE', *, *, #2767, .F. ) ;
#1642 = CARTESIAN_POINT ( 'NONE',  ( -0.2499999999999994171, 1.319685041666666558, -2.807337207825731262 ) ) ;
#1643 = LINE ( 'NONE', #2229, #3874 ) ;
#1644 = DIRECTION ( 'NONE',  ( 1.000000000000000000, 0.000000000000000000, 0.000000000000000000 ) ) ;
#1645 = ORIENTED_EDGE ( 'NONE', *, *, #682, .T. ) ;
#1646 = PLANE ( 'NONE',  #331 ) ;
#1647 = FACE_OUTER_BOUND ( 'NONE', #3646, .T. ) ;
#1648 = CARTESIAN_POINT ( 'NONE',  ( -0.2999999999999999889, -1.961489119020205729, -1.961489119020207728 ) ) ;
#1649 = ORIENTED_EDGE ( 'NONE', *, *, #1263, .F. ) ;
#1650 = ORIENTED_EDGE ( 'NONE', *, *, #3797, .T. ) ;
#1651 = AXIS2_PLACEMENT_3D ( 'NONE', #2016, #3814, #1119 ) ;
#1652 = LINE ( 'NONE', #1051, #2417 ) ;
#1653 = VECTOR ( 'NONE', #3323, 39.37007874015748143 ) ;
#1654 = ORIENTED_EDGE ( 'NONE', *, *, #1453, .F. ) ;
#1655 = CARTESIAN_POINT ( 'NONE',  ( -0.1250000000000001110, 1.144685041666667624, -2.646981868766404400 ) ) ;
#1656 = LINE ( 'NONE', #3156, #2424 ) ;
#1657 = FACE_BOUND ( 'NONE', #959, .T. ) ;
#1658 = VECTOR ( 'NONE', #2169, 39.37007874015748143 ) ;
#1659 = ORIENTED_EDGE ( 'NONE', *, *, #1180, .T. ) ;
#1660 = DIRECTION ( 'NONE',  ( -0.5000000000000000000, 0.7071067811865474617, -0.5000000000000000000 ) ) ;
#1661 = FACE_OUTER_BOUND ( 'NONE', #561, .T. ) ;
#1662 = AXIS2_PLACEMENT_3D ( 'NONE', #3221, #3581, #3599 ) ;
#1663 = LINE ( 'NONE', #3084, #600 ) ;
#1664 = ORIENTED_EDGE ( 'NONE', *, *, #2323, .T. ) ;
#1665 = DIRECTION ( 'NONE',  ( -0.7071067811865474617, 0.000000000000000000, -0.7071067811865474617 ) ) ;
#1666 = CARTESIAN_POINT ( 'NONE',  ( -0.04166666666666671986, -1.319685041666666558, -2.646981868766404400 ) ) ;
#1667 = LINE ( 'NONE', #3419, #3342 ) ;
#1668 = ORIENTED_EDGE ( 'NONE', *, *, #1513, .F. ) ;
#1669 = ORIENTED_EDGE ( 'NONE', *, *, #2560, .F. ) ;
#1670 = EDGE_CURVE ( 'NONE', #3813, #166, #549, .T. ) ;
#1671 = CARTESIAN_POINT ( 'NONE',  ( -0.3396446609406712502, 1.119685041666666603, -2.646981868766404400 ) ) ;
#1672 = ORIENTED_EDGE ( 'NONE', *, *, #3495, .T. ) ;
#1673 = AXIS2_PLACEMENT_3D ( 'NONE', #705, #2807, #2230 ) ;
#1674 = DIRECTION ( 'NONE',  ( 0.7071067811865464625, 8.659560562354947649E-17, 0.7071067811865486830 ) ) ;
#1675 = PLANE ( 'NONE',  #3170 ) ;
#1676 = PLANE ( 'NONE',  #3699 ) ;
#1677 = EDGE_LOOP ( 'NONE', ( #1967, #2817, #1816, #485 ) ) ;
#1678 = LINE ( 'NONE', #994, #66 ) ;
#1679 = LINE ( 'NONE', #1060, #3364 ) ;
#1680 = VECTOR ( 'NONE', #91, 39.37007874015748143 ) ;
#1681 = CARTESIAN_POINT ( 'NONE',  ( -0.4749999999999990341, -1.061351708333333477, -2.646981868766404400 ) ) ;
#1682 = VERTEX_POINT ( 'NONE', #2672 ) ;
#1683 = LINE ( 'NONE', #3206, #2730 ) ;
#1684 = ADVANCED_FACE ( 'NONE', ( #1177 ), #590, .F. ) ;
#1685 = CARTESIAN_POINT ( 'NONE',  ( -1.362001937246198446, -1.319685041666666558, -1.362001937246199113 ) ) ;
#1686 = FACE_BOUND ( 'NONE', #1831, .T. ) ;
#1687 = ADVANCED_FACE ( 'NONE', ( #1121 ), #2912, .F. ) ;
#1688 = VERTEX_POINT ( 'NONE', #236 ) ;
#1689 = ORIENTED_EDGE ( 'NONE', *, *, #971, .T. ) ;
#1690 = DIRECTION ( 'NONE',  ( 0.000000000000000000, 0.000000000000000000, -1.000000000000000000 ) ) ;
#1691 = EDGE_CURVE ( 'NONE', #343, #3529, #2372, .T. ) ;
#1692 = ORIENTED_EDGE ( 'NONE', *, *, #424, .F. ) ;
#1693 = LINE ( 'NONE', #1779, #11 ) ;
#1694 = PLANE ( 'NONE',  #2295 ) ;
#1695 = FACE_OUTER_BOUND ( 'NONE', #3422, .T. ) ;
#1696 = ADVANCED_FACE ( 'NONE', ( #2080 ), #3855, .T. ) ;
#1697 = ORIENTED_EDGE ( 'NONE', *, *, #1599, .T. ) ;
#1698 = DIRECTION ( 'NONE',  ( -0.5773502691896199579, -0.8164965809277300313, -2.760252689413096306E-15 ) ) ;
#1699 = CARTESIAN_POINT ( 'NONE',  ( -0.1666666666666666574, -1.494685041666666825, 2.771981868766403068 ) ) ;
#1700 = LINE ( 'NONE', #509, #2808 ) ;
#1701 = ORIENTED_EDGE ( 'NONE', *, *, #264, .T. ) ;
#1702 = CARTESIAN_POINT ( 'NONE',  ( 0.000000000000000000, -1.013779527559054872, -2.093409448818897456 ) ) ;
#1703 = LINE ( 'NONE', #3128, #1482 ) ;
#1704 = CARTESIAN_POINT ( 'NONE',  ( -0.1666666666666666574, -1.344685041666666470, 2.521981868766403068 ) ) ;
#1705 = ORIENTED_EDGE ( 'NONE', *, *, #3631, .T. ) ;
#1706 = ORIENTED_EDGE ( 'NONE', *, *, #1404, .F. ) ;
#1707 = CARTESIAN_POINT ( 'NONE',  ( -0.2500000000000000000, 1.144685041666667624, -2.771981868766403956 ) ) ;
#1708 = ORIENTED_EDGE ( 'NONE', *, *, #983, .T. ) ;
#1709 = AXIS2_PLACEMENT_3D ( 'NONE', #3654, #2428, #3635 ) ;
#1710 = EDGE_CURVE ( 'NONE', #305, #1938, #3877, .T. ) ;
#1711 = CARTESIAN_POINT ( 'NONE',  ( -0.1666666666666666852, -1.319685041666666558, 2.736626529707075761 ) ) ;
#1712 = AXIS2_PLACEMENT_3D ( 'NONE', #3245, #2100, #1809 ) ;
#1713 = LINE ( 'NONE', #250, #369 ) ;
#1714 = CARTESIAN_POINT ( 'NONE',  ( -0.1666666666666694885, -1.961738912210667651, -1.649335916328271923 ) ) ;
#1715 = VECTOR ( 'NONE', #2683, 39.37007874015748143 ) ;
#1716 = VERTEX_POINT ( 'NONE', #2706 ) ;
#1717 = ADVANCED_FACE ( 'NONE', ( #2632 ), #2409, .F. ) ;
#1718 = LINE ( 'NONE', #2965, #947 ) ;
#1719 = EDGE_CURVE ( 'NONE', #96, #29, #1143, .T. ) ;
#1720 = DIRECTION ( 'NONE',  ( 0.7071067811865474617, 0.000000000000000000, -0.7071067811865474617 ) ) ;
#1721 = VECTOR ( 'NONE', #38, 39.37007874015748143 ) ;
#1722 = DIRECTION ( 'NONE',  ( 1.000000000000000000, 0.000000000000000000, 0.000000000000000000 ) ) ;
#1723 = ORIENTED_EDGE ( 'NONE', *, *, #3858, .T. ) ;
#1724 = DIRECTION ( 'NONE',  ( -1.000000000000000000, -0.000000000000000000, -0.000000000000000000 ) ) ;
#1725 = EDGE_CURVE ( 'NONE', #2749, #229, #2351, .T. ) ;
#1726 = VECTOR ( 'NONE', #986, 39.37007874015748143 ) ;
#1727 = LINE ( 'NONE', #593, #3489 ) ;
#1728 = CONICAL_SURFACE ( 'NONE', #20, 0.1310000000000000608, 0.7853981633974498333 ) ;
#1729 = CARTESIAN_POINT ( 'NONE',  ( -0.2999999999999999889, 0.6854927497461986707, -0.6854927497461994479 ) ) ;
#1730 = EDGE_LOOP ( 'NONE', ( #1151, #832, #780, #867 ) ) ;
#1731 = ORIENTED_EDGE ( 'NONE', *, *, #298, .T. ) ;
#1732 = CARTESIAN_POINT ( 'NONE',  ( 0.000000000000000000, 1.013779527559054872, 2.224409448818897683 ) ) ;
#1733 = EDGE_CURVE ( 'NONE', #3266, #3388, #2038, .T. ) ;
#1734 = VERTEX_POINT ( 'NONE', #3283 ) ;
#1735 = CARTESIAN_POINT ( 'NONE',  ( -0.2999999999999999889, -0.7854927497461990926, 0.7854927497461998698 ) ) ;
#1736 = DIRECTION ( 'NONE',  ( -0.000000000000000000, -0.000000000000000000, 1.000000000000000000 ) ) ;
#1737 = LINE ( 'NONE', #2367, #351 ) ;
#1738 = EDGE_CURVE ( 'NONE', #1423, #2447, #3537, .T. ) ;
#1739 = ORIENTED_EDGE ( 'NONE', *, *, #2075, .T. ) ;
#1740 = LINE ( 'NONE', #2036, #573 ) ;
#1741 = DIRECTION ( 'NONE',  ( 0.000000000000000000, 0.000000000000000000, 1.000000000000000000 ) ) ;
#1742 = DIRECTION ( 'NONE',  ( 0.7071067811865471286, 0.000000000000000000, 0.7071067811865479058 ) ) ;
#1743 = AXIS2_PLACEMENT_3D ( 'NONE', #727, #3458, #2550 ) ;
#1744 = EDGE_CURVE ( 'NONE', #419, #343, #2391, .T. ) ;
#1745 = ADVANCED_FACE ( 'NONE', ( #609 ), #216, .F. ) ;
#1746 = DIRECTION ( 'NONE',  ( -0.7071067811865474617, 0.000000000000000000, -0.7071067811865474617 ) ) ;
#1747 = ORIENTED_EDGE ( 'NONE', *, *, #1568, .F. ) ;
#1748 = VECTOR ( 'NONE', #1015, 39.37007874015748143 ) ;
#1749 = DIRECTION ( 'NONE',  ( 1.000000000000000000, 0.000000000000000000, 0.000000000000000000 ) ) ;
#1750 = LINE ( 'NONE', #1791, #1806 ) ;
#1751 = DIRECTION ( 'NONE',  ( -0.000000000000000000, 1.000000000000000000, -0.000000000000000000 ) ) ;
#1752 = ADVANCED_FACE ( 'NONE', ( #1786 ), #1485, .F. ) ;
#1753 = ORIENTED_EDGE ( 'NONE', *, *, #70, .F. ) ;
#1754 = EDGE_LOOP ( 'NONE', ( #466, #1185 ) ) ;
#1755 = CARTESIAN_POINT ( 'NONE',  ( -0.1250000000000000555, 1.294685041666666869, -2.646981868766404400 ) ) ;
#1756 = ORIENTED_EDGE ( 'NONE', *, *, #2691, .T. ) ;
#1757 = CARTESIAN_POINT ( 'NONE',  ( -0.3333333299999999833, -1.369685041666667047, 2.170315202099737384 ) ) ;
#1758 = LINE ( 'NONE', #1155, #2087 ) ;
#1759 = DIRECTION ( 'NONE',  ( -0.000000000000000000, -0.7071067811865477948, 0.7071067811865472397 ) ) ;
#1760 = EDGE_CURVE ( 'NONE', #2276, #2749, #1502, .T. ) ;
#1761 = EDGE_LOOP ( 'NONE', ( #2831, #3153, #901, #35 ) ) ;
#1762 = CARTESIAN_POINT ( 'NONE',  ( -0.5000000000000000000, -1.369685041666667047, 2.480315202099737437 ) ) ;
#1763 = VECTOR ( 'NONE', #2366, 39.37007874015748854 ) ;
#1764 = EDGE_CURVE ( 'NONE', #2035, #403, #119, .T. ) ;
#1765 = FACE_OUTER_BOUND ( 'NONE', #3453, .T. ) ;
#1766 = DIRECTION ( 'NONE',  ( 0.000000000000000000, -0.7071067811865490160, 0.7071067811865459074 ) ) ;
#1767 = ADVANCED_FACE ( 'NONE', ( #3759 ), #3717, .F. ) ;
#1768 = ORIENTED_EDGE ( 'NONE', *, *, #3601, .T. ) ;
#1769 = PLANE ( 'NONE',  #1016 ) ;
#1770 = PLANE ( 'NONE',  #283 ) ;
#1771 = PRESENTATION_LAYER_ASSIGNMENT (  '', '', ( #880 ) ) ;
#1772 = FACE_OUTER_BOUND ( 'NONE', #2959, .T. ) ;
#1773 = AXIS2_PLACEMENT_3D ( 'NONE', #2438, #3645, #2140 ) ;
#1774 = ORIENTED_EDGE ( 'NONE', *, *, #643, .F. ) ;
#1775 = ORIENTED_EDGE ( 'NONE', *, *, #3356, .T. ) ;
#1776 = ADVANCED_FACE ( 'NONE', ( #1981 ), #2530, .T. ) ;
#1777 = DIRECTION ( 'NONE',  ( 0.000000000000000000, 0.7071067811865479058, 0.7071067811865471286 ) ) ;
#1778 = EDGE_LOOP ( 'NONE', ( #60, #2339, #1287, #2557 ) ) ;
#1779 = CARTESIAN_POINT ( 'NONE',  ( -0.1843443361963303384, -1.519685041666666736, -2.504304199236740747 ) ) ;
#1780 = LINE ( 'NONE', #3005, #1237 ) ;
#1781 = DIRECTION ( 'NONE',  ( 0.000000000000000000, 0.7071067811865459074, 0.7071067811865491270 ) ) ;
#1782 = ORIENTED_EDGE ( 'NONE', *, *, #2777, .F. ) ;
#1783 = LINE ( 'NONE', #191, #3861 ) ;
#1784 = CARTESIAN_POINT ( 'NONE',  ( 0.000000000000000000, 1.013779527559054872, 2.224409448818897683 ) ) ;
#1785 = AXIS2_PLACEMENT_3D ( 'NONE', #642, #1191, #924 ) ;
#1786 = FACE_OUTER_BOUND ( 'NONE', #1962, .T. ) ;
#1787 = AXIS2_PLACEMENT_3D ( 'NONE', #1023, #472, #749 ) ;
#1788 = ADVANCED_FACE ( 'NONE', ( #3460 ), #1316, .F. ) ;
#1789 = EDGE_LOOP ( 'NONE', ( #796, #853, #952, #728 ) ) ;
#1790 = DIRECTION ( 'NONE',  ( -1.000000000000000000, 0.000000000000000000, 0.000000000000000000 ) ) ;
#1791 = CARTESIAN_POINT ( 'NONE',  ( -0.3249999999999985123, -1.186351708333333699, -2.521981868766404400 ) ) ;
#1792 = DIRECTION ( 'NONE',  ( 0.000000000000000000, -2.045842238925358179E-15, -1.000000000000000000 ) ) ;
#1793 = VECTOR ( 'NONE', #2314, 39.37007874015748143 ) ;
#1794 = ORIENTED_EDGE ( 'NONE', *, *, #1318, .F. ) ;
#1795 = ORIENTED_EDGE ( 'NONE', *, *, #2853, .F. ) ;
#1796 = CIRCLE ( 'NONE', #520, 0.1097500000000001114 ) ;
#1797 = CARTESIAN_POINT ( 'NONE',  ( -0.2999999999999999889, 0.6854927497461986707, -0.6854927497461994479 ) ) ;
#1798 = VECTOR ( 'NONE', #3263, 39.37007874015748143 ) ;
#1799 = EDGE_CURVE ( 'NONE', #3802, #2522, #1298, .T. ) ;
#1800 = ADVANCED_FACE ( 'NONE', ( #3440 ), #101, .F. ) ;
#1801 = EDGE_LOOP ( 'NONE', ( #3480, #3391, #1069, #3212 ) ) ;
#1802 = LINE ( 'NONE', #3036, #2723 ) ;
#1803 = CARTESIAN_POINT ( 'NONE',  ( -0.04624999999999995087, 1.013779527559054872, 2.309159448818897342 ) ) ;
#1804 = CARTESIAN_POINT ( 'NONE',  ( -0.5000000000000000000, -1.269685041666666958, 2.480315202099737437 ) ) ;
#1805 = EDGE_CURVE ( 'NONE', #3357, #1569, #2232, .T. ) ;
#1806 = VECTOR ( 'NONE', #3225, 39.37007874015748143 ) ;
#1807 = PLANE ( 'NONE',  #2783 ) ;
#1808 = LINE ( 'NONE', #2947, #2858 ) ;
#1809 = DIRECTION ( 'NONE',  ( 0.7071067811865487940, 0.000000000000000000, -0.7071067811865461294 ) ) ;
#1810 = VERTEX_POINT ( 'NONE', #2845 ) ;
#1811 = CARTESIAN_POINT ( 'NONE',  ( 0.000000000000000000, -1.013779527559054872, -2.224409448818897683 ) ) ;
#1812 = LINE ( 'NONE', #813, #2734 ) ;
#1813 = PRODUCT_DEFINITION_FORMATION_WITH_SPECIFIED_SOURCE ( 'ANY', '', #1574, .NOT_KNOWN. ) ;
#1814 = CARTESIAN_POINT ( 'NONE',  ( -0.1666666666666666574, -1.344685041666666470, 2.521981868766403068 ) ) ;
#1815 = EDGE_CURVE ( 'NONE', #3545, #2938, #707, .T. ) ;
#1816 = ORIENTED_EDGE ( 'NONE', *, *, #1204, .T. ) ;
#1817 = DIRECTION ( 'NONE',  ( 0.5000000000000054401, 0.7071067811865398012, 0.5000000000000054401 ) ) ;
#1818 = ORIENTED_EDGE ( 'NONE', *, *, #3090, .F. ) ;
#1819 = PLANE ( 'NONE',  #1327 ) ;
#1820 = DIRECTION ( 'NONE',  ( 0.7071067811865431318, 0.5000000000000025535, 0.5000000000000036637 ) ) ;
#1821 = DIRECTION ( 'NONE',  ( 0.000000000000000000, -1.000000000000000000, 0.000000000000000000 ) ) ;
#1822 = CARTESIAN_POINT ( 'NONE',  ( -0.2499999999999998890, 1.119685041666666603, 2.557337207825731706 ) ) ;
#1823 = DIRECTION ( 'NONE',  ( 1.000000000000000000, 0.000000000000000000, 0.000000000000000000 ) ) ;
#1824 = CARTESIAN_POINT ( 'NONE',  ( 0.5775143861094369502, -0.1649963767394563019, 2.646981868766409729 ) ) ;
#1825 = EDGE_CURVE ( 'NONE', #615, #1294, #1919, .T. ) ;
#1826 = APPLICATION_PROTOCOL_DEFINITION ( 'draft international standard', 'automotive_design', 1998, #1093 ) ;
#1827 = ORIENTED_EDGE ( 'NONE', *, *, #2234, .T. ) ;
#1828 = LINE ( 'NONE', #3065, #1658 ) ;
#1829 = LINE ( 'NONE', #356, #1975 ) ;
#1830 = CARTESIAN_POINT ( 'NONE',  ( -0.1000000000000000056, -1.002621634558672925, 2.024409448818897506 ) ) ;
#1831 = EDGE_LOOP ( 'NONE', ( #2217, #1990 ) ) ;
#1832 = VECTOR ( 'NONE', #1881, 39.37007874015748143 ) ;
#1833 = DIRECTION ( 'NONE',  ( 0.000000000000000000, 0.7071067811865479058, -0.7071067811865471286 ) ) ;
#1834 = AXIS2_PLACEMENT_3D ( 'NONE', #1850, #1817, #1203 ) ;
#1835 = ORIENTED_EDGE ( 'NONE', *, *, #479, .T. ) ;
#1836 = CARTESIAN_POINT ( 'NONE',  ( 0.000000000000000000, -1.013779527559054872, 2.093409448818897456 ) ) ;
#1837 = DIRECTION ( 'NONE',  ( 1.000000000000000000, 0.000000000000000000, 0.000000000000000000 ) ) ;
#1838 = DIRECTION ( 'NONE',  ( 0.000000000000000000, 0.7071067811865459074, -0.7071067811865491270 ) ) ;
#1839 = CARTESIAN_POINT ( 'NONE',  ( -0.1000000000000000056, -0.8137792883858270265, 2.480315202099737437 ) ) ;
#1840 = EDGE_LOOP ( 'NONE', ( #3025, #3027, #1145, #631 ) ) ;
#1841 = EDGE_CURVE ( 'NONE', #2158, #1590, #3127, .T. ) ;
#1842 = EDGE_LOOP ( 'NONE', ( #3347, #3764, #3362, #1896 ) ) ;
#1843 = CARTESIAN_POINT ( 'NONE',  ( -0.1603553390593281114, 1.119685041666666603, -2.646981868766403512 ) ) ;
#1844 = VECTOR ( 'NONE', #384, 39.37007874015748143 ) ;
#1845 = LINE ( 'NONE', #3392, #2801 ) ;
#1846 = AXIS2_PLACEMENT_3D ( 'NONE', #380, #2147, #3350 ) ;
#1847 = DIRECTION ( 'NONE',  ( 0.5773502691896281735, 5.897085571576255073E-15, -0.8164965809277242581 ) ) ;
#1848 = VECTOR ( 'NONE', #2073, 39.37007874015748854 ) ;
#1849 = ORIENTED_EDGE ( 'NONE', *, *, #1516, .T. ) ;
#1850 = CARTESIAN_POINT ( 'NONE',  ( -0.2500000000000000000, 1.294685041666666869, -2.771981868766403956 ) ) ;
#1851 = AXIS2_PLACEMENT_3D ( 'NONE', #3879, #1164, #354 ) ;
#1852 = ORIENTED_EDGE ( 'NONE', *, *, #386, .F. ) ;
#1853 = ORIENTED_EDGE ( 'NONE', *, *, #3644, .T. ) ;
#1854 = CARTESIAN_POINT ( 'NONE',  ( -0.2499999999999999167, 1.294685041666666869, -2.771981868766403956 ) ) ;
#1855 = CARTESIAN_POINT ( 'NONE',  ( 0.000000000000000000, -1.013779527559054872, -2.355409448818897467 ) ) ;
#1856 = LINE ( 'NONE', #33, #634 ) ;
#1857 = AXIS2_PLACEMENT_3D ( 'NONE', #1462, #235, #2966 ) ;
#1858 = FACE_OUTER_BOUND ( 'NONE', #2068, .T. ) ;
#1859 = EDGE_LOOP ( 'NONE', ( #858, #532, #1168, #2020 ) ) ;
#1860 = ORIENTED_EDGE ( 'NONE', *, *, #2005, .T. ) ;
#1861 = CARTESIAN_POINT ( 'NONE',  ( -0.5000000000000000000, 0.8104927497462010022, -0.8104927497462028896 ) ) ;
#1862 = ORIENTED_EDGE ( 'NONE', *, *, #3427, .T. ) ;
#1863 = DIRECTION ( 'NONE',  ( -1.000000000000000000, 0.000000000000000000, -0.000000000000000000 ) ) ;
#1864 = EDGE_CURVE ( 'NONE', #662, #3091, #1683, .T. ) ;
#1865 = ORIENTED_EDGE ( 'NONE', *, *, #2286, .T. ) ;
#1866 = CARTESIAN_POINT ( 'NONE',  ( -0.2999999999999999889, -1.186351708333333033, 2.771981868766404844 ) ) ;
#1867 = ADVANCED_FACE ( 'NONE', ( #1958 ), #3165, .F. ) ;
#1868 = EDGE_LOOP ( 'NONE', ( #2313, #2601, #1171, #626 ) ) ;
#1869 = ORIENTED_EDGE ( 'NONE', *, *, #1200, .F. ) ;
#1870 = VECTOR ( 'NONE', #1537, 39.37007874015748854 ) ;
#1871 = LINE ( 'NONE', #604, #2257 ) ;
#1872 = LINE ( 'NONE', #3076, #2469 ) ;
#1873 = ADVANCED_FACE ( 'NONE', ( #2002 ), #432, .T. ) ;
#1874 = DIRECTION ( 'NONE',  ( 0.7071067811865474617, -0.5000000000000003331, 0.4999999999999998335 ) ) ;
#1875 = CARTESIAN_POINT ( 'NONE',  ( -0.2499999999999999722, 1.294685041666666869, 2.521981868766403956 ) ) ;
#1876 = ORIENTED_EDGE ( 'NONE', *, *, #1259, .F. ) ;
#1877 = CARTESIAN_POINT ( 'NONE',  ( 0.8309792857714761727, -1.961738912210664321, 2.646981868766405288 ) ) ;
#1878 = DIRECTION ( 'NONE',  ( 1.000000000000000000, -0.000000000000000000, -0.000000000000000000 ) ) ;
#1879 = PLANE ( 'NONE',  #2120 ) ;
#1880 = ORIENTED_EDGE ( 'NONE', *, *, #866, .T. ) ;
#1881 = DIRECTION ( 'NONE',  ( 1.000000000000000000, 0.000000000000000000, 0.000000000000000000 ) ) ;
#1882 = ORIENTED_EDGE ( 'NONE', *, *, #148, .F. ) ;
#1883 = EDGE_LOOP ( 'NONE', ( #1645, #1753, #72, #2761, #2015, #1986, #104, #3878, #2892, #2052 ) ) ;
#1884 = CARTESIAN_POINT ( 'NONE',  ( -0.1666666666666666297, -1.494685041666666825, -2.771981868766403956 ) ) ;
#1885 = DIRECTION ( 'NONE',  ( 1.000000000000000000, -0.000000000000000000, -0.000000000000000000 ) ) ;
#1886 = ORIENTED_EDGE ( 'NONE', *, *, #3337, .F. ) ;
#1887 = VECTOR ( 'NONE', #1184, 39.37007874015748143 ) ;
#1888 = DIRECTION ( 'NONE',  ( 0.000000000000000000, 0.000000000000000000, -1.000000000000000000 ) ) ;
#1889 = CARTESIAN_POINT ( 'NONE',  ( 0.000000000000000000, -1.013779527559054872, -2.355409448818897467 ) ) ;
#1890 = ORIENTED_EDGE ( 'NONE', *, *, #1456, .F. ) ;
#1891 = DIRECTION ( 'NONE',  ( -0.8164965809277276998, 0.5773502691896232886, -2.247462639710805128E-15 ) ) ;
#1892 = EDGE_LOOP ( 'NONE', ( #1311, #1598, #3825, #2621 ) ) ;
#1893 = PLANE ( 'NONE',  #2300 ) ;
#1894 = LINE ( 'NONE', #3103, #657 ) ;
#1895 = AXIS2_PLACEMENT_3D ( 'NONE', #2862, #2267, #3474 ) ;
#1896 = ORIENTED_EDGE ( 'NONE', *, *, #3022, .T. ) ;
#1897 = VECTOR ( 'NONE', #3600, 39.37007874015748143 ) ;
#1898 = AXIS2_PLACEMENT_3D ( 'NONE', #902, #3018, #582 ) ;
#1899 = CARTESIAN_POINT ( 'NONE',  ( -0.1000000000000000056, 1.269685041666666958, -2.480315202099737437 ) ) ;
#1900 = ADVANCED_FACE ( 'NONE', ( #2552 ), #1646, .T. ) ;
#1901 = VERTEX_POINT ( 'NONE', #1364 ) ;
#1902 = ORIENTED_EDGE ( 'NONE', *, *, #2745, .T. ) ;
#1903 = CARTESIAN_POINT ( 'NONE',  ( -0.3333333299999999833, -1.369685041666667047, 2.325315202099737633 ) ) ;
#1904 = VECTOR ( 'NONE', #2082, 39.37007874015748854 ) ;
#1905 = DIRECTION ( 'NONE',  ( 0.7071067811865474617, 0.000000000000000000, 0.7071067811865474617 ) ) ;
#1906 = EDGE_CURVE ( 'NONE', #1039, #644, #2571, .T. ) ;
#1907 = EDGE_LOOP ( 'NONE', ( #1944, #2902, #676, #2374 ) ) ;
#1908 = VECTOR ( 'NONE', #3749, 39.37007874015748143 ) ;
#1909 = DIRECTION ( 'NONE',  ( 0.000000000000000000, 0.7071067811865479058, -0.7071067811865471286 ) ) ;
#1910 = AXIS2_PLACEMENT_3D ( 'NONE', #1666, #730, #162 ) ;
#1911 = CARTESIAN_POINT ( 'NONE',  ( 0.000000000000000000, 1.269685041666666958, 2.024409448818897506 ) ) ;
#1912 = DIRECTION ( 'NONE',  ( -0.000000000000000000, 1.000000000000000000, -0.000000000000000000 ) ) ;
#1913 = ADVANCED_FACE ( 'NONE', ( #3799 ), #2654, .F. ) ;
#1914 = ORIENTED_EDGE ( 'NONE', *, *, #1500, .F. ) ;
#1915 = CARTESIAN_POINT ( 'NONE',  ( -0.2999999999999999889, -1.186351708333333699, -2.521981868766404400 ) ) ;
#1916 = DIRECTION ( 'NONE',  ( 0.000000000000000000, 0.000000000000000000, 1.000000000000000000 ) ) ;
#1917 = LINE ( 'NONE', #3394, #288 ) ;
#1918 = ORIENTED_EDGE ( 'NONE', *, *, #2900, .T. ) ;
#1919 = LINE ( 'NONE', #1702, #2212 ) ;
#1920 = DIRECTION ( 'NONE',  ( 0.000000000000000000, 0.7071067811865471286, 0.7071067811865479058 ) ) ;
#1921 = LINE ( 'NONE', #122, #3030 ) ;
#1922 = EDGE_CURVE ( 'NONE', #1371, #229, #812, .T. ) ;
#1923 = ORIENTED_EDGE ( 'NONE', *, *, #598, .F. ) ;
#1924 = ORIENTED_EDGE ( 'NONE', *, *, #123, .F. ) ;
#1925 = AXIS2_PLACEMENT_3D ( 'NONE', #159, #1361, #1937 ) ;
#1926 = CARTESIAN_POINT ( 'NONE',  ( -0.1000000000000000056, 1.013779527559054872, -2.309159448818897342 ) ) ;
#1927 = CARTESIAN_POINT ( 'NONE',  ( -0.3270220057259940472, -1.519685041666666736, 2.646981868766403068 ) ) ;
#1928 = ORIENTED_EDGE ( 'NONE', *, *, #41, .F. ) ;
#1929 = AXIS2_PLACEMENT_3D ( 'NONE', #293, #1480, #1117 ) ;
#1930 = CARTESIAN_POINT ( 'NONE',  ( -0.3333333299999999833, -1.369685041666667047, 2.435065202099737647 ) ) ;
#1931 = CARTESIAN_POINT ( 'NONE',  ( 0.5775143861094329534, 0.9863517083333426250, 1.495633783693610663 ) ) ;
#1932 = CARTESIAN_POINT ( 'NONE',  ( -0.2499999999999976130, 1.781380767243627927, 1.621558138550472483 ) ) ;
#1933 = ORIENTED_EDGE ( 'NONE', *, *, #2612, .F. ) ;
#1934 = CARTESIAN_POINT ( 'NONE',  ( -0.5000000000000000000, 0.8259963692740034391, 2.646981868766404400 ) ) ;
#1935 = EDGE_CURVE ( 'NONE', #777, #655, #2103, .T. ) ;
#1936 = CARTESIAN_POINT ( 'NONE',  ( -0.1000000000000000056, 1.002621634558673147, -2.024409448818896173 ) ) ;
#1937 = DIRECTION ( 'NONE',  ( 0.000000000000000000, -0.7071067811865490160, -0.7071067811865459074 ) ) ;
#1938 = VERTEX_POINT ( 'NONE', #2635 ) ;
#1939 = CARTESIAN_POINT ( 'NONE',  ( -0.2500000000000000000, 1.294685041666666869, -2.521981868766404400 ) ) ;
#1940 = LINE ( 'NONE', #3441, #3304 ) ;
#1941 = DIRECTION ( 'NONE',  ( 0.7071067811865455743, -0.5000000000000025535, 0.5000000000000002220 ) ) ;
#1942 = ORIENTED_EDGE ( 'NONE', *, *, #917, .F. ) ;
#1943 = VECTOR ( 'NONE', #3093, 39.37007874015748854 ) ;
#1944 = ORIENTED_EDGE ( 'NONE', *, *, #460, .F. ) ;
#1945 = LINE ( 'NONE', #149, #1908 ) ;
#1946 = VERTEX_POINT ( 'NONE', #220 ) ;
#1947 = CARTESIAN_POINT ( 'NONE',  ( -0.2999999999999999889, -1.061351708333333033, 2.646981868766404400 ) ) ;
#1948 = MECHANICAL_DESIGN_GEOMETRIC_PRESENTATION_REPRESENTATION (  '', ( #880 ), #54 ) ;
#1949 = LINE ( 'NONE', #171, #212 ) ;
#1950 = DIRECTION ( 'NONE',  ( -2.019110820702748885E-15, -0.5773502691896198469, 0.8164965809277302533 ) ) ;
#1951 = AXIS2_PLACEMENT_3D ( 'NONE', #406, #1792, #3902 ) ;
#1952 = ORIENTED_EDGE ( 'NONE', *, *, #2308, .F. ) ;
#1953 = DIRECTION ( 'NONE',  ( -1.000000000000000000, -0.000000000000000000, -0.000000000000000000 ) ) ;
#1954 = CARTESIAN_POINT ( 'NONE',  ( -0.4749999999999990341, -1.311351708333333699, -2.646981868766404400 ) ) ;
#1955 = EDGE_CURVE ( 'NONE', #1946, #1938, #3287, .T. ) ;
#1956 = PLANE ( 'NONE',  #2433 ) ;
#1957 = VERTEX_POINT ( 'NONE', #3306 ) ;
#1958 = FACE_OUTER_BOUND ( 'NONE', #1883, .T. ) ;
#1959 = LINE ( 'NONE', #793, #594 ) ;
#1960 = CARTESIAN_POINT ( 'NONE',  ( -0.1666666666666667962, -1.319685041666666558, 2.557337207825730818 ) ) ;
#1961 = VERTEX_POINT ( 'NONE', #2908 ) ;
#1962 = EDGE_LOOP ( 'NONE', ( #597, #1377, #1600, #2400 ) ) ;
#1963 = CIRCLE ( 'NONE', #2981, 0.08474999999999996425 ) ;
#1964 = CARTESIAN_POINT ( 'NONE',  ( 0.000000000000000000, 1.013779527559054872, -2.355409448818897467 ) ) ;
#1965 = AXIS2_PLACEMENT_3D ( 'NONE', #1044, #2507, #161 ) ;
#1966 = EDGE_LOOP ( 'NONE', ( #316, #30, #2379, #1167 ) ) ;
#1967 = ORIENTED_EDGE ( 'NONE', *, *, #1614, .F. ) ;
#1968 = VECTOR ( 'NONE', #2402, 39.37007874015748143 ) ;
#1969 = LINE ( 'NONE', #737, #3609 ) ;
#1970 = EDGE_CURVE ( 'NONE', #1625, #1569, #2355, .T. ) ;
#1971 = CARTESIAN_POINT ( 'NONE',  ( -0.1000000000000000056, -0.8137792883858270265, 2.213251794991744070 ) ) ;
#1972 = LINE ( 'NONE', #1714, #2494 ) ;
#1973 = AXIS2_PLACEMENT_3D ( 'NONE', #1811, #1523, #1252 ) ;
#1974 = ORIENTED_EDGE ( 'NONE', *, *, #1247, .F. ) ;
#1975 = VECTOR ( 'NONE', #58, 39.37007874015748143 ) ;
#1976 = PLANE ( 'NONE',  #2472 ) ;
#1977 = LINE ( 'NONE', #3737, #2796 ) ;
#1978 = VECTOR ( 'NONE', #1823, 39.37007874015748143 ) ;
#1979 = LINE ( 'NONE', #551, #1549 ) ;
#1980 = ORIENTED_EDGE ( 'NONE', *, *, #1397, .T. ) ;
#1981 = FACE_OUTER_BOUND ( 'NONE', #1452, .T. ) ;
#1982 = DIRECTION ( 'NONE',  ( 0.7071067811865441310, -0.5000000000000013323, -0.5000000000000035527 ) ) ;
#1983 = EDGE_CURVE ( 'NONE', #3711, #2924, #854, .T. ) ;
#1984 = FACE_OUTER_BOUND ( 'NONE', #2151, .T. ) ;
#1985 = VECTOR ( 'NONE', #261, 39.37007874015748143 ) ;
#1986 = ORIENTED_EDGE ( 'NONE', *, *, #3621, .F. ) ;
#1987 = VERTEX_POINT ( 'NONE', #1425 ) ;
#1988 = EDGE_CURVE ( 'NONE', #1946, #644, #2995, .T. ) ;
#1989 = FACE_OUTER_BOUND ( 'NONE', #1274, .T. ) ;
#1990 = ORIENTED_EDGE ( 'NONE', *, *, #2605, .F. ) ;
#1991 = VECTOR ( 'NONE', #1644, 39.37007874015748143 ) ;
#1992 = CARTESIAN_POINT ( 'NONE',  ( -0.04624999999999995087, -1.013779527559054872, 2.139659448818897580 ) ) ;
#1993 = CARTESIAN_POINT ( 'NONE',  ( -0.2500000000000000555, 1.119685041666666603, 2.736626529707077093 ) ) ;
#1994 = LINE ( 'NONE', #1932, #2375 ) ;
#1995 = VERTEX_POINT ( 'NONE', #1182 ) ;
#1996 = DIRECTION ( 'NONE',  ( -0.000000000000000000, -0.000000000000000000, 1.000000000000000000 ) ) ;
#1997 = LINE ( 'NONE', #427, #2543 ) ;
#1998 = AXIS2_PLACEMENT_3D ( 'NONE', #423, #720, #2545 ) ;
#1999 = EDGE_CURVE ( 'NONE', #2195, #1320, #3899, .T. ) ;
#2000 = DIRECTION ( 'NONE',  ( 0.000000000000000000, -0.7071067811865483499, -0.7071067811865466846 ) ) ;
#2001 = ORIENTED_EDGE ( 'NONE', *, *, #2618, .T. ) ;
#2002 = FACE_OUTER_BOUND ( 'NONE', #1072, .T. ) ;
#2003 = CARTESIAN_POINT ( 'NONE',  ( -0.5000000000000000000, 0.6501374106868718084, -0.6501374106868725855 ) ) ;
#2004 = CARTESIAN_POINT ( 'NONE',  ( -0.2999999999999999889, -1.096707047392660783, 2.646981868766404844 ) ) ;
#2005 = EDGE_CURVE ( 'NONE', #1049, #3372, #2021, .T. ) ;
#2006 = ORIENTED_EDGE ( 'NONE', *, *, #3539, .F. ) ;
#2007 = ORIENTED_EDGE ( 'NONE', *, *, #3601, .F. ) ;
#2008 = CARTESIAN_POINT ( 'NONE',  ( -0.1666666666666666574, -1.319685041666666558, 2.521981868766403068 ) ) ;
#2009 = ORIENTED_EDGE ( 'NONE', *, *, #950, .F. ) ;
#2010 = LINE ( 'NONE', #2643, #1529 ) ;
#2011 = DIRECTION ( 'NONE',  ( -0.7071067811865473507, 0.000000000000000000, -0.7071067811865476838 ) ) ;
#2012 = CARTESIAN_POINT ( 'NONE',  ( -0.04166666666666682395, -1.494685041666666825, 2.646981868766403512 ) ) ;
#2013 = EDGE_CURVE ( 'NONE', #3630, #203, #572, .T. ) ;
#2014 = VECTOR ( 'NONE', #1777, 39.37007874015748143 ) ;
#2015 = ORIENTED_EDGE ( 'NONE', *, *, #1373, .F. ) ;
#2016 = CARTESIAN_POINT ( 'NONE',  ( -0.04166666666666671986, -1.494685041666666825, -2.646981868766404400 ) ) ;
#2017 = DIRECTION ( 'NONE',  ( 1.000000000000000000, -0.000000000000000000, -0.000000000000000000 ) ) ;
#2018 = VECTOR ( 'NONE', #1617, 39.37007874015748143 ) ;
#2019 = DIRECTION ( 'NONE',  ( -0.000000000000000000, -1.000000000000000000, -0.000000000000000000 ) ) ;
#2020 = ORIENTED_EDGE ( 'NONE', *, *, #2183, .T. ) ;
#2021 = LINE ( 'NONE', #1446, #1267 ) ;
#2022 = PLANE ( 'NONE',  #2288 ) ;
#2023 = CARTESIAN_POINT ( 'NONE',  ( -0.4749999999999995892, -1.186351708333333033, 2.521981868766404844 ) ) ;
#2024 = ORIENTED_EDGE ( 'NONE', *, *, #1632, .T. ) ;
#2025 = ORIENTED_EDGE ( 'NONE', *, *, #1103, .F. ) ;
#2026 = CYLINDRICAL_SURFACE ( 'NONE', #2707, 0.08474999999999996425 ) ;
#2027 = ORIENTED_EDGE ( 'NONE', *, *, #2013, .F. ) ;
#2028 = CIRCLE ( 'NONE', #2780, 0.08474999999999996425 ) ;
#2029 = DIRECTION ( 'NONE',  ( 0.000000000000000000, -0.7071067811865479058, 0.7071067811865471286 ) ) ;
#2030 = AXIS2_PLACEMENT_3D ( 'NONE', #3582, #529, #889 ) ;
#2031 = CARTESIAN_POINT ( 'NONE',  ( 1.195335270579531706, -1.319685041666666558, -1.195335270579531262 ) ) ;
#2032 = ADVANCED_FACE ( 'NONE', ( #3224 ), #3541, .F. ) ;
#2033 = DIRECTION ( 'NONE',  ( 0.000000000000000000, -0.000000000000000000, 1.000000000000000000 ) ) ;
#2034 = AXIS2_PLACEMENT_3D ( 'NONE', #937, #2145, #2757 ) ;
#2035 = VERTEX_POINT ( 'NONE', #3267 ) ;
#2036 = CARTESIAN_POINT ( 'NONE',  ( -0.1000000000000000056, 0.8137792883858268045, -2.213251794991743626 ) ) ;
#2037 = CARTESIAN_POINT ( 'NONE',  ( -0.04624999999999995087, -1.013779527559054872, 2.224409448818897683 ) ) ;
#2038 = LINE ( 'NONE', #1824, #445 ) ;
#2039 = EDGE_CURVE ( 'NONE', #289, #340, #833, .T. ) ;
#2040 = AXIS2_PLACEMENT_3D ( 'NONE', #2827, #3742, #1342 ) ;
#2041 = DIRECTION ( 'NONE',  ( -0.8164965809277251463, 0.5773502691896268413, -6.734375574605763996E-15 ) ) ;
#2042 = ORIENTED_EDGE ( 'NONE', *, *, #3675, .F. ) ;
#2043 = CARTESIAN_POINT ( 'NONE',  ( -0.1073223304703361802, 1.319685041666666558, 2.629304199236740747 ) ) ;
#2044 = DIRECTION ( 'NONE',  ( -0.000000000000000000, 1.000000000000000000, -0.000000000000000000 ) ) ;
#2045 = AXIS2_PLACEMENT_3D ( 'NONE', #568, #850, #254 ) ;
#2046 = LINE ( 'NONE', #835, #1577 ) ;
#2047 = EDGE_CURVE ( 'NONE', #2348, #29, #2394, .T. ) ;
#2048 = ORIENTED_EDGE ( 'NONE', *, *, #285, .F. ) ;
#2049 = ORIENTED_EDGE ( 'NONE', *, *, #2318, .F. ) ;
#2050 = LINE ( 'NONE', #1707, #3214 ) ;
#2051 = EDGE_CURVE ( 'NONE', #3905, #1017, #3819, .T. ) ;
#2052 = ORIENTED_EDGE ( 'NONE', *, *, #3144, .T. ) ;
#2053 = DIRECTION ( 'NONE',  ( 0.000000000000000000, 0.000000000000000000, -1.000000000000000000 ) ) ;
#2054 = DIRECTION ( 'NONE',  ( 0.7071067811865537900, -0.4999999999999953371, -0.4999999999999958922 ) ) ;
#2055 = PLANE ( 'NONE',  #2064 ) ;
#2056 = ADVANCED_FACE ( 'NONE', ( #3248 ), #1769, .T. ) ;
#2057 = ORIENTED_EDGE ( 'NONE', *, *, #1162, .T. ) ;
#2058 = CARTESIAN_POINT ( 'NONE',  ( -1.135255487677225394, -0.2845225913270436613, 2.646981868766400403 ) ) ;
#2059 = CARTESIAN_POINT ( 'NONE',  ( -1.451646598186872028, -1.319685041666666558, -1.451646598186872916 ) ) ;
#2060 = CARTESIAN_POINT ( 'NONE',  ( -0.5000000000000000000, 0.8104927497461968944, 0.8104927497461932306 ) ) ;
#2061 = FACE_OUTER_BOUND ( 'NONE', #1966, .T. ) ;
#2062 = EDGE_CURVE ( 'NONE', #144, #2162, #512, .T. ) ;
#2063 = VERTEX_POINT ( 'NONE', #260 ) ;
#2064 = AXIS2_PLACEMENT_3D ( 'NONE', #605, #906, #2326 ) ;
#2065 = DIRECTION ( 'NONE',  ( -0.000000000000000000, -1.000000000000000000, -0.000000000000000000 ) ) ;
#2066 = DIRECTION ( 'NONE',  ( -0.7071067811865465735, 0.000000000000000000, 0.7071067811865484609 ) ) ;
#2067 = FACE_BOUND ( 'NONE', #344, .T. ) ;
#2068 = EDGE_LOOP ( 'NONE', ( #3568, #881, #511, #3017 ) ) ;
#2069 = VERTEX_POINT ( 'NONE', #1467 ) ;
#2070 = CARTESIAN_POINT ( 'NONE',  ( -0.2500000000000058287, 1.663529637045877863, -1.788224805217158542 ) ) ;
#2071 = ORIENTED_EDGE ( 'NONE', *, *, #1259, .T. ) ;
#2072 = EDGE_CURVE ( 'NONE', #2342, #202, #2415, .T. ) ;
#2073 = DIRECTION ( 'NONE',  ( 0.000000000000000000, 0.7071067811865483499, 0.7071067811865466846 ) ) ;
#2074 = CARTESIAN_POINT ( 'NONE',  ( -0.4749999999999984790, 0.9863517083333332991, 2.521981868766404400 ) ) ;
#2075 = EDGE_CURVE ( 'NONE', #2709, #2567, #1275, .T. ) ;
#2076 = CARTESIAN_POINT ( 'NONE',  ( -0.3333333299999999833, -1.519685041666666958, 2.240565202099737530 ) ) ;
#2077 = VERTEX_POINT ( 'NONE', #2134 ) ;
#2078 = DIRECTION ( 'NONE',  ( 1.000000000000000000, 0.000000000000000000, 0.000000000000000000 ) ) ;
#2079 = DIRECTION ( 'NONE',  ( -0.000000000000000000, 1.000000000000000000, -0.000000000000000000 ) ) ;
#2080 = FACE_OUTER_BOUND ( 'NONE', #684, .T. ) ;
#2081 = VERTEX_POINT ( 'NONE', #3693 ) ;
#2082 = DIRECTION ( 'NONE',  ( 0.7071067811865474617, 0.000000000000000000, 0.7071067811865474617 ) ) ;
#2083 = DIRECTION ( 'NONE',  ( 0.7071067811865485719, 0.000000000000000000, -0.7071067811865464625 ) ) ;
#2084 = VECTOR ( 'NONE', #111, 39.37007874015748143 ) ;
#2085 = CARTESIAN_POINT ( 'NONE',  ( 0.000000000000000000, -0.8137792883858270265, 2.213251794991744070 ) ) ;
#2086 = ADVANCED_FACE ( 'NONE', ( #3625 ), #1505, .F. ) ;
#2087 = VECTOR ( 'NONE', #822, 39.37007874015748854 ) ;
#2088 = AXIS2_PLACEMENT_3D ( 'NONE', #341, #1238, #3380 ) ;
#2089 = EDGE_LOOP ( 'NONE', ( #243, #3549 ) ) ;
#2090 = ORIENTED_EDGE ( 'NONE', *, *, #3843, .T. ) ;
#2091 = CARTESIAN_POINT ( 'NONE',  ( -0.4749999999999990341, -1.186351708333333699, -2.521981868766404400 ) ) ;
#2092 = ORIENTED_EDGE ( 'NONE', *, *, #2299, .T. ) ;
#2093 = FACE_BOUND ( 'NONE', #1231, .T. ) ;
#2094 = CARTESIAN_POINT ( 'NONE',  ( 0.000000000000000000, 1.002621634558673147, 2.024409448818897950 ) ) ;
#2095 = FACE_OUTER_BOUND ( 'NONE', #970, .T. ) ;
#2096 = AXIS2_PLACEMENT_3D ( 'NONE', #2688, #3262, #253 ) ;
#2097 = CARTESIAN_POINT ( 'NONE',  ( -0.3333333299999999833, -1.369685041666667047, 2.435065202099737647 ) ) ;
#2098 = CARTESIAN_POINT ( 'NONE',  ( -0.1666666666666666574, -1.344685041666666470, 2.521981868766403068 ) ) ;
#2099 = AXIS2_PLACEMENT_3D ( 'NONE', #1096, #542, #3491 ) ;
#2100 = DIRECTION ( 'NONE',  ( 0.7071067811865462405, -0.000000000000000000, 0.7071067811865489050 ) ) ;
#2101 = EDGE_CURVE ( 'NONE', #366, #498, #1828, .T. ) ;
#2102 = EDGE_LOOP ( 'NONE', ( #1739, #647, #3235, #2872 ) ) ;
#2103 = LINE ( 'NONE', #3586, #201 ) ;
#2104 = LINE ( 'NONE', #2695, #2925 ) ;
#2105 = LINE ( 'NONE', #1814, #312 ) ;
#2106 = ORIENTED_EDGE ( 'NONE', *, *, #2898, .T. ) ;
#2107 = EDGE_CURVE ( 'NONE', #165, #2975, #3, .T. ) ;
#2108 = CARTESIAN_POINT ( 'NONE',  ( 0.000000000000000000, 1.013779527559054872, -2.355409448818897467 ) ) ;
#2109 = ORIENTED_EDGE ( 'NONE', *, *, #3131, .T. ) ;
#2110 = FACE_OUTER_BOUND ( 'NONE', #3110, .T. ) ;
#2111 = PLANE ( 'NONE',  #50 ) ;
#2112 = CARTESIAN_POINT ( 'NONE',  ( 0.000000000000000000, -1.002621634558672925, -2.024409448818897506 ) ) ;
#2113 = VECTOR ( 'NONE', #24, 39.37007874015748143 ) ;
#2114 = FACE_OUTER_BOUND ( 'NONE', #757, .T. ) ;
#2115 = FACE_OUTER_BOUND ( 'NONE', #3366, .T. ) ;
#2116 = CARTESIAN_POINT ( 'NONE',  ( -0.1000000000000000056, -0.8137792883858266935, -2.480315202099737437 ) ) ;
#2117 = ORIENTED_EDGE ( 'NONE', *, *, #2463, .F. ) ;
#2118 = CARTESIAN_POINT ( 'NONE',  ( 0.000000000000000000, 0.8137792883858266935, -2.480315202099737437 ) ) ;
#2119 = DIRECTION ( 'NONE',  ( -0.000000000000000000, 0.000000000000000000, 1.000000000000000000 ) ) ;
#2120 = AXIS2_PLACEMENT_3D ( 'NONE', #1604, #1042, #1623 ) ;
#2121 = CARTESIAN_POINT ( 'NONE',  ( -0.5000000000000000000, 1.269685041666666958, 2.480315202099737437 ) ) ;
#2122 = ORIENTED_EDGE ( 'NONE', *, *, #1263, .T. ) ;
#2123 = LINE ( 'NONE', #61, #750 ) ;
#2124 = EDGE_CURVE ( 'NONE', #662, #3048, #627, .T. ) ;
#2125 = VERTEX_POINT ( 'NONE', #3390 ) ;
#2126 = FACE_OUTER_BOUND ( 'NONE', #150, .T. ) ;
#2127 = DIRECTION ( 'NONE',  ( 0.000000000000000000, 0.000000000000000000, -1.000000000000000000 ) ) ;
#2128 = CARTESIAN_POINT ( 'NONE',  ( -0.1000000000000000056, -1.002621634558672925, -2.024409448818897506 ) ) ;
#2129 = ADVANCED_FACE ( 'NONE', ( #2748 ), #2412, .T. ) ;
#2130 = CARTESIAN_POINT ( 'NONE',  ( 0.000000000000000000, -1.013779527559054872, 2.224409448818897683 ) ) ;
#2131 = CARTESIAN_POINT ( 'NONE',  ( -0.08964466094067265189, 1.319685041666666558, -2.646981868766404400 ) ) ;
#2132 = DIRECTION ( 'NONE',  ( 1.000000000000000000, 0.000000000000000000, 0.000000000000000000 ) ) ;
#2133 = EDGE_LOOP ( 'NONE', ( #2512, #1241, #3053, #1862 ) ) ;
#2134 = CARTESIAN_POINT ( 'NONE',  ( -0.3396446609406724160, 1.119685041666666603, 2.646981868766404400 ) ) ;
#2135 = ORIENTED_EDGE ( 'NONE', *, *, #1516, .F. ) ;
#2136 = FACE_BOUND ( 'NONE', #2089, .T. ) ;
#2137 = LINE ( 'NONE', #3343, #2628 ) ;
#2138 = VERTEX_POINT ( 'NONE', #3080 ) ;
#2139 = AXIS2_PLACEMENT_3D ( 'NONE', #2341, #268, #3826 ) ;
#2140 = DIRECTION ( 'NONE',  ( 0.7071067811865474617, 0.000000000000000000, 0.7071067811865474617 ) ) ;
#2141 = AXIS2_PLACEMENT_3D ( 'NONE', #1469, #3881, #3840 ) ;
#2142 = ORIENTED_EDGE ( 'NONE', *, *, #3690, .F. ) ;
#2143 = ORIENTED_EDGE ( 'NONE', *, *, #732, .F. ) ;
#2144 = ADVANCED_FACE ( 'NONE', ( #367 ), #1544, .T. ) ;
#2145 = DIRECTION ( 'NONE',  ( 0.7071067811865436870, 0.5000000000000042188, 0.5000000000000014433 ) ) ;
#2146 = FACE_OUTER_BOUND ( 'NONE', #3229, .T. ) ;
#2147 = DIRECTION ( 'NONE',  ( 1.000000000000000000, -0.000000000000000000, -0.000000000000000000 ) ) ;
#2148 = EDGE_CURVE ( 'NONE', #62, #3485, #912, .T. ) ;
#2149 = LINE ( 'NONE', #3097, #7 ) ;
#2150 = SURFACE_STYLE_USAGE ( .BOTH. , #3655 ) ;
#2151 = EDGE_LOOP ( 'NONE', ( #2999, #1251, #1659, #2271 ) ) ;
#2152 = DIRECTION ( 'NONE',  ( 0.000000000000000000, -1.000000000000000000, 0.000000000000000000 ) ) ;
#2153 = AXIS2_PLACEMENT_3D ( 'NONE', #2946, #1175, #2988 ) ;
#2154 = ORIENTED_EDGE ( 'NONE', *, *, #747, .T. ) ;
#2155 = ADVANCED_FACE ( 'NONE', ( #3358 ), #3361, .F. ) ;
#2156 = DIRECTION ( 'NONE',  ( 1.000000000000000000, 0.000000000000000000, 0.000000000000000000 ) ) ;
#2157 = VECTOR ( 'NONE', #1766, 39.37007874015748854 ) ;
#2158 = VERTEX_POINT ( 'NONE', #2764 ) ;
#2159 = FACE_OUTER_BOUND ( 'NONE', #2586, .T. ) ;
#2160 = AXIS2_PLACEMENT_3D ( 'NONE', #178, #413, #792 ) ;
#2161 = ORIENTED_EDGE ( 'NONE', *, *, #686, .T. ) ;
#2162 = VERTEX_POINT ( 'NONE', #2118 ) ;
#2163 = LINE ( 'NONE', #1855, #556 ) ;
#2164 = DIRECTION ( 'NONE',  ( -0.000000000000000000, 1.000000000000000000, -0.000000000000000000 ) ) ;
#2165 = VECTOR ( 'NONE', #1401, 39.37007874015748854 ) ;
#2166 = CARTESIAN_POINT ( 'NONE',  ( 0.000000000000000000, 1.013779527559054872, -2.224409448818897683 ) ) ;
#2167 = EDGE_CURVE ( 'NONE', #2479, #2851, #1205, .T. ) ;
#2168 = ORIENTED_EDGE ( 'NONE', *, *, #3822, .F. ) ;
#2169 = DIRECTION ( 'NONE',  ( 0.8164965809277303643, 0.5773502691896194028, 1.352884373316116294E-14 ) ) ;
#2170 = DIRECTION ( 'NONE',  ( 0.000000000000000000, 0.000000000000000000, -1.000000000000000000 ) ) ;
#2171 = EDGE_CURVE ( 'NONE', #2497, #1633, #2450, .T. ) ;
#2172 = PLANE ( 'NONE',  #1223 ) ;
#2173 = AXIS2_PLACEMENT_3D ( 'NONE', #470, #237, #2652 ) ;
#2174 = EDGE_LOOP ( 'NONE', ( #1775, #2281, #2210, #936 ) ) ;
#2175 = DIRECTION ( 'NONE',  ( -0.000000000000000000, 1.000000000000000000, 0.000000000000000000 ) ) ;
#2176 = ORIENTED_EDGE ( 'NONE', *, *, #713, .T. ) ;
#2177 = EDGE_LOOP ( 'NONE', ( #2275, #1654, #671, #39 ) ) ;
#2178 = VECTOR ( 'NONE', #3533, 39.37007874015748143 ) ;
#2179 = DIRECTION ( 'NONE',  ( -1.000000000000000000, 0.000000000000000000, -0.000000000000000000 ) ) ;
#2180 = CARTESIAN_POINT ( 'NONE',  ( -0.2916666666666664076, -1.494685041666666825, 2.646981868766403068 ) ) ;
#2181 = ORIENTED_EDGE ( 'NONE', *, *, #1970, .T. ) ;
#2182 = LINE ( 'NONE', #3751, #1322 ) ;
#2183 = EDGE_CURVE ( 'NONE', #3126, #1320, #1581, .T. ) ;
#2184 = DIRECTION ( 'NONE',  ( -0.000000000000000000, 1.000000000000000000, -0.000000000000000000 ) ) ;
#2185 = ORIENTED_EDGE ( 'NONE', *, *, #791, .F. ) ;
#2186 = LINE ( 'NONE', #73, #1721 ) ;
#2187 = ORIENTED_EDGE ( 'NONE', *, *, #292, .T. ) ;
#2188 = CARTESIAN_POINT ( 'NONE',  ( 0.06540327963203869388, -1.613465321183896073, 2.646981868766414614 ) ) ;
#2189 = CARTESIAN_POINT ( 'NONE',  ( -0.3249999999999991784, 0.9863517083333335211, 2.771981868766404844 ) ) ;
#2190 = VERTEX_POINT ( 'NONE', #22 ) ;
#2191 = EDGE_CURVE ( 'NONE', #3519, #1534, #2186, .T. ) ;
#2192 = CARTESIAN_POINT ( 'NONE',  ( -0.2916666666666665741, -1.319685041666666558, -2.646981868766404400 ) ) ;
#2193 = VECTOR ( 'NONE', #2622, 39.37007874015748143 ) ;
#2194 = EDGE_LOOP ( 'NONE', ( #3824, #213, #471, #2359 ) ) ;
#2195 = VERTEX_POINT ( 'NONE', #612 ) ;
#2196 = ADVANCED_FACE ( 'NONE', ( #3340 ), #3012, .F. ) ;
#2197 = PLANE ( 'NONE',  #75 ) ;
#2198 = DIRECTION ( 'NONE',  ( 0.000000000000000000, -0.000000000000000000, 1.000000000000000000 ) ) ;
#2199 = VERTEX_POINT ( 'NONE', #1843 ) ;
#2200 = LINE ( 'NONE', #404, #1142 ) ;
#2201 = CARTESIAN_POINT ( 'NONE',  ( -0.2563113276073401559, -1.319685041666666558, -2.646981868766404400 ) ) ;
#2202 = PLANE ( 'NONE',  #249 ) ;
#2203 = ORIENTED_EDGE ( 'NONE', *, *, #709, .T. ) ;
#2204 = DIRECTION ( 'NONE',  ( -0.000000000000000000, 1.000000000000000000, -0.000000000000000000 ) ) ;
#2205 = EDGE_LOOP ( 'NONE', ( #1405, #3734, #238, #3439 ) ) ;
#2206 = LINE ( 'NONE', #1954, #2997 ) ;
#2207 = EDGE_CURVE ( 'NONE', #1003, #1995, #3047, .T. ) ;
#2208 = LINE ( 'NONE', #997, #3885 ) ;
#2209 = VECTOR ( 'NONE', #1674, 39.37007874015748143 ) ;
#2210 = ORIENTED_EDGE ( 'NONE', *, *, #1240, .F. ) ;
#2211 = CARTESIAN_POINT ( 'NONE',  ( -0.3249999999999987343, -1.186351708333333699, -2.521981868766404400 ) ) ;
#2212 = VECTOR ( 'NONE', #768, 39.37007874015748143 ) ;
#2213 = LINE ( 'NONE', #3648, #3044 ) ;
#2214 = VECTOR ( 'NONE', #3059, 39.37007874015748854 ) ;
#2215 = DIRECTION ( 'NONE',  ( -0.5000000000000001110, 0.7071067811865484609, 0.4999999999999985567 ) ) ;
#2216 = EDGE_LOOP ( 'NONE', ( #977, #456 ) ) ;
#2217 = ORIENTED_EDGE ( 'NONE', *, *, #223, .F. ) ;
#2218 = CARTESIAN_POINT ( 'NONE',  ( -0.1000000000000000056, -0.8137792883858266935, -2.213251794991743626 ) ) ;
#2219 = VECTOR ( 'NONE', #944, 39.37007874015748143 ) ;
#2220 = DIRECTION ( 'NONE',  ( -0.000000000000000000, -0.000000000000000000, 1.000000000000000000 ) ) ;
#2221 = ORIENTED_EDGE ( 'NONE', *, *, #606, .F. ) ;
#2222 = VECTOR ( 'NONE', #3767, 39.37007874015748854 ) ;
#2223 = LINE ( 'NONE', #110, #3544 ) ;
#2224 = AXIS2_PLACEMENT_3D ( 'NONE', #2253, #3147, #3461 ) ;
#2225 = DIRECTION ( 'NONE',  ( -0.7071067811865474617, 0.000000000000000000, 0.7071067811865474617 ) ) ;
#2226 = DIRECTION ( 'NONE',  ( 0.000000000000000000, 0.000000000000000000, -1.000000000000000000 ) ) ;
#2227 = ORIENTED_EDGE ( 'NONE', *, *, #1744, .T. ) ;
#2228 = DIRECTION ( 'NONE',  ( -0.000000000000000000, -1.000000000000000000, -0.000000000000000000 ) ) ;
#2229 = CARTESIAN_POINT ( 'NONE',  ( -0.4160744349011201160, -1.186351708333332589, 2.688648535433071363 ) ) ;
#2230 = DIRECTION ( 'NONE',  ( 0.000000000000000000, 0.000000000000000000, -1.000000000000000000 ) ) ;
#2231 = ORIENTED_EDGE ( 'NONE', *, *, #3089, .F. ) ;
#2232 = LINE ( 'NONE', #3146, #68 ) ;
#2233 = CARTESIAN_POINT ( 'NONE',  ( -0.04166666666666726110, -1.494685041666666825, -2.646981868766404844 ) ) ;
#2234 = EDGE_CURVE ( 'NONE', #2328, #1062, #3140, .T. ) ;
#2235 = FACE_OUTER_BOUND ( 'NONE', #2936, .T. ) ;
#2236 = EDGE_CURVE ( 'NONE', #3590, #366, #1621, .T. ) ;
#2237 = VERTEX_POINT ( 'NONE', #1358 ) ;
#2238 = ORIENTED_EDGE ( 'NONE', *, *, #3812, .F. ) ;
#2239 = CARTESIAN_POINT ( 'NONE',  ( 1.243313264853538103, 1.119685041666666603, 1.243313264853534994 ) ) ;
#2240 = EDGE_LOOP ( 'NONE', ( #3657, #3763, #1860, #3628 ) ) ;
#2241 = EDGE_LOOP ( 'NONE', ( #3428, #763 ) ) ;
#2242 = VECTOR ( 'NONE', #3138, 39.37007874015748143 ) ;
#2243 = DIRECTION ( 'NONE',  ( -0.5773502691896276184, 4.166419153831050646E-15, -0.8164965809277245912 ) ) ;
#2244 = DIRECTION ( 'NONE',  ( 0.000000000000000000, 0.000000000000000000, -1.000000000000000000 ) ) ;
#2245 = EDGE_CURVE ( 'NONE', #1810, #3247, #3454, .T. ) ;
#2246 = CARTESIAN_POINT ( 'NONE',  ( -0.5000000000000000000, -1.369685041666667047, 2.170315202099737384 ) ) ;
#2247 = ORIENTED_EDGE ( 'NONE', *, *, #2456, .F. ) ;
#2248 = CARTESIAN_POINT ( 'NONE',  ( 0.000000000000000000, -1.002621634558672925, 2.024409448818897506 ) ) ;
#2249 = LINE ( 'NONE', #3714, #1273 ) ;
#2250 = CARTESIAN_POINT ( 'NONE',  ( -0.1249999999999999029, 1.294685041666666869, 2.646981868766404400 ) ) ;
#2251 = ORIENTED_EDGE ( 'NONE', *, *, #2640, .T. ) ;
#2252 = DIRECTION ( 'NONE',  ( 0.000000000000000000, -1.000000000000000000, 0.000000000000000000 ) ) ;
#2253 = CARTESIAN_POINT ( 'NONE',  ( 0.000000000000000000, -1.013779527559054872, 2.224409448818897683 ) ) ;
#2254 = LINE ( 'NONE', #3745, #622 ) ;
#2255 = EDGE_CURVE ( 'NONE', #2077, #877, #700, .T. ) ;
#2256 = ORIENTED_EDGE ( 'NONE', *, *, #1212, .F. ) ;
#2257 = VECTOR ( 'NONE', #1837, 39.37007874015748143 ) ;
#2258 = ORIENTED_EDGE ( 'NONE', *, *, #1180, .F. ) ;
#2259 = CARTESIAN_POINT ( 'NONE',  ( -0.04624999999999995087, -1.013779527559054872, -2.139659448818897580 ) ) ;
#2260 = ORIENTED_EDGE ( 'NONE', *, *, #1289, .T. ) ;
#2261 = FACE_OUTER_BOUND ( 'NONE', #1153, .T. ) ;
#2262 = DIRECTION ( 'NONE',  ( -0.000000000000000000, 0.7071067811865466846, 0.7071067811865483499 ) ) ;
#2263 = DIRECTION ( 'NONE',  ( -0.000000000000000000, 1.000000000000000000, -0.000000000000000000 ) ) ;
#2264 = AXIS2_PLACEMENT_3D ( 'NONE', #3721, #2215, #710 ) ;
#2265 = EDGE_CURVE ( 'NONE', #403, #662, #1312, .T. ) ;
#2266 = ORIENTED_EDGE ( 'NONE', *, *, #2893, .T. ) ;
#2267 = DIRECTION ( 'NONE',  ( 0.7071067811865435759, -0.5000000000000025535, 0.5000000000000031086 ) ) ;
#2268 = CARTESIAN_POINT ( 'NONE',  ( -0.2999999999999999889, -1.311351708333332811, 2.646981868766404400 ) ) ;
#2269 = PLANE ( 'NONE',  #1105 ) ;
#2270 = ADVANCED_FACE ( 'NONE', ( #3792 ), #1976, .F. ) ;
#2271 = ORIENTED_EDGE ( 'NONE', *, *, #1619, .T. ) ;
#2272 = DIRECTION ( 'NONE',  ( 0.000000000000000000, -1.000000000000000000, 1.022921119462679089E-15 ) ) ;
#2273 = LINE ( 'NONE', #3483, #3678 ) ;
#2274 = CARTESIAN_POINT ( 'NONE',  ( -0.4749999999999995892, -1.061351708333333033, 2.646981868766404400 ) ) ;
#2275 = ORIENTED_EDGE ( 'NONE', *, *, #1864, .T. ) ;
#2276 = VERTEX_POINT ( 'NONE', #1934 ) ;
#2277 = AXIS2_PLACEMENT_3D ( 'NONE', #2760, #1874, #3043 ) ;
#2278 = LINE ( 'NONE', #2239, #2923 ) ;
#2279 = VECTOR ( 'NONE', #3061, 39.37007874015748143 ) ;
#2280 = ORIENTED_EDGE ( 'NONE', *, *, #70, .T. ) ;
#2281 = ORIENTED_EDGE ( 'NONE', *, *, #709, .F. ) ;
#2282 = DIRECTION ( 'NONE',  ( 0.7071067811865487940, 0.000000000000000000, -0.7071067811865461294 ) ) ;
#2283 = CARTESIAN_POINT ( 'NONE',  ( -0.1250000000000001110, 1.294685041666666869, -2.646981868766404400 ) ) ;
#2284 = LINE ( 'NONE', #3731, #1748 ) ;
#2285 = VECTOR ( 'NONE', #3173, 39.37007874015748143 ) ;
#2286 = EDGE_CURVE ( 'NONE', #3081, #305, #114, .T. ) ;
#2287 = ORIENTED_EDGE ( 'NONE', *, *, #2013, .T. ) ;
#2288 = AXIS2_PLACEMENT_3D ( 'NONE', #834, #3249, #513 ) ;
#2289 = DIRECTION ( 'NONE',  ( -0.7071067811865476838, 0.000000000000000000, 0.7071067811865473507 ) ) ;
#2290 = DIRECTION ( 'NONE',  ( -0.000000000000000000, 1.000000000000000000, -0.000000000000000000 ) ) ;
#2291 = VECTOR ( 'NONE', #2504, 39.37007874015748143 ) ;
#2292 = CARTESIAN_POINT ( 'NONE',  ( -0.2500000000000000000, 1.144685041666667624, -2.521981868766404400 ) ) ;
#2293 = ORIENTED_EDGE ( 'NONE', *, *, #973, .T. ) ;
#2294 = DIRECTION ( 'NONE',  ( 0.000000000000000000, -0.7071067811865471286, -0.7071067811865479058 ) ) ;
#2295 = AXIS2_PLACEMENT_3D ( 'NONE', #1394, #3788, #153 ) ;
#2296 = LINE ( 'NONE', #2003, #1596 ) ;
#2297 = EDGE_CURVE ( 'NONE', #177, #3126, #3774, .T. ) ;
#2298 = LINE ( 'NONE', #1128, #883 ) ;
#2299 = EDGE_CURVE ( 'NONE', #1682, #1734, #1293, .T. ) ;
#2300 = AXIS2_PLACEMENT_3D ( 'NONE', #97, #613, #3676 ) ;
#2301 = ORIENTED_EDGE ( 'NONE', *, *, #2725, .T. ) ;
#2302 = EDGE_LOOP ( 'NONE', ( #1876, #1795, #3290, #185 ) ) ;
#2303 = DIRECTION ( 'NONE',  ( 0.000000000000000000, 0.7071067811865479058, 0.7071067811865471286 ) ) ;
#2304 = ORIENTED_EDGE ( 'NONE', *, *, #2853, .T. ) ;
#2305 = DIRECTION ( 'NONE',  ( 0.7071067811865473507, 0.000000000000000000, 0.7071067811865476838 ) ) ;
#2306 = FACE_OUTER_BOUND ( 'NONE', #2835, .T. ) ;
#2307 = CARTESIAN_POINT ( 'NONE',  ( -1.182395939756325731, 0.1511892579936843506, -2.646981868766412394 ) ) ;
#2308 = EDGE_CURVE ( 'NONE', #3266, #1371, #744, .T. ) ;
#2309 = VERTEX_POINT ( 'NONE', #2883 ) ;
#2310 = CARTESIAN_POINT ( 'NONE',  ( -0.3250000000000002887, -1.186351708333333033, 2.771981868766404844 ) ) ;
#2311 = LINE ( 'NONE', #1120, #3492 ) ;
#2312 = DIRECTION ( 'NONE',  ( 0.000000000000000000, -0.7071067811865479058, -0.7071067811865471286 ) ) ;
#2313 = ORIENTED_EDGE ( 'NONE', *, *, #3095, .F. ) ;
#2314 = DIRECTION ( 'NONE',  ( 0.000000000000000000, 0.7071067811865459074, -0.7071067811865491270 ) ) ;
#2315 = CARTESIAN_POINT ( 'NONE',  ( -0.2999999999999999889, 0.6854927497462024455, 0.6854927497462054431 ) ) ;
#2316 = PLANE ( 'NONE',  #3785 ) ;
#2317 = ORIENTED_EDGE ( 'NONE', *, *, #791, .T. ) ;
#2318 = EDGE_CURVE ( 'NONE', #2567, #2861, #2502, .T. ) ;
#2319 = ORIENTED_EDGE ( 'NONE', *, *, #682, .F. ) ;
#2320 = ADVANCED_FACE ( 'NONE', ( #95 ), #1601, .T. ) ;
#2321 = FACE_OUTER_BOUND ( 'NONE', #3837, .T. ) ;
#2322 = VERTEX_POINT ( 'NONE', #3712 ) ;
#2323 = EDGE_CURVE ( 'NONE', #1347, #3045, #1678, .T. ) ;
#2324 = LINE ( 'NONE', #2940, #3296 ) ;
#2325 = CARTESIAN_POINT ( 'NONE',  ( -0.2999999999999999889, 0.9863517083333335211, 2.736626529707078426 ) ) ;
#2326 = DIRECTION ( 'NONE',  ( 0.000000000000000000, 0.7071067811865459074, -0.7071067811865491270 ) ) ;
#2327 = VECTOR ( 'NONE', #2471, 39.37007874015748143 ) ;
#2328 = VERTEX_POINT ( 'NONE', #1018 ) ;
#2329 = LINE ( 'NONE', #1159, #3794 ) ;
#2330 = PLANE ( 'NONE',  #1662 ) ;
#2331 = CARTESIAN_POINT ( 'NONE',  ( -0.2999999999999999889, 0.6854927497462024455, 0.6854927497462054431 ) ) ;
#2332 = AXIS2_PLACEMENT_3D ( 'NONE', #3107, #2810, #773 ) ;
#2333 = DIRECTION ( 'NONE',  ( -0.7071067811865476838, 0.000000000000000000, 0.7071067811865473507 ) ) ;
#2334 = ORIENTED_EDGE ( 'NONE', *, *, #2525, .T. ) ;
#2335 = DIRECTION ( 'NONE',  ( -0.000000000000000000, 0.000000000000000000, -1.000000000000000000 ) ) ;
#2336 = EDGE_CURVE ( 'NONE', #2791, #3523, #3409, .T. ) ;
#2337 = LINE ( 'NONE', #2676, #704 ) ;
#2338 = DIRECTION ( 'NONE',  ( 1.000000000000000000, 0.000000000000000000, 0.000000000000000000 ) ) ;
#2339 = ORIENTED_EDGE ( 'NONE', *, *, #2954, .F. ) ;
#2340 = ORIENTED_EDGE ( 'NONE', *, *, #2580, .F. ) ;
#2341 = CARTESIAN_POINT ( 'NONE',  ( -0.4749999999999995892, -1.186351708333333033, 2.521981868766404844 ) ) ;
#2342 = VERTEX_POINT ( 'NONE', #447 ) ;
#2343 = VECTOR ( 'NONE', #1953, 39.37007874015748143 ) ;
#2344 = FACE_OUTER_BOUND ( 'NONE', #1892, .T. ) ;
#2345 = CARTESIAN_POINT ( 'NONE',  ( -0.3249999999999992895, 1.111351708333333299, 2.646981868766404400 ) ) ;
#2346 = DIRECTION ( 'NONE',  ( 1.000000000000000000, -0.000000000000000000, -0.000000000000000000 ) ) ;
#2347 = VECTOR ( 'NONE', #248, 39.37007874015748143 ) ;
#2348 = VERTEX_POINT ( 'NONE', #1642 ) ;
#2349 = LINE ( 'NONE', #2926, #3163 ) ;
#2350 = FACE_OUTER_BOUND ( 'NONE', #3773, .T. ) ;
#2351 = LINE ( 'NONE', #256, #2666 ) ;
#2352 = AXIS2_PLACEMENT_3D ( 'NONE', #648, #2484, #2710 ) ;
#2353 = DIRECTION ( 'NONE',  ( -0.7071067811865471286, 0.000000000000000000, -0.7071067811865479058 ) ) ;
#2354 = VERTEX_POINT ( 'NONE', #2840 ) ;
#2355 = LINE ( 'NONE', #1124, #3551 ) ;
#2356 = CARTESIAN_POINT ( 'NONE',  ( -0.3333333299999999833, -1.369685041666667047, 2.325315202099737633 ) ) ;
#2357 = VECTOR ( 'NONE', #2371, 39.37007874015748143 ) ;
#2358 = DIRECTION ( 'NONE',  ( 0.000000000000000000, 1.000000000000000000, 0.000000000000000000 ) ) ;
#2359 = ORIENTED_EDGE ( 'NONE', *, *, #2954, .T. ) ;
#2360 = ORIENTED_EDGE ( 'NONE', *, *, #173, .F. ) ;
#2361 = ADVANCED_FACE ( 'NONE', ( #135 ), #1335, .F. ) ;
#2362 = LINE ( 'NONE', #1797, #309 ) ;
#2363 = ORIENTED_EDGE ( 'NONE', *, *, #92, .F. ) ;
#2364 = ADVANCED_FACE ( 'NONE', ( #764 ), #3184, .F. ) ;
#2365 = DIRECTION ( 'NONE',  ( 1.000000000000000000, -0.000000000000000000, -0.000000000000000000 ) ) ;
#2366 = DIRECTION ( 'NONE',  ( 0.000000000000000000, 0.7071067811865490160, -0.7071067811865459074 ) ) ;
#2367 = CARTESIAN_POINT ( 'NONE',  ( 0.000000000000000000, 1.013779527559054872, -2.309159448818897342 ) ) ;
#2368 = ORIENTED_EDGE ( 'NONE', *, *, #2207, .T. ) ;
#2369 = DIRECTION ( 'NONE',  ( 0.000000000000000000, 0.7071067811865479058, -0.7071067811865471286 ) ) ;
#2370 = ADVANCED_FACE ( 'NONE', ( #214 ), #234, .T. ) ;
#2371 = DIRECTION ( 'NONE',  ( -1.000000000000000000, 0.000000000000000000, 0.000000000000000000 ) ) ;
#2372 = LINE ( 'NONE', #2116, #1897 ) ;
#2373 = VERTEX_POINT ( 'NONE', #3515 ) ;
#2374 = ORIENTED_EDGE ( 'NONE', *, *, #1552, .T. ) ;
#2375 = VECTOR ( 'NONE', #1950, 39.37007874015748143 ) ;
#2376 = CARTESIAN_POINT ( 'NONE',  ( 1.284979931520205509, -1.319685041666666558, -1.284979931520205509 ) ) ;
#2377 = DIRECTION ( 'NONE',  ( -0.000000000000000000, -0.000000000000000000, 1.000000000000000000 ) ) ;
#2378 = DIRECTION ( 'NONE',  ( 1.000000000000000000, 0.000000000000000000, 0.000000000000000000 ) ) ;
#2379 = ORIENTED_EDGE ( 'NONE', *, *, #375, .F. ) ;
#2380 = ORIENTED_EDGE ( 'NONE', *, *, #1955, .F. ) ;
#2381 = DIRECTION ( 'NONE',  ( 1.000000000000000000, -0.000000000000000000, -0.000000000000000000 ) ) ;
#2382 = EDGE_CURVE ( 'NONE', #1688, #280, #277, .T. ) ;
#2383 = ORIENTED_EDGE ( 'NONE', *, *, #3270, .T. ) ;
#2384 = UNCERTAINTY_MEASURE_WITH_UNIT (LENGTH_MEASURE( 1.000000000000000082E-05 ), #696, 'distance_accuracy_value', 'NONE');
#2385 = CARTESIAN_POINT ( 'NONE',  ( -0.1000000000000000056, -0.8137792883858270265, 2.213251794991744070 ) ) ;
#2386 = EDGE_CURVE ( 'NONE', #2938, #144, #1740, .T. ) ;
#2387 = DIRECTION ( 'NONE',  ( 8.659560562354932858E-17, 0.7071067811865474617, -0.7071067811865474617 ) ) ;
#2388 = LINE ( 'NONE', #3596, #2436 ) ;
#2389 = DIRECTION ( 'NONE',  ( 0.000000000000000000, 0.000000000000000000, -1.000000000000000000 ) ) ;
#2390 = LINE ( 'NONE', #869, #3557 ) ;
#2391 = LINE ( 'NONE', #828, #3042 ) ;
#2392 = EDGE_CURVE ( 'NONE', #1486, #360, #2028, .T. ) ;
#2393 = EDGE_LOOP ( 'NONE', ( #1139, #3702, #1410, #299 ) ) ;
#2394 = LINE ( 'NONE', #2615, #1904 ) ;
#2395 = PLANE ( 'NONE',  #2419 ) ;
#2396 = DIRECTION ( 'NONE',  ( 0.000000000000000000, 0.000000000000000000, 1.000000000000000000 ) ) ;
#2397 = ADVANCED_FACE ( 'NONE', ( #1483 ), #2610, .T. ) ;
#2398 = EDGE_LOOP ( 'NONE', ( #2804, #2340, #3032, #2930 ) ) ;
#2399 = CARTESIAN_POINT ( 'NONE',  ( -0.04624999999999995087, 1.013779527559054872, -2.139659448818897580 ) ) ;
#2400 = ORIENTED_EDGE ( 'NONE', *, *, #930, .F. ) ;
#2401 = CARTESIAN_POINT ( 'NONE',  ( -0.2500000000000000000, 1.294685041666666869, 2.771981868766404844 ) ) ;
#2402 = DIRECTION ( 'NONE',  ( -0.000000000000000000, 0.7071067811865462405, 0.7071067811865487940 ) ) ;
#2403 = LINE ( 'NONE', #251, #475 ) ;
#2404 = VECTOR ( 'NONE', #3894, 39.37007874015748143 ) ;
#2405 = AXIS2_PLACEMENT_3D ( 'NONE', #3302, #3913, #851 ) ;
#2406 = CARTESIAN_POINT ( 'NONE',  ( -0.1000000000000000056, -1.269685041666666958, -2.024409448818897506 ) ) ;
#2407 = DIRECTION ( 'NONE',  ( -0.000000000000000000, 1.000000000000000000, -0.000000000000000000 ) ) ;
#2408 = VECTOR ( 'NONE', #1433, 39.37007874015748143 ) ;
#2409 = PLANE ( 'NONE',  #2030 ) ;
#2410 = PRODUCT_DEFINITION ( 'UNKNOWN', '', #1813, #3887 ) ;
#2411 = ORIENTED_EDGE ( 'NONE', *, *, #742, .T. ) ;
#2412 = PLANE ( 'NONE',  #641 ) ;
#2413 = ADVANCED_FACE ( 'NONE', ( #504 ), #3853, .F. ) ;
#2414 = DIRECTION ( 'NONE',  ( 0.000000000000000000, 0.000000000000000000, -1.000000000000000000 ) ) ;
#2415 = CIRCLE ( 'NONE', #1851, 0.08474999999999996425 ) ;
#2416 = CARTESIAN_POINT ( 'NONE',  ( 0.000000000000000000, 1.269685041666666958, 2.480315202099737437 ) ) ;
#2417 = VECTOR ( 'NONE', #1324, 39.37007874015748143 ) ;
#2418 = ORIENTED_EDGE ( 'NONE', *, *, #1375, .T. ) ;
#2419 = AXIS2_PLACEMENT_3D ( 'NONE', #894, #2083, #2711 ) ;
#2420 = EDGE_CURVE ( 'NONE', #928, #2567, #1718, .T. ) ;
#2421 = CARTESIAN_POINT ( 'NONE',  ( -0.5000000000000000000, 1.269685041666666958, -2.480315202099737437 ) ) ;
#2422 = ORIENTED_EDGE ( 'NONE', *, *, #3561, .T. ) ;
#2423 = LINE ( 'NONE', #2401, #3410 ) ;
#2424 = VECTOR ( 'NONE', #2859, 39.37007874015748143 ) ;
#2425 = EDGE_CURVE ( 'NONE', #3529, #3882, #1783, .T. ) ;
#2426 = LINE ( 'NONE', #921, #3108 ) ;
#2427 = CARTESIAN_POINT ( 'NONE',  ( -0.02398899713700363909, -1.519685041666666736, -2.629304199236739858 ) ) ;
#2428 = DIRECTION ( 'NONE',  ( -1.000000000000000000, 0.000000000000000000, -0.000000000000000000 ) ) ;
#2429 = PLANE ( 'NONE',  #3086 ) ;
#2430 = ORIENTED_EDGE ( 'NONE', *, *, #186, .T. ) ;
#2431 = DIRECTION ( 'NONE',  ( 0.000000000000000000, 0.7071067811865479058, 0.7071067811865471286 ) ) ;
#2432 = FACE_OUTER_BOUND ( 'NONE', #3567, .T. ) ;
#2433 = AXIS2_PLACEMENT_3D ( 'NONE', #98, #1279, #2487 ) ;
#2434 = DIRECTION ( 'NONE',  ( -0.000000000000000000, 1.000000000000000000, -0.000000000000000000 ) ) ;
#2435 = EDGE_CURVE ( 'NONE', #203, #1590, #2349, .T. ) ;
#2436 = VECTOR ( 'NONE', #1821, 39.37007874015748143 ) ;
#2437 = VERTEX_POINT ( 'NONE', #1418 ) ;
#2438 = CARTESIAN_POINT ( 'NONE',  ( -0.2500000000000000000, 1.119685041666666603, -2.521981868766404400 ) ) ;
#2439 = EDGE_CURVE ( 'NONE', #3813, #3506, #3875, .T. ) ;
#2440 = ORIENTED_EDGE ( 'NONE', *, *, #3527, .T. ) ;
#2441 = ORIENTED_EDGE ( 'NONE', *, *, #15, .F. ) ;
#2442 = CARTESIAN_POINT ( 'NONE',  ( -0.1249999999999999029, 1.119685041666666603, 2.646981868766404400 ) ) ;
#2443 = CARTESIAN_POINT ( 'NONE',  ( -0.08964466094067249924, 1.319685041666666558, 2.646981868766404400 ) ) ;
#2444 = CARTESIAN_POINT ( 'NONE',  ( -0.04624999999999995087, 1.013779527559054872, -2.224409448818897683 ) ) ;
#2445 = EDGE_CURVE ( 'NONE', #1688, #166, #2630, .T. ) ;
#2446 = FACE_OUTER_BOUND ( 'NONE', #1206, .T. ) ;
#2447 = VERTEX_POINT ( 'NONE', #2310 ) ;
#2448 = AXIS2_PLACEMENT_3D ( 'NONE', #1497, #2054, #524 ) ;
#2449 = ORIENTED_EDGE ( 'NONE', *, *, #3670, .T. ) ;
#2450 = LINE ( 'NONE', #3326, #3743 ) ;
#2451 = ORIENTED_EDGE ( 'NONE', *, *, #88, .F. ) ;
#2452 = CARTESIAN_POINT ( 'NONE',  ( 0.000000000000000000, -1.013779527559054872, -2.224409448818897683 ) ) ;
#2453 = ORIENTED_EDGE ( 'NONE', *, *, #3495, .F. ) ;
#2454 = COLOUR_RGB ( '',0.7921568627450980005, 0.8196078431372548767, 0.9333333333333333481 ) ;
#2455 = CARTESIAN_POINT ( 'NONE',  ( -0.2323223304703362913, 1.319685041666666558, 2.789659538296068497 ) ) ;
#2456 = EDGE_CURVE ( 'NONE', #733, #1052, #2329, .T. ) ;
#2457 = ORIENTED_EDGE ( 'NONE', *, *, #3402, .F. ) ;
#2458 = ORIENTED_EDGE ( 'NONE', *, *, #1815, .F. ) ;
#2459 = LINE ( 'NONE', #1884, #1943 ) ;
#2460 = DIRECTION ( 'NONE',  ( -1.000000000000000000, -0.000000000000000000, -0.000000000000000000 ) ) ;
#2461 = LINE ( 'NONE', #2097, #3098 ) ;
#2462 =( LENGTH_UNIT ( ) NAMED_UNIT ( * ) SI_UNIT ( $, .METRE. ) );
#2463 = EDGE_CURVE ( 'NONE', #3506, #2763, #3833, .T. ) ;
#2464 = EDGE_LOOP ( 'NONE', ( #3692, #3205, #989, #3201 ) ) ;
#2465 = DIRECTION ( 'NONE',  ( 0.000000000000000000, 1.000000000000000000, 0.000000000000000000 ) ) ;
#2466 = VECTOR ( 'NONE', #2078, 39.37007874015748143 ) ;
#2467 = ORIENTED_EDGE ( 'NONE', *, *, #3243, .T. ) ;
#2468 = DIRECTION ( 'NONE',  ( 1.000000000000000000, -0.000000000000000000, -0.000000000000000000 ) ) ;
#2469 = VECTOR ( 'NONE', #2477, 39.37007874015748143 ) ;
#2470 = ORIENTED_EDGE ( 'NONE', *, *, #1760, .F. ) ;
#2471 = DIRECTION ( 'NONE',  ( 0.7071067811865464625, 0.000000000000000000, -0.7071067811865486830 ) ) ;
#2472 = AXIS2_PLACEMENT_3D ( 'NONE', #678, #3123, #1038 ) ;
#2473 = EDGE_CURVE ( 'NONE', #3372, #1101, #825, .T. ) ;
#2474 = ORIENTED_EDGE ( 'NONE', *, *, #2612, .T. ) ;
#2475 = ORIENTED_EDGE ( 'NONE', *, *, #2589, .T. ) ;
#2476 = CARTESIAN_POINT ( 'NONE',  ( -0.2999999999999999889, -1.871844458079530149, -1.871844458079534590 ) ) ;
#2477 = DIRECTION ( 'NONE',  ( 0.000000000000000000, 1.000000000000000000, -2.045842238925358179E-15 ) ) ;
#2478 = AXIS2_PLACEMENT_3D ( 'NONE', #468, #1080, #1916 ) ;
#2479 = VERTEX_POINT ( 'NONE', #2670 ) ;
#2480 = EDGE_CURVE ( 'NONE', #2342, #615, #3242, .T. ) ;
#2481 = CARTESIAN_POINT ( 'NONE',  ( -0.1000000000000000056, 1.269685041666666958, -2.024409448818896617 ) ) ;
#2482 = ADVANCED_FACE ( 'NONE', ( #3202 ), #761, .F. ) ;
#2483 = ORIENTED_EDGE ( 'NONE', *, *, #2255, .F. ) ;
#2484 = DIRECTION ( 'NONE',  ( 0.7071067811865484609, 0.000000000000000000, 0.7071067811865465735 ) ) ;
#2485 = ORIENTED_EDGE ( 'NONE', *, *, #2439, .F. ) ;
#2486 = CARTESIAN_POINT ( 'NONE',  ( 0.000000000000000000, 1.013779527559054872, -2.224409448818897683 ) ) ;
#2487 = DIRECTION ( 'NONE',  ( 0.000000000000000000, 0.7071067811865483499, -0.7071067811865467956 ) ) ;
#2488 = EDGE_CURVE ( 'NONE', #394, #2309, #868, .T. ) ;
#2489 = VECTOR ( 'NONE', #1106, 39.37007874015748143 ) ;
#2490 = ORIENTED_EDGE ( 'NONE', *, *, #1551, .F. ) ;
#2491 = DIRECTION ( 'NONE',  ( 0.000000000000000000, -0.7071067811865459074, -0.7071067811865491270 ) ) ;
#2492 = ORIENTED_EDGE ( 'NONE', *, *, #45, .F. ) ;
#2493 = EDGE_LOOP ( 'NONE', ( #2956, #2980, #2663, #219 ) ) ;
#2494 = VECTOR ( 'NONE', #211, 39.37007874015748143 ) ;
#2495 = CARTESIAN_POINT ( 'NONE',  ( -0.1000000000000000056, -1.013779527559054872, 2.224409448818897683 ) ) ;
#2496 = DIRECTION ( 'NONE',  ( 1.000000000000000000, -0.000000000000000000, -0.000000000000000000 ) ) ;
#2497 = VERTEX_POINT ( 'NONE', #3280 ) ;
#2498 = EDGE_CURVE ( 'NONE', #3357, #2791, #567, .T. ) ;
#2499 = CARTESIAN_POINT ( 'NONE',  ( -0.1000000000000000056, 1.013779527559054872, -2.224409448818897683 ) ) ;
#2500 = DIRECTION ( 'NONE',  ( 0.000000000000000000, 1.000000000000000000, -2.045842238925358179E-15 ) ) ;
#2501 = ORIENTED_EDGE ( 'NONE', *, *, #923, .F. ) ;
#2502 = LINE ( 'NONE', #3160, #1073 ) ;
#2503 = ORIENTED_EDGE ( 'NONE', *, *, #3720, .T. ) ;
#2504 = DIRECTION ( 'NONE',  ( -0.7071067811865471286, 0.000000000000000000, 0.7071067811865479058 ) ) ;
#2505 = CARTESIAN_POINT ( 'NONE',  ( 0.000000000000000000, -1.269685041666666958, -2.024409448818897506 ) ) ;
#2506 = ORIENTED_EDGE ( 'NONE', *, *, #1530, .F. ) ;
#2507 = DIRECTION ( 'NONE',  ( -0.000000000000000000, 0.7071067811865495711, 0.7071067811865455743 ) ) ;
#2508 = DIRECTION ( 'NONE',  ( -0.000000000000000000, 1.000000000000000000, 0.000000000000000000 ) ) ;
#2509 = FACE_OUTER_BOUND ( 'NONE', #376, .T. ) ;
#2510 = ADVANCED_FACE ( 'NONE', ( #1230 ), #3371, .T. ) ;
#2511 = AXIS2_PLACEMENT_3D ( 'NONE', #800, #3569, #1094 ) ;
#2512 = ORIENTED_EDGE ( 'NONE', *, *, #2480, .F. ) ;
#2513 = ORIENTED_EDGE ( 'NONE', *, *, #1179, .T. ) ;
#2514 = LINE ( 'NONE', #3725, #3805 ) ;
#2515 = VECTOR ( 'NONE', #2491, 39.37007874015748143 ) ;
#2516 = CARTESIAN_POINT ( 'NONE',  ( -0.1000000000000000056, 1.013779527559054872, 2.224409448818897683 ) ) ;
#2517 = ORIENTED_EDGE ( 'NONE', *, *, #3864, .F. ) ;
#2518 = LINE ( 'NONE', #1595, #2209 ) ;
#2519 = CARTESIAN_POINT ( 'NONE',  ( -0.1000000000000000194, 0.8137792883858266935, -2.480315202099737437 ) ) ;
#2520 = CARTESIAN_POINT ( 'NONE',  ( -0.4103553390593273620, 1.319685041666666558, -2.646981868766403068 ) ) ;
#2521 = ADVANCED_FACE ( 'NONE', ( #3598 ), #17, .F. ) ;
#2522 = VERTEX_POINT ( 'NONE', #3321 ) ;
#2523 = DIRECTION ( 'NONE',  ( -0.7071067811865487940, 0.000000000000000000, 0.7071067811865461294 ) ) ;
#2524 = DIRECTION ( 'NONE',  ( 0.000000000000000000, 1.000000000000000000, 0.000000000000000000 ) ) ;
#2525 = EDGE_CURVE ( 'NONE', #1987, #1494, #660, .T. ) ;
#2526 = FACE_OUTER_BOUND ( 'NONE', #1585, .T. ) ;
#2527 = CIRCLE ( 'NONE', #1463, 0.1310000000000000608 ) ;
#2528 = VERTEX_POINT ( 'NONE', #3007 ) ;
#2529 = ADVANCED_FACE ( 'NONE', ( #1858 ), #623, .T. ) ;
#2530 = PLANE ( 'NONE',  #3669 ) ;
#2531 = VECTOR ( 'NONE', #2220, 39.37007874015748143 ) ;
#2532 = PLANE ( 'NONE',  #3623 ) ;
#2533 = AXIS2_PLACEMENT_3D ( 'NONE', #12, #2508, #1188 ) ;
#2534 = CARTESIAN_POINT ( 'NONE',  ( -0.2999999999999999889, 0.000000000000000000, 0.000000000000000000 ) ) ;
#2535 = ORIENTED_EDGE ( 'NONE', *, *, #2439, .T. ) ;
#2536 = EDGE_LOOP ( 'NONE', ( #2891, #2430, #3716, #3069 ) ) ;
#2537 = EDGE_CURVE ( 'NONE', #2190, #2125, #1578, .T. ) ;
#2538 = DIRECTION ( 'NONE',  ( -0.000000000000000000, 1.000000000000000000, -0.000000000000000000 ) ) ;
#2539 = VECTOR ( 'NONE', #2289, 39.37007874015748143 ) ;
#2540 = ORIENTED_EDGE ( 'NONE', *, *, #493, .F. ) ;
#2541 = ORIENTED_EDGE ( 'NONE', *, *, #223, .T. ) ;
#2542 = CARTESIAN_POINT ( 'NONE',  ( -0.5000000000000000000, -1.346707047392662115, -2.646981868766404400 ) ) ;
#2543 = VECTOR ( 'NONE', #2569, 39.37007874015748143 ) ;
#2544 = CARTESIAN_POINT ( 'NONE',  ( -0.2999999999999999889, -1.186351708333333477, -2.557337207825729486 ) ) ;
#2545 = DIRECTION ( 'NONE',  ( -0.7071067811865487940, 0.000000000000000000, 0.7071067811865461294 ) ) ;
#2546 = VECTOR ( 'NONE', #3199, 39.37007874015748143 ) ;
#2547 = VERTEX_POINT ( 'NONE', #2778 ) ;
#2548 = CARTESIAN_POINT ( 'NONE',  ( -0.2999999999999999889, -1.186351708333333699, -2.771981868766403956 ) ) ;
#2549 = LINE ( 'NONE', #157, #3054 ) ;
#2550 = DIRECTION ( 'NONE',  ( 0.000000000000000000, 0.000000000000000000, -1.000000000000000000 ) ) ;
#2551 = ORIENTED_EDGE ( 'NONE', *, *, #2917, .T. ) ;
#2552 = FACE_OUTER_BOUND ( 'NONE', #1778, .T. ) ;
#2553 = DIRECTION ( 'NONE',  ( 0.000000000000000000, -0.7071067811865490160, 0.7071067811865459074 ) ) ;
#2554 = PLANE ( 'NONE',  #1066 ) ;
#2555 = CIRCLE ( 'NONE', #3823, 0.08474999999999996425 ) ;
#2556 = ORIENTED_EDGE ( 'NONE', *, *, #1634, .F. ) ;
#2557 = ORIENTED_EDGE ( 'NONE', *, *, #2893, .F. ) ;
#2558 = LINE ( 'NONE', #735, #2222 ) ;
#2559 = ORIENTED_EDGE ( 'NONE', *, *, #3690, .T. ) ;
#2560 = EDGE_CURVE ( 'NONE', #655, #419, #3618, .T. ) ;
#2561 = ORIENTED_EDGE ( 'NONE', *, *, #1031, .F. ) ;
#2562 = CIRCLE ( 'NONE', #859, 0.08474999999999996425 ) ;
#2563 = DIRECTION ( 'NONE',  ( -1.000000000000000000, 0.000000000000000000, -0.000000000000000000 ) ) ;
#2564 = FACE_OUTER_BOUND ( 'NONE', #2779, .T. ) ;
#2565 = PLANE ( 'NONE',  #3443 ) ;
#2566 = EDGE_CURVE ( 'NONE', #1432, #3748, #444, .T. ) ;
#2567 = VERTEX_POINT ( 'NONE', #3300 ) ;
#2568 = CARTESIAN_POINT ( 'NONE',  ( -0.6231443811998277349, -1.186351708333328370, 2.100342041328275400 ) ) ;
#2569 = DIRECTION ( 'NONE',  ( 0.000000000000000000, -1.000000000000000000, 1.198426637086735932E-15 ) ) ;
#2570 = ORIENTED_EDGE ( 'NONE', *, *, #2425, .T. ) ;
#2571 = LINE ( 'NONE', #1382, #452 ) ;
#2572 = FACE_OUTER_BOUND ( 'NONE', #2896, .T. ) ;
#2573 = DIRECTION ( 'NONE',  ( -0.000000000000000000, 0.000000000000000000, 1.000000000000000000 ) ) ;
#2574 = ORIENTED_EDGE ( 'NONE', *, *, #923, .T. ) ;
#2575 = ORIENTED_EDGE ( 'NONE', *, *, #1764, .T. ) ;
#2576 = LINE ( 'NONE', #2833, #2607 ) ;
#2577 = ADVANCED_FACE ( 'NONE', ( #2114 ), #1807, .F. ) ;
#2578 = ORIENTED_EDGE ( 'NONE', *, *, #3607, .T. ) ;
#2579 = VERTEX_POINT ( 'NONE', #1822 ) ;
#2580 = EDGE_CURVE ( 'NONE', #2373, #578, #886, .T. ) ;
#2581 = FACE_BOUND ( 'NONE', #2950, .T. ) ;
#2582 = PLANE ( 'NONE',  #3055 ) ;
#2583 = DIRECTION ( 'NONE',  ( 1.000000000000000000, -0.000000000000000000, -0.000000000000000000 ) ) ;
#2584 = AXIS2_PLACEMENT_3D ( 'NONE', #84, #3349, #2179 ) ;
#2585 = VECTOR ( 'NONE', #1751, 39.37007874015748143 ) ;
#2586 = EDGE_LOOP ( 'NONE', ( #1118, #756, #3079, #2106 ) ) ;
#2587 = EDGE_CURVE ( 'NONE', #3818, #2634, #2461, .T. ) ;
#2588 = DIRECTION ( 'NONE',  ( 0.7071067811865474617, 0.000000000000000000, -0.7071067811865474617 ) ) ;
#2589 = EDGE_CURVE ( 'NONE', #3247, #321, #1249, .T. ) ;
#2590 = DIRECTION ( 'NONE',  ( 0.7071067811865471286, 0.000000000000000000, -0.7071067811865479058 ) ) ;
#2591 = CARTESIAN_POINT ( 'NONE',  ( -0.1000000000000000056, 1.002621634558673147, -2.024409448818896173 ) ) ;
#2592 = EDGE_LOOP ( 'NONE', ( #1880, #3286, #139, #946 ) ) ;
#2593 = DIRECTION ( 'NONE',  ( 0.000000000000000000, -0.7071067811865490160, 0.7071067811865459074 ) ) ;
#2594 = CARTESIAN_POINT ( 'NONE',  ( -0.1000000000000000056, -1.013779527559054872, 2.139659448818897580 ) ) ;
#2595 = DIRECTION ( 'NONE',  ( 0.7071067811865471286, 0.000000000000000000, 0.7071067811865479058 ) ) ;
#2596 = VECTOR ( 'NONE', #1539, 39.37007874015748143 ) ;
#2597 = ORIENTED_EDGE ( 'NONE', *, *, #2318, .T. ) ;
#2598 = ORIENTED_EDGE ( 'NONE', *, *, #3363, .F. ) ;
#2599 = PLANE ( 'NONE',  #2511 ) ;
#2600 = EDGE_CURVE ( 'NONE', #147, #2328, #956, .T. ) ;
#2601 = ORIENTED_EDGE ( 'NONE', *, *, #479, .F. ) ;
#2602 = CARTESIAN_POINT ( 'NONE',  ( -0.04624999999999995087, 1.013779527559054872, 2.224409448818897683 ) ) ;
#2603 = DIRECTION ( 'NONE',  ( -0.7071067811865471286, 0.000000000000000000, -0.7071067811865479058 ) ) ;
#2604 = CARTESIAN_POINT ( 'NONE',  ( -0.4749999999999984790, 1.111351708333333299, 2.646981868766404400 ) ) ;
#2605 = EDGE_CURVE ( 'NONE', #1052, #617, #2527, .T. ) ;
#2606 = ADVANCED_FACE ( 'NONE', ( #313, #2446 ), #1213, .T. ) ;
#2607 = VECTOR ( 'NONE', #126, 39.37007874015748143 ) ;
#2608 = ORIENTED_EDGE ( 'NONE', *, *, #2691, .F. ) ;
#2609 = VECTOR ( 'NONE', #3605, 39.37007874015748143 ) ;
#2610 = PLANE ( 'NONE',  #1651 ) ;
#2611 = FACE_OUTER_BOUND ( 'NONE', #2945, .T. ) ;
#2612 = EDGE_CURVE ( 'NONE', #3748, #1432, #2843, .T. ) ;
#2613 = CARTESIAN_POINT ( 'NONE',  ( 0.7114530711839098798, -0.6353722726904594831, 2.646981868766408841 ) ) ;
#2614 = EDGE_LOOP ( 'NONE', ( #3524, #1522 ) ) ;
#2615 = CARTESIAN_POINT ( 'NONE',  ( -0.1073223304703362635, 1.319685041666666558, -2.664659538296068053 ) ) ;
#2616 = LINE ( 'NONE', #2233, #3816 ) ;
#2617 = FACE_OUTER_BOUND ( 'NONE', #197, .T. ) ;
#2618 = EDGE_CURVE ( 'NONE', #3608, #177, #2149, .T. ) ;
#2619 = AXIS2_PLACEMENT_3D ( 'NONE', #2452, #2468, #929 ) ;
#2620 = EDGE_LOOP ( 'NONE', ( #2024, #1531, #3852, #975 ) ) ;
#2621 = ORIENTED_EDGE ( 'NONE', *, *, #3571, .F. ) ;
#2622 = DIRECTION ( 'NONE',  ( -0.7071067811865473507, 0.000000000000000000, -0.7071067811865476838 ) ) ;
#2623 = ORIENTED_EDGE ( 'NONE', *, *, #3708, .T. ) ;
#2624 = VECTOR ( 'NONE', #2885, 39.37007874015748143 ) ;
#2625 = LINE ( 'NONE', #1735, #2408 ) ;
#2626 = CARTESIAN_POINT ( 'NONE',  ( -0.3333333299999999833, -1.369685041666667047, 2.215565202099737618 ) ) ;
#2627 = LINE ( 'NONE', #1804, #2178 ) ;
#2628 = VECTOR ( 'NONE', #1847, 39.37007874015748854 ) ;
#2629 = ORIENTED_EDGE ( 'NONE', *, *, #2876, .F. ) ;
#2630 = LINE ( 'NONE', #2058, #632 ) ;
#2631 = DIRECTION ( 'NONE',  ( 0.000000000000000000, 0.000000000000000000, 1.000000000000000000 ) ) ;
#2632 = FACE_OUTER_BOUND ( 'NONE', #3187, .T. ) ;
#2633 = CARTESIAN_POINT ( 'NONE',  ( -0.04624999999999995087, -1.013779527559054872, 2.309159448818897342 ) ) ;
#2634 = VERTEX_POINT ( 'NONE', #1930 ) ;
#2635 = CARTESIAN_POINT ( 'NONE',  ( -0.2999999999999999889, -1.275996369274005948, 2.646981868766404844 ) ) ;
#2636 = LINE ( 'NONE', #1447, #2609 ) ;
#2637 = DIRECTION ( 'NONE',  ( 1.000000000000000000, 0.000000000000000000, 0.000000000000000000 ) ) ;
#2638 = VERTEX_POINT ( 'NONE', #1269 ) ;
#2639 = ORIENTED_EDGE ( 'NONE', *, *, #2917, .F. ) ;
#2640 = EDGE_CURVE ( 'NONE', #2886, #1580, #2200, .T. ) ;
#2641 = DIRECTION ( 'NONE',  ( 0.000000000000000000, -0.7071067811865483499, -0.7071067811865466846 ) ) ;
#2642 = ORIENTED_EDGE ( 'NONE', *, *, #1530, .T. ) ;
#2643 = CARTESIAN_POINT ( 'NONE',  ( -0.04166666666666682395, -1.344685041666666914, 2.646981868766403512 ) ) ;
#2644 = FACE_OUTER_BOUND ( 'NONE', #3683, .T. ) ;
#2645 = DIRECTION ( 'NONE',  ( 6.730369402342466307E-15, -0.5773502691896268413, 0.8164965809277251463 ) ) ;
#2646 = ORIENTED_EDGE ( 'NONE', *, *, #1588, .T. ) ;
#2647 = DIRECTION ( 'NONE',  ( 0.000000000000000000, -0.7071067811865471286, -0.7071067811865479058 ) ) ;
#2648 = FACE_OUTER_BOUND ( 'NONE', #1761, .T. ) ;
#2649 = DIRECTION ( 'NONE',  ( 0.000000000000000000, -0.7071067811865471286, -0.7071067811865479058 ) ) ;
#2650 = VECTOR ( 'NONE', #1833, 39.37007874015748143 ) ;
#2651 = EDGE_CURVE ( 'NONE', #736, #733, #3117, .T. ) ;
#2652 = DIRECTION ( 'NONE',  ( -0.7071067811865476838, 0.000000000000000000, 0.7071067811865473507 ) ) ;
#2653 = ORIENTED_EDGE ( 'NONE', *, *, #3427, .F. ) ;
#2654 = PLANE ( 'NONE',  #955 ) ;
#2655 = CARTESIAN_POINT ( 'NONE',  ( -0.1000000000000000194, -0.8137792883858270265, 2.480315202099737437 ) ) ;
#2656 = EDGE_CURVE ( 'NONE', #327, #365, #2518, .T. ) ;
#2657 = CARTESIAN_POINT ( 'NONE',  ( -0.1666666666666666297, -1.494685041666666825, -2.771981868766403956 ) ) ;
#2658 = EDGE_LOOP ( 'NONE', ( #2187, #496, #3279, #837 ) ) ;
#2659 = ORIENTED_EDGE ( 'NONE', *, *, #1935, .T. ) ;
#2660 = LINE ( 'NONE', #1388, #428 ) ;
#2661 = EDGE_CURVE ( 'NONE', #166, #3680, #129, .T. ) ;
#2662 = EDGE_CURVE ( 'NONE', #2479, #1302, #1969, .T. ) ;
#2663 = ORIENTED_EDGE ( 'NONE', *, *, #2587, .T. ) ;
#2664 = AXIS2_PLACEMENT_3D ( 'NONE', #1635, #1888, #2563 ) ;
#2665 = DIRECTION ( 'NONE',  ( -0.7071067811865474617, 0.000000000000000000, -0.7071067811865474617 ) ) ;
#2666 = VECTOR ( 'NONE', #1464, 39.37007874015748854 ) ;
#2667 = FACE_OUTER_BOUND ( 'NONE', #124, .T. ) ;
#2668 = PLANE ( 'NONE',  #36 ) ;
#2669 = ORIENTED_EDGE ( 'NONE', *, *, #3193, .F. ) ;
#2670 = CARTESIAN_POINT ( 'NONE',  ( -0.3333333299999999833, -1.269685041666666958, 2.480315202099737437 ) ) ;
#2671 = DIRECTION ( 'NONE',  ( 0.000000000000000000, -0.7071067811865459074, -0.7071067811865491270 ) ) ;
#2672 = CARTESIAN_POINT ( 'NONE',  ( 0.000000000000000000, -1.269685041666666958, 2.024409448818897506 ) ) ;
#2673 = VECTOR ( 'NONE', #1891, 39.37007874015748854 ) ;
#2674 = ORIENTED_EDGE ( 'NONE', *, *, #342, .T. ) ;
#2675 = CARTESIAN_POINT ( 'NONE',  ( 0.000000000000000000, 1.013779527559054872, 2.139659448818897580 ) ) ;
#2676 = CARTESIAN_POINT ( 'NONE',  ( -0.2499999999999999722, 1.144685041666666292, 2.521981868766403956 ) ) ;
#2677 = AXIS2_PLACEMENT_3D ( 'NONE', #1784, #2989, #3301 ) ;
#2678 = FACE_OUTER_BOUND ( 'NONE', #3064, .T. ) ;
#2679 = ORIENTED_EDGE ( 'NONE', *, *, #2566, .F. ) ;
#2680 = ORIENTED_EDGE ( 'NONE', *, *, #1970, .F. ) ;
#2681 = LINE ( 'NONE', #3884, #3845 ) ;
#2682 = ORIENTED_EDGE ( 'NONE', *, *, #1632, .F. ) ;
#2683 = DIRECTION ( 'NONE',  ( -0.000000000000000000, 1.000000000000000000, -0.000000000000000000 ) ) ;
#2684 = ADVANCED_FACE ( 'NONE', ( #3728 ), #421, .F. ) ;
#2685 = CARTESIAN_POINT ( 'NONE',  ( 0.000000000000000000, 1.013779527559054872, -2.224409448818897683 ) ) ;
#2686 = EDGE_CURVE ( 'NONE', #3703, #462, #2857, .T. ) ;
#2687 = CARTESIAN_POINT ( 'NONE',  ( -0.5000000000000000000, 1.269685041666666958, 2.480315202099737437 ) ) ;
#2688 = CARTESIAN_POINT ( 'NONE',  ( -0.3333333299999999833, -1.369685041666667047, 2.325315202099737633 ) ) ;
#2689 = CARTESIAN_POINT ( 'NONE',  ( -0.1666666666666677676, -1.519685041666666736, -2.807337207825731706 ) ) ;
#2690 = CARTESIAN_POINT ( 'NONE',  ( -1.493313264853537659, 1.119685041666666603, -1.493313264853537659 ) ) ;
#2691 = EDGE_CURVE ( 'NONE', #3780, #3545, #1013, .T. ) ;
#2692 = VERTEX_POINT ( 'NONE', #1354 ) ;
#2693 = VECTOR ( 'NONE', #274, 39.37007874015748143 ) ;
#2694 = DIRECTION ( 'NONE',  ( 0.5773502691896346128, 0.8164965809277195952, 1.293993641045590643E-14 ) ) ;
#2695 = CARTESIAN_POINT ( 'NONE',  ( -0.1249999999999999029, 1.294685041666666869, 2.646981868766404400 ) ) ;
#2696 = FACE_OUTER_BOUND ( 'NONE', #1677, .T. ) ;
#2697 = ORIENTED_EDGE ( 'NONE', *, *, #3812, .T. ) ;
#2698 = FACE_OUTER_BOUND ( 'NONE', #2194, .T. ) ;
#2699 = VERTEX_POINT ( 'NONE', #2542 ) ;
#2700 = PLANE ( 'NONE',  #326 ) ;
#2701 = CARTESIAN_POINT ( 'NONE',  ( 0.6246548381885396184, 0.03166304340611943158, -2.646981868766411505 ) ) ;
#2702 = CARTESIAN_POINT ( 'NONE',  ( -0.3250000000000003442, -1.061351708333333033, 2.646981868766404400 ) ) ;
#2703 = EDGE_CURVE ( 'NONE', #3529, #2162, #2182, .T. ) ;
#2704 = DIRECTION ( 'NONE',  ( 1.000000000000000000, -0.000000000000000000, -0.000000000000000000 ) ) ;
#2705 = LINE ( 'NONE', #3619, #1978 ) ;
#2706 = CARTESIAN_POINT ( 'NONE',  ( 0.000000000000000000, -1.002621634558672925, -2.024409448818897506 ) ) ;
#2707 = AXIS2_PLACEMENT_3D ( 'NONE', #518, #3866, #2937 ) ;
#2708 = EDGE_CURVE ( 'NONE', #2709, #2437, #2223, .T. ) ;
#2709 = VERTEX_POINT ( 'NONE', #152 ) ;
#2710 = DIRECTION ( 'NONE',  ( 0.7071067811865465735, 0.000000000000000000, -0.7071067811865484609 ) ) ;
#2711 = DIRECTION ( 'NONE',  ( -0.7071067811865464625, 0.000000000000000000, -0.7071067811865485719 ) ) ;
#2712 = DIRECTION ( 'NONE',  ( -0.7071067811865464625, 0.000000000000000000, -0.7071067811865485719 ) ) ;
#2713 = ADVANCED_FACE ( 'NONE', ( #2261 ), #1033, .F. ) ;
#2714 = ORIENTED_EDGE ( 'NONE', *, *, #1215, .T. ) ;
#2715 = LINE ( 'NONE', #2108, #2327 ) ;
#2716 = EDGE_LOOP ( 'NONE', ( #2726, #3057, #1865, #1886 ) ) ;
#2717 = DIRECTION ( 'NONE',  ( 1.000000000000000000, 0.000000000000000000, 0.000000000000000000 ) ) ;
#2718 = DIRECTION ( 'NONE',  ( 0.000000000000000000, 0.7071067811865483499, -0.7071067811865466846 ) ) ;
#2719 = CARTESIAN_POINT ( 'NONE',  ( -0.1000000000000000056, -0.8137792883858270265, 2.480315202099737437 ) ) ;
#2720 = VECTOR ( 'NONE', #527, 39.37007874015748143 ) ;
#2721 = AXIS2_PLACEMENT_3D ( 'NONE', #1518, #2164, #14 ) ;
#2722 = CARTESIAN_POINT ( 'NONE',  ( -0.1000000000000000056, 0.8137792883858265824, 2.480315202099737881 ) ) ;
#2723 = VECTOR ( 'NONE', #290, 39.37007874015748143 ) ;
#2724 = LINE ( 'NONE', #1458, #3284 ) ;
#2725 = EDGE_CURVE ( 'NONE', #2861, #2791, #3155, .T. ) ;
#2726 = ORIENTED_EDGE ( 'NONE', *, *, #3444, .T. ) ;
#2727 = DIRECTION ( 'NONE',  ( -0.000000000000000000, 1.000000000000000000, -0.000000000000000000 ) ) ;
#2728 = ORIENTED_EDGE ( 'NONE', *, *, #1330, .F. ) ;
#2729 = DIRECTION ( 'NONE',  ( 0.5773502691896283956, -0.8164965809277242581, 5.836992987626766858E-15 ) ) ;
#2730 = VECTOR ( 'NONE', #729, 39.37007874015747433 ) ;
#2731 = CARTESIAN_POINT ( 'NONE',  ( -0.3333333299999999833, -1.369685041666667047, 2.325315202099737633 ) ) ;
#2732 = ADVANCED_FACE ( 'NONE', ( #3387 ), #1306, .F. ) ;
#2733 = EDGE_LOOP ( 'NONE', ( #2714, #437, #1514, #985, #1005, #3404, #3159, #2317, #1328, #2334 ) ) ;
#2734 = VECTOR ( 'NONE', #3542, 39.37007874015748143 ) ;
#2735 = CARTESIAN_POINT ( 'NONE',  ( -0.2916666666666665741, -1.344685041666666026, -2.646981868766404400 ) ) ;
#2736 = EDGE_CURVE ( 'NONE', #601, #736, #1963, .T. ) ;
#2737 = ORIENTED_EDGE ( 'NONE', *, *, #1575, .T. ) ;
#2738 = ORIENTED_EDGE ( 'NONE', *, *, #713, .F. ) ;
#2739 = FACE_OUTER_BOUND ( 'NONE', #767, .T. ) ;
#2740 = CARTESIAN_POINT ( 'NONE',  ( -0.2500000000000000000, 1.144685041666667624, -2.521981868766404400 ) ) ;
#2741 = DIRECTION ( 'NONE',  ( -0.8164965809277208164, -0.5773502691896330585, 6.606178062180133023E-15 ) ) ;
#2742 = ADVANCED_FACE ( 'NONE', ( #3468 ), #441, .T. ) ;
#2743 = DIRECTION ( 'NONE',  ( 0.7071067811865487940, 0.000000000000000000, -0.7071067811865461294 ) ) ;
#2744 = ORIENTED_EDGE ( 'NONE', *, *, #311, .F. ) ;
#2745 = EDGE_CURVE ( 'NONE', #3579, #3590, #758, .T. ) ;
#2746 = AXIS2_PLACEMENT_3D ( 'NONE', #1422, #766, #2333 ) ;
#2747 = ORIENTED_EDGE ( 'NONE', *, *, #2745, .F. ) ;
#2748 = FACE_OUTER_BOUND ( 'NONE', #635, .T. ) ;
#2749 = VERTEX_POINT ( 'NONE', #2879 ) ;
#2750 = CARTESIAN_POINT ( 'NONE',  ( -0.4160744349011191168, 1.028018374999999818, 2.646981868766404844 ) ) ;
#2751 = CARTESIAN_POINT ( 'NONE',  ( -0.1666666666666666297, -1.319685041666666558, -2.771981868766403956 ) ) ;
#2752 = VECTOR ( 'NONE', #112, 39.37007874015748143 ) ;
#2753 = ORIENTED_EDGE ( 'NONE', *, *, #1373, .T. ) ;
#2754 = LINE ( 'NONE', #2455, #1310 ) ;
#2755 = EDGE_LOOP ( 'NONE', ( #2680, #552, #2682, #2453 ) ) ;
#2756 = ORIENTED_EDGE ( 'NONE', *, *, #148, .T. ) ;
#2757 = DIRECTION ( 'NONE',  ( 0.000000000000000000, 0.7071067811865454633, -0.7071067811865494601 ) ) ;
#2758 = FACE_OUTER_BOUND ( 'NONE', #3379, .T. ) ;
#2759 = PLANE ( 'NONE',  #1009 ) ;
#2760 = CARTESIAN_POINT ( 'NONE',  ( -0.4749999999999984790, 0.9863517083333335211, 2.771981868766404844 ) ) ;
#2761 = ORIENTED_EDGE ( 'NONE', *, *, #1006, .F. ) ;
#2762 = VECTOR ( 'NONE', #884, 39.37007874015748143 ) ;
#2763 = VERTEX_POINT ( 'NONE', #3236 ) ;
#2764 = CARTESIAN_POINT ( 'NONE',  ( -0.04166666666666671986, -1.344685041666666026, -2.646981868766404400 ) ) ;
#2765 = ORIENTED_EDGE ( 'NONE', *, *, #3900, .F. ) ;
#2766 = DIRECTION ( 'NONE',  ( 1.000000000000000000, -0.000000000000000000, -0.000000000000000000 ) ) ;
#2767 = EDGE_CURVE ( 'NONE', #3519, #3703, #2324, .T. ) ;
#2768 = ORIENTED_EDGE ( 'NONE', *, *, #1437, .F. ) ;
#2769 = CARTESIAN_POINT ( 'NONE',  ( -0.1000000000000000056, -1.002621634558672925, -2.024409448818897506 ) ) ;
#2770 = AXIS2_PLACEMENT_3D ( 'NONE', #3850, #2985, #273 ) ;
#2771 = VECTOR ( 'NONE', #2378, 39.37007874015748143 ) ;
#2772 = ORIENTED_EDGE ( 'NONE', *, *, #3670, .F. ) ;
#2773 = ORIENTED_EDGE ( 'NONE', *, *, #596, .T. ) ;
#2774 = PLANE ( 'NONE',  #904 ) ;
#2775 = CARTESIAN_POINT ( 'NONE',  ( -0.2500000000000000000, 1.294685041666666869, -2.771981868766403956 ) ) ;
#2776 = EDGE_CURVE ( 'NONE', #327, #2924, #196, .T. ) ;
#2777 = EDGE_CURVE ( 'NONE', #1095, #327, #3809, .T. ) ;
#2778 = CARTESIAN_POINT ( 'NONE',  ( -0.2999999999999999889, 0.9863517083333338542, 2.557337207825731262 ) ) ;
#2779 = EDGE_LOOP ( 'NONE', ( #926, #2575, #1321, #63 ) ) ;
#2780 = AXIS2_PLACEMENT_3D ( 'NONE', #808, #3220, #3497 ) ;
#2781 = ORIENTED_EDGE ( 'NONE', *, *, #507, .T. ) ;
#2782 = DIRECTION ( 'NONE',  ( 0.000000000000000000, -0.7071067811865479058, 0.7071067811865471286 ) ) ;
#2783 = AXIS2_PLACEMENT_3D ( 'NONE', #607, #349, #364 ) ;
#2784 = ORIENTED_EDGE ( 'NONE', *, *, #2107, .T. ) ;
#2785 = LINE ( 'NONE', #2750, #1097 ) ;
#2786 = FACE_OUTER_BOUND ( 'NONE', #1840, .T. ) ;
#2787 = ORIENTED_EDGE ( 'NONE', *, *, #1988, .T. ) ;
#2788 = EDGE_LOOP ( 'NONE', ( #3058, #1545, #108, #3781, #2492 ) ) ;
#2789 = DIRECTION ( 'NONE',  ( 1.333254129225944600E-14, -0.5773502691896194028, -0.8164965809277303643 ) ) ;
#2790 = VECTOR ( 'NONE', #418, 39.37007874015748854 ) ;
#2791 = VERTEX_POINT ( 'NONE', #1115 ) ;
#2792 = VECTOR ( 'NONE', #1147, 39.37007874015748143 ) ;
#2793 = EDGE_LOOP ( 'NONE', ( #416, #687, #517, #2753, #2756, #711 ) ) ;
#2794 = CARTESIAN_POINT ( 'NONE',  ( -0.5000000000000000000, 1.319685041666666558, 2.813648535433071363 ) ) ;
#2795 = CYLINDRICAL_SURFACE ( 'NONE', #194, 0.08474999999999996425 ) ;
#2796 = VECTOR ( 'NONE', #3475, 39.37007874015748143 ) ;
#2797 = VERTEX_POINT ( 'NONE', #2919 ) ;
#2798 = CARTESIAN_POINT ( 'NONE',  ( -0.3249999999999992895, 0.8613517083333332991, 2.646981868766404400 ) ) ;
#2799 = EDGE_CURVE ( 'NONE', #2791, #2709, #2010, .T. ) ;
#2800 = FILL_AREA_STYLE_COLOUR ( '', #2454 ) ;
#2801 = VECTOR ( 'NONE', #3660, 39.37007874015748854 ) ;
#2802 = VERTEX_POINT ( 'NONE', #1992 ) ;
#2803 = CARTESIAN_POINT ( 'NONE',  ( -0.1489889971370027821, -1.519685041666666736, 2.504304199236739414 ) ) ;
#2804 = ORIENTED_EDGE ( 'NONE', *, *, #3310, .T. ) ;
#2805 = EDGE_CURVE ( 'NONE', #615, #1961, #136, .T. ) ;
#2806 = CARTESIAN_POINT ( 'NONE',  ( -0.2999999999999999889, 1.075996369274007103, 2.646981868766404400 ) ) ;
#2807 = DIRECTION ( 'NONE',  ( 1.000000000000000000, -0.000000000000000000, -0.000000000000000000 ) ) ;
#2808 = VECTOR ( 'NONE', #2019, 39.37007874015748143 ) ;
#2809 = ORIENTED_EDGE ( 'NONE', *, *, #3376, .T. ) ;
#2810 = DIRECTION ( 'NONE',  ( -0.7071067811865475727, 0.000000000000000000, -0.7071067811865475727 ) ) ;
#2811 = ORIENTED_EDGE ( 'NONE', *, *, #352, .F. ) ;
#2812 = ORIENTED_EDGE ( 'NONE', *, *, #2255, .T. ) ;
#2813 = DIRECTION ( 'NONE',  ( 0.7071067811865474617, 0.000000000000000000, -0.7071067811865474617 ) ) ;
#2814 = DIRECTION ( 'NONE',  ( 0.000000000000000000, 0.000000000000000000, -1.000000000000000000 ) ) ;
#2815 = ORIENTED_EDGE ( 'NONE', *, *, #1100, .T. ) ;
#2816 = ADVANCED_FACE ( 'NONE', ( #781 ), #3198, .F. ) ;
#2817 = ORIENTED_EDGE ( 'NONE', *, *, #3393, .F. ) ;
#2818 = DIRECTION ( 'NONE',  ( -0.000000000000000000, 1.000000000000000000, -0.000000000000000000 ) ) ;
#2819 = LINE ( 'NONE', #2899, #2084 ) ;
#2820 = CARTESIAN_POINT ( 'NONE',  ( -1.403668603912866075, 1.119685041666666603, 1.403668603912862078 ) ) ;
#2821 = ORIENTED_EDGE ( 'NONE', *, *, #895, .F. ) ;
#2822 = CARTESIAN_POINT ( 'NONE',  ( -0.1000000000000000056, -0.8137792883858270265, 2.480315202099737437 ) ) ;
#2823 = DIRECTION ( 'NONE',  ( 0.000000000000000000, 0.7071067811865479058, -0.7071067811865471286 ) ) ;
#2824 = ADVANCED_FACE ( 'NONE', ( #3216 ), #1393, .F. ) ;
#2825 = CARTESIAN_POINT ( 'NONE',  ( -0.1000000000000000194, 1.269685041666666958, -2.024409448818896173 ) ) ;
#2826 = EDGE_LOOP ( 'NONE', ( #2006, #2449, #1411, #653 ) ) ;
#2827 = CARTESIAN_POINT ( 'NONE',  ( -0.1000000000000000056, -1.269685041666666958, -2.024409448818897506 ) ) ;
#2828 = CARTESIAN_POINT ( 'NONE',  ( 0.000000000000000000, -1.013779527559054872, -2.224409448818897683 ) ) ;
#2829 = CARTESIAN_POINT ( 'NONE',  ( -0.04166666666666680313, -1.494685041666666825, 2.646981868766403512 ) ) ;
#2830 = VECTOR ( 'NONE', #2979, 39.37007874015748143 ) ;
#2831 = ORIENTED_EDGE ( 'NONE', *, *, #2101, .T. ) ;
#2832 = EDGE_LOOP ( 'NONE', ( #3015, #1609, #2623, #2781 ) ) ;
#2833 = CARTESIAN_POINT ( 'NONE',  ( -0.4749999999999984790, 0.9863517083333335211, 2.771981868766404844 ) ) ;
#2834 = AXIS2_PLACEMENT_3D ( 'NONE', #1553, #1532, #28 ) ;
#2835 = EDGE_LOOP ( 'NONE', ( #712, #2470, #2221, #440 ) ) ;
#2836 = DIRECTION ( 'NONE',  ( -1.000000000000000000, -0.000000000000000000, -0.000000000000000000 ) ) ;
#2837 = CARTESIAN_POINT ( 'NONE',  ( -1.451646598186871362, -1.319685041666666558, 1.451646598186869586 ) ) ;
#2838 = CARTESIAN_POINT ( 'NONE',  ( -0.2500000000000000000, 1.144685041666666514, 2.771981868766404844 ) ) ;
#2839 = ORIENTED_EDGE ( 'NONE', *, *, #1922, .F. ) ;
#2840 = CARTESIAN_POINT ( 'NONE',  ( -0.1000000000000000194, 1.269685041666666958, 2.480315202099737437 ) ) ;
#2841 = CARTESIAN_POINT ( 'NONE',  ( -0.3093443361963303384, -1.519685041666666736, 2.629304199236739414 ) ) ;
#2842 = CARTESIAN_POINT ( 'NONE',  ( -0.1666666666666663521, -1.435759476567788129, 2.688648535433069586 ) ) ;
#2843 = CIRCLE ( 'NONE', #827, 0.1310000000000000608 ) ;
#2844 = ORIENTED_EDGE ( 'NONE', *, *, #2445, .F. ) ;
#2845 = CARTESIAN_POINT ( 'NONE',  ( -0.1000000000000000056, -0.8137792883858270265, 2.213251794991744070 ) ) ;
#2846 = VECTOR ( 'NONE', #2649, 39.37007874015748143 ) ;
#2847 = CARTESIAN_POINT ( 'NONE',  ( -0.3333333299999999833, -1.394685041666667402, 2.240565202099737974 ) ) ;
#2848 = EDGE_CURVE ( 'NONE', #546, #1049, #3573, .T. ) ;
#2849 = DIRECTION ( 'NONE',  ( 0.7071067811865457964, 0.000000000000000000, 0.7071067811865491270 ) ) ;
#2850 = EDGE_LOOP ( 'NONE', ( #2266, #3463, #3798, #3332 ) ) ;
#2851 = VERTEX_POINT ( 'NONE', #3848 ) ;
#2852 = EDGE_CURVE ( 'NONE', #366, #2190, #1693, .T. ) ;
#2853 = EDGE_CURVE ( 'NONE', #177, #2035, #3550, .T. ) ;
#2854 = DIRECTION ( 'NONE',  ( 0.000000000000000000, 0.000000000000000000, -1.000000000000000000 ) ) ;
#2855 = VECTOR ( 'NONE', #1146, 39.37007874015748143 ) ;
#2856 = EDGE_LOOP ( 'NONE', ( #1605, #2964, #1928, #754 ) ) ;
#2857 = LINE ( 'NONE', #1655, #3732 ) ;
#2858 = VECTOR ( 'NONE', #3876, 39.37007874015748854 ) ;
#2859 = DIRECTION ( 'NONE',  ( -0.000000000000000000, 1.000000000000000000, -0.000000000000000000 ) ) ;
#2860 = LINE ( 'NONE', #2246, #3130 ) ;
#2861 = VERTEX_POINT ( 'NONE', #1711 ) ;
#2862 = CARTESIAN_POINT ( 'NONE',  ( -0.4749999999999990341, -1.186351708333333699, -2.521981868766404400 ) ) ;
#2863 = PLANE ( 'NONE',  #3308 ) ;
#2864 = ADVANCED_FACE ( 'NONE', ( #170 ), #2897, .F. ) ;
#2865 = CARTESIAN_POINT ( 'NONE',  ( -0.1000000000000000056, -1.002621634558672925, -2.024409448818897506 ) ) ;
#2866 = EDGE_LOOP ( 'NONE', ( #2001, #3467, #174, #538 ) ) ;
#2867 = DIRECTION ( 'NONE',  ( -0.8164965809277253683, 0.5773502691896268413, 6.658258301603081869E-15 ) ) ;
#2868 = DIRECTION ( 'NONE',  ( 0.000000000000000000, -0.7071067811865479058, -0.7071067811865471286 ) ) ;
#2869 = LINE ( 'NONE', #374, #816 ) ;
#2870 = AXIS2_PLACEMENT_3D ( 'NONE', #3222, #3795, #3478 ) ;
#2871 = ADVANCED_FACE ( 'NONE', ( #3511 ), #3530, .F. ) ;
#2872 = ORIENTED_EDGE ( 'NONE', *, *, #1179, .F. ) ;
#2873 = EDGE_LOOP ( 'NONE', ( #3346, #2913, #993, #1566 ) ) ;
#2874 = CARTESIAN_POINT ( 'NONE',  ( -0.2999999999999999889, -1.961489119020208172, 1.961489119020199290 ) ) ;
#2875 = ORIENTED_EDGE ( 'NONE', *, *, #1799, .F. ) ;
#2876 = EDGE_CURVE ( 'NONE', #3388, #2547, #2625, .T. ) ;
#2877 = ORIENTED_EDGE ( 'NONE', *, *, #1638, .T. ) ;
#2878 = AXIS2_PLACEMENT_3D ( 'NONE', #1229, #673, #3650 ) ;
#2879 = CARTESIAN_POINT ( 'NONE',  ( -0.5000000000000000000, 0.9863517083333331881, 2.486626529707074873 ) ) ;
#2880 = CARTESIAN_POINT ( 'NONE',  ( 0.000000000000000000, 0.8137792883858268045, -2.213251794991743626 ) ) ;
#2881 = DIRECTION ( 'NONE',  ( -0.7071067811865457964, 0.000000000000000000, -0.7071067811865491270 ) ) ;
#2882 = ORIENTED_EDGE ( 'NONE', *, *, #1670, .T. ) ;
#2883 = CARTESIAN_POINT ( 'NONE',  ( -0.5000000000000000000, -1.519685041666666736, 2.813648535433071363 ) ) ;
#2884 = CARTESIAN_POINT ( 'NONE',  ( -0.1250000000000001110, 1.119685041666666603, -2.646981868766404400 ) ) ;
#2885 = DIRECTION ( 'NONE',  ( 0.000000000000000000, 0.7071067811865479058, 0.7071067811865471286 ) ) ;
#2886 = VERTEX_POINT ( 'NONE', #3275 ) ;
#2887 = DIRECTION ( 'NONE',  ( 0.000000000000000000, 0.7071067811865479058, -0.7071067811865471286 ) ) ;
#2888 = DIRECTION ( 'NONE',  ( 0.5000000000000027756, 0.7071067811865435759, 0.5000000000000029976 ) ) ;
#2889 = ADVANCED_FACE ( 'NONE', ( #2344 ), #1372, .F. ) ;
#2890 = PLANE ( 'NONE',  #3466 ) ;
#2891 = ORIENTED_EDGE ( 'NONE', *, *, #3708, .F. ) ;
#2892 = ORIENTED_EDGE ( 'NONE', *, *, #3109, .T. ) ;
#2893 = EDGE_CURVE ( 'NONE', #1391, #1234, #1074, .T. ) ;
#2894 = ADVANCED_FACE ( 'NONE', ( #863, #2581, #2093, #1496 ), #2700, .T. ) ;
#2895 = FACE_OUTER_BOUND ( 'NONE', #3863, .T. ) ;
#2896 = EDGE_LOOP ( 'NONE', ( #286, #3791, #1349, #1608 ) ) ;
#2897 = PLANE ( 'NONE',  #1586 ) ;
#2898 = EDGE_CURVE ( 'NONE', #394, #62, #102, .T. ) ;
#2899 = CARTESIAN_POINT ( 'NONE',  ( -0.1000000000000000056, 0.8137792883858265824, 2.480315202099737881 ) ) ;
#2900 = EDGE_CURVE ( 'NONE', #2802, #1432, #3316, .T. ) ;
#2901 = CARTESIAN_POINT ( 'NONE',  ( -0.3749999999999999445, 1.119685041666666603, 2.646981868766404400 ) ) ;
#2902 = ORIENTED_EDGE ( 'NONE', *, *, #3696, .F. ) ;
#2903 = DIRECTION ( 'NONE',  ( 0.000000000000000000, -1.000000000000000000, 0.000000000000000000 ) ) ;
#2904 = CARTESIAN_POINT ( 'NONE',  ( -0.5000000000000000000, -1.996844458079532592, -1.996844458079534812 ) ) ;
#2905 = ADVANCED_FACE ( 'NONE', ( #2110 ), #1819, .T. ) ;
#2906 = PLANE ( 'NONE',  #2939 ) ;
#2907 = ORIENTED_EDGE ( 'NONE', *, *, #1825, .T. ) ;
#2908 = CARTESIAN_POINT ( 'NONE',  ( -0.04624999999999995087, -1.013779527559054872, -2.309159448818897342 ) ) ;
#2909 = FACE_OUTER_BOUND ( 'NONE', #1868, .T. ) ;
#2910 = FACE_BOUND ( 'NONE', #489, .T. ) ;
#2911 = VECTOR ( 'NONE', #3353, 39.37007874015748143 ) ;
#2912 = CONICAL_SURFACE ( 'NONE', #2405, 0.1310000000000000608, 0.7853981633974498333 ) ;
#2913 = ORIENTED_EDGE ( 'NONE', *, *, #2651, .T. ) ;
#2914 = ORIENTED_EDGE ( 'NONE', *, *, #1799, .T. ) ;
#2915 = CIRCLE ( 'NONE', #1898, 0.08474999999999996425 ) ;
#2916 = DIRECTION ( 'NONE',  ( 0.000000000000000000, 1.000000000000000000, 0.000000000000000000 ) ) ;
#2917 = EDGE_CURVE ( 'NONE', #1810, #1123, #1557, .T. ) ;
#2918 = ORIENTED_EDGE ( 'NONE', *, *, #3539, .T. ) ;
#2919 = CARTESIAN_POINT ( 'NONE',  ( -0.5000000000000000000, 1.319685041666666558, -2.813648535433071363 ) ) ;
#2920 = VECTOR ( 'NONE', #317, 39.37007874015748143 ) ;
#2921 = LINE ( 'NONE', #2345, #2987 ) ;
#2922 = CARTESIAN_POINT ( 'NONE',  ( -1.493313264853538991, 1.119685041666666603, 1.493313264853533662 ) ) ;
#2923 = VECTOR ( 'NONE', #438, 39.37007874015748143 ) ;
#2924 = VERTEX_POINT ( 'NONE', #345 ) ;
#2925 = VECTOR ( 'NONE', #3859, 39.37007874015747433 ) ;
#2926 = CARTESIAN_POINT ( 'NONE',  ( 1.284979931520205509, -1.319685041666666558, -1.284979931520205509 ) ) ;
#2927 = DIRECTION ( 'NONE',  ( -0.000000000000000000, 1.000000000000000000, -0.000000000000000000 ) ) ;
#2928 = FACE_OUTER_BOUND ( 'NONE', #790, .T. ) ;
#2929 = EDGE_CURVE ( 'NONE', #202, #2342, #2915, .T. ) ;
#2930 = ORIENTED_EDGE ( 'NONE', *, *, #2976, .F. ) ;
#2931 = CARTESIAN_POINT ( 'NONE',  ( -0.1000000000000000056, 0.8137792883858268045, -2.480315202099737437 ) ) ;
#2932 = VECTOR ( 'NONE', #2225, 39.37007874015748854 ) ;
#2933 = FACE_OUTER_BOUND ( 'NONE', #2733, .T. ) ;
#2934 = CARTESIAN_POINT ( 'NONE',  ( -0.1666666666666665741, -1.319685041666666558, -2.557337207825730818 ) ) ;
#2935 = ORIENTED_EDGE ( 'NONE', *, *, #2725, .F. ) ;
#2936 = EDGE_LOOP ( 'NONE', ( #1363, #2728, #2669, #1942 ) ) ;
#2937 = DIRECTION ( 'NONE',  ( 0.000000000000000000, 0.000000000000000000, -1.000000000000000000 ) ) ;
#2938 = VERTEX_POINT ( 'NONE', #3418 ) ;
#2939 = AXIS2_PLACEMENT_3D ( 'NONE', #1681, #488, #2000 ) ;
#2940 = CARTESIAN_POINT ( 'NONE',  ( -0.1250000000000001110, 1.144685041666667624, -2.646981868766404400 ) ) ;
#2941 = CARTESIAN_POINT ( 'NONE',  ( 1.153668603912866297, 1.119685041666666603, -1.153668603912866297 ) ) ;
#2942 = EDGE_CURVE ( 'NONE', #46, #1347, #708, .T. ) ;
#2943 = DIRECTION ( 'NONE',  ( 1.000000000000000000, -0.000000000000000000, -0.000000000000000000 ) ) ;
#2944 = VECTOR ( 'NONE', #914, 39.37007874015748143 ) ;
#2945 = EDGE_LOOP ( 'NONE', ( #2501, #3150, #3172, #42 ) ) ;
#2946 = CARTESIAN_POINT ( 'NONE',  ( -0.1666666666666666574, -1.494685041666666825, 2.521981868766403068 ) ) ;
#2947 = CARTESIAN_POINT ( 'NONE',  ( 1.243313264853537659, 1.119685041666666603, -1.243313264853537659 ) ) ;
#2948 = CARTESIAN_POINT ( 'NONE',  ( -0.3250000000000003442, -1.061351708333333033, 2.646981868766404400 ) ) ;
#2949 = DIRECTION ( 'NONE',  ( 0.7071067811865471286, 0.000000000000000000, 0.7071067811865479058 ) ) ;
#2950 = EDGE_LOOP ( 'NONE', ( #3873, #2642, #1902, #963 ) ) ;
#2951 = DIRECTION ( 'NONE',  ( 0.000000000000000000, 0.000000000000000000, 1.000000000000000000 ) ) ;
#2952 = LINE ( 'NONE', #3288, #1020 ) ;
#2953 = LINE ( 'NONE', #536, #2771 ) ;
#2954 = EDGE_CURVE ( 'NONE', #1429, #127, #2983, .T. ) ;
#2955 = EDGE_LOOP ( 'NONE', ( #3832, #2304, #3096, #2203 ) ) ;
#2956 = ORIENTED_EDGE ( 'NONE', *, *, #264, .F. ) ;
#2957 = PLANE ( 'NONE',  #2139 ) ;
#2958 = AXIS2_PLACEMENT_3D ( 'NONE', #2941, #3890, #231 ) ;
#2959 = EDGE_LOOP ( 'NONE', ( #3397, #2747, #1706, #2231 ) ) ;
#2960 = CARTESIAN_POINT ( 'NONE',  ( -0.3926776695296640973, 1.319685041666666558, -2.629304199236739858 ) ) ;
#2961 = DIRECTION ( 'NONE',  ( 1.000000000000000000, -0.000000000000000000, -0.000000000000000000 ) ) ;
#2962 = LINE ( 'NONE', #2986, #1556 ) ;
#2963 = EDGE_CURVE ( 'NONE', #2547, #1688, #1802, .T. ) ;
#2964 = ORIENTED_EDGE ( 'NONE', *, *, #3528, .F. ) ;
#2965 = CARTESIAN_POINT ( 'NONE',  ( -1.362001937246199335, -1.319685041666666558, 1.362001937246192451 ) ) ;
#2966 = DIRECTION ( 'NONE',  ( 0.000000000000000000, -0.7071067811865457964, -0.7071067811865491270 ) ) ;
#2967 = DIRECTION ( 'NONE',  ( 0.8164965809277274778, 0.5773502691896236216, -4.486912934894992789E-15 ) ) ;
#2968 = AXIS2_PLACEMENT_3D ( 'NONE', #3779, #1941, #1046 ) ;
#2969 = LENGTH_MEASURE_WITH_UNIT ( LENGTH_MEASURE( 0.02539999999999999897 ), #3518 );
#2970 = ADVANCED_FACE ( 'NONE', ( #3004 ), #1478, .T. ) ;
#2971 = ORIENTED_EDGE ( 'NONE', *, *, #1764, .F. ) ;
#2972 = CARTESIAN_POINT ( 'NONE',  ( -0.5000000000000000000, 1.319685041666666558, 2.813648535433071363 ) ) ;
#2973 = LINE ( 'NONE', #3268, #1985 ) ;
#2974 = CARTESIAN_POINT ( 'NONE',  ( 0.000000000000000000, 0.000000000000000000, 0.000000000000000000 ) ) ;
#2975 = VERTEX_POINT ( 'NONE', #1172 ) ;
#2976 = EDGE_CURVE ( 'NONE', #3684, #3045, #2423, .T. ) ;
#2977 = ORIENTED_EDGE ( 'NONE', *, *, #308, .T. ) ;
#2978 = ADVANCED_FACE ( 'NONE', ( #2126 ), #3333, .T. ) ;
#2979 = DIRECTION ( 'NONE',  ( 0.000000000000000000, 0.000000000000000000, -1.000000000000000000 ) ) ;
#2980 = ORIENTED_EDGE ( 'NONE', *, *, #1552, .F. ) ;
#2981 = AXIS2_PLACEMENT_3D ( 'NONE', #2499, #2836, #3429 ) ;
#2982 = EDGE_CURVE ( 'NONE', #3630, #817, #2213, .T. ) ;
#2983 = LINE ( 'NONE', #1207, #3547 ) ;
#2984 = VECTOR ( 'NONE', #1838, 39.37007874015748143 ) ;
#2985 = DIRECTION ( 'NONE',  ( 0.000000000000000000, -0.7071067811865460184, -0.7071067811865491270 ) ) ;
#2986 = CARTESIAN_POINT ( 'NONE',  ( -0.2499999999999929501, 0.5335815478552559110, -1.907751019804725612 ) ) ;
#2987 = VECTOR ( 'NONE', #845, 39.37007874015748143 ) ;
#2988 = DIRECTION ( 'NONE',  ( -0.7071067811865457964, 0.000000000000000000, -0.7071067811865491270 ) ) ;
#2989 = DIRECTION ( 'NONE',  ( 1.000000000000000000, -0.000000000000000000, -0.000000000000000000 ) ) ;
#2990 = DIRECTION ( 'NONE',  ( 0.7071067811865464625, 0.000000000000000000, 0.7071067811865485719 ) ) ;
#2991 = VECTOR ( 'NONE', #2694, 39.37007874015748854 ) ;
#2992 = EDGE_CURVE ( 'NONE', #677, #3786, #1535, .T. ) ;
#2993 = CONICAL_SURFACE ( 'NONE', #1271, 0.1310000000000000608, 0.7853981633974498333 ) ;
#2994 = ORIENTED_EDGE ( 'NONE', *, *, #44, .F. ) ;
#2995 = LINE ( 'NONE', #3564, #836 ) ;
#2996 = CARTESIAN_POINT ( 'NONE',  ( -0.3749999999999998890, 1.144685041666667624, -2.646981868766404400 ) ) ;
#2997 = VECTOR ( 'NONE', #3161, 39.37007874015748854 ) ;
#2998 = LINE ( 'NONE', #575, #3661 ) ;
#2999 = ORIENTED_EDGE ( 'NONE', *, *, #2148, .T. ) ;
#3000 = ADVANCED_FACE ( 'NONE', ( #2739 ), #1227, .F. ) ;
#3001 = DIRECTION ( 'NONE',  ( -0.000000000000000000, -0.000000000000000000, 1.000000000000000000 ) ) ;
#3002 = AXIS2_PLACEMENT_3D ( 'NONE', #2828, #3521, #3760 ) ;
#3003 = ORIENTED_EDGE ( 'NONE', *, *, #3355, .T. ) ;
#3004 = FACE_OUTER_BOUND ( 'NONE', #3624, .T. ) ;
#3005 = CARTESIAN_POINT ( 'NONE',  ( -0.2676776695296638198, 1.319685041666666558, 2.504304199236740303 ) ) ;
#3006 = CARTESIAN_POINT ( 'NONE',  ( -0.3749999999999998890, 1.294685041666666869, -2.646981868766404400 ) ) ;
#3007 = CARTESIAN_POINT ( 'NONE',  ( -0.1000000000000000056, 1.002621634558673147, 2.024409448818897950 ) ) ;
#3008 = LINE ( 'NONE', #278, #2165 ) ;
#3009 = DIRECTION ( 'NONE',  ( -0.7071067811865474617, 0.000000000000000000, 0.7071067811865474617 ) ) ;
#3010 = ORIENTED_EDGE ( 'NONE', *, *, #469, .F. ) ;
#3011 = AXIS2_PLACEMENT_3D ( 'NONE', #232, #2346, #585 ) ;
#3012 = PLANE ( 'NONE',  #16 ) ;
#3013 = CARTESIAN_POINT ( 'NONE',  ( -0.2916666666666661301, 1.235759476567787951, 2.646981868766404400 ) ) ;
#3014 = DIRECTION ( 'NONE',  ( -0.000000000000000000, -1.000000000000000000, -0.000000000000000000 ) ) ;
#3015 = ORIENTED_EDGE ( 'NONE', *, *, #3472, .F. ) ;
#3016 = FACE_OUTER_BOUND ( 'NONE', #1525, .T. ) ;
#3017 = ORIENTED_EDGE ( 'NONE', *, *, #1437, .T. ) ;
#3018 = DIRECTION ( 'NONE',  ( -1.000000000000000000, -0.000000000000000000, -0.000000000000000000 ) ) ;
#3019 = CARTESIAN_POINT ( 'NONE',  ( 0.000000000000000000, 1.013779527559054872, 2.093409448818897456 ) ) ;
#3020 = LINE ( 'NONE', #544, #661 ) ;
#3021 = CARTESIAN_POINT ( 'NONE',  ( -0.02398899713700309091, -1.519685041666666736, 2.664659538296067609 ) ) ;
#3022 = EDGE_CURVE ( 'NONE', #96, #1534, #637, .T. ) ;
#3023 = ORIENTED_EDGE ( 'NONE', *, *, #2435, .T. ) ;
#3024 = AXIS2_PLACEMENT_3D ( 'NONE', #1732, #2381, #1454 ) ;
#3025 = ORIENTED_EDGE ( 'NONE', *, *, #1089, .F. ) ;
#3026 = DIRECTION ( 'NONE',  ( 0.000000000000000000, -0.000000000000000000, -1.000000000000000000 ) ) ;
#3027 = ORIENTED_EDGE ( 'NONE', *, *, #2456, .T. ) ;
#3028 = ADVANCED_FACE ( 'NONE', ( #3719 ), #1001, .F. ) ;
#3029 = LINE ( 'NONE', #74, #586 ) ;
#3030 = VECTOR ( 'NONE', #731, 39.37007874015748143 ) ;
#3031 = DIRECTION ( 'NONE',  ( -0.000000000000000000, 1.000000000000000000, -0.000000000000000000 ) ) ;
#3032 = ORIENTED_EDGE ( 'NONE', *, *, #895, .T. ) ;
#3033 = PLANE ( 'NONE',  #2088 ) ;
#3034 = VERTEX_POINT ( 'NONE', #2847 ) ;
#3035 = ORIENTED_EDGE ( 'NONE', *, *, #1289, .F. ) ;
#3036 = CARTESIAN_POINT ( 'NONE',  ( -0.2999999999999999889, 1.771844458079531837, 1.771844458079533835 ) ) ;
#3037 = ADVANCED_FACE ( 'NONE', ( #1647 ), #1211, .F. ) ;
#3038 = CARTESIAN_POINT ( 'NONE',  ( -0.3333333299999999833, -1.369685041666667047, 2.240565202099737974 ) ) ;
#3039 = PLANE ( 'NONE',  #2878 ) ;
#3040 = ADVANCED_FACE ( 'NONE', ( #121 ), #1086, .F. ) ;
#3041 = VECTOR ( 'NONE', #3535, 39.37007874015748143 ) ;
#3042 = VECTOR ( 'NONE', #569, 39.37007874015748143 ) ;
#3043 = DIRECTION ( 'NONE',  ( -0.000000000000000000, 0.7071067811865471286, 0.7071067811865479058 ) ) ;
#3044 = VECTOR ( 'NONE', #3889, 39.37007874015748143 ) ;
#3045 = VERTEX_POINT ( 'NONE', #434 ) ;
#3046 = ORIENTED_EDGE ( 'NONE', *, *, #2992, .F. ) ;
#3047 = LINE ( 'NONE', #1233, #2219 ) ;
#3048 = VERTEX_POINT ( 'NONE', #3744 ) ;
#3049 = CARTESIAN_POINT ( 'NONE',  ( 0.7754237302159263656, 1.781380767243626373, 2.646981868766402179 ) ) ;
#3050 = VECTOR ( 'NONE', #426, 39.37007874015748143 ) ;
#3051 = FACE_OUTER_BOUND ( 'NONE', #90, .T. ) ;
#3052 = ADVANCED_FACE ( 'NONE', ( #1343 ), #491, .F. ) ;
#3053 = ORIENTED_EDGE ( 'NONE', *, *, #1540, .T. ) ;
#3054 = VECTOR ( 'NONE', #3775, 39.37007874015748143 ) ;
#3055 = AXIS2_PLACEMENT_3D ( 'NONE', #483, #1054, #442 ) ;
#3056 = CARTESIAN_POINT ( 'NONE',  ( 0.000000000000000000, 1.013779527559054872, 2.093409448818897456 ) ) ;
#3057 = ORIENTED_EDGE ( 'NONE', *, *, #570, .F. ) ;
#3058 = ORIENTED_EDGE ( 'NONE', *, *, #3508, .F. ) ;
#3059 = DIRECTION ( 'NONE',  ( -0.7071067811865474617, -0.000000000000000000, -0.7071067811865474617 ) ) ;
#3060 = PLANE ( 'NONE',  #3622 ) ;
#3061 = DIRECTION ( 'NONE',  ( 1.000000000000000000, -0.000000000000000000, -0.000000000000000000 ) ) ;
#3062 = CARTESIAN_POINT ( 'NONE',  ( -0.1666666666666666852, -1.435759476567787907, -2.605315202099737881 ) ) ;
#3063 = CARTESIAN_POINT ( 'NONE',  ( -0.1666666666666666574, -1.494685041666666825, -2.521981868766404400 ) ) ;
#3064 = EDGE_LOOP ( 'NONE', ( #1541, #3274, #401, #1471 ) ) ;
#3065 = CARTESIAN_POINT ( 'NONE',  ( -0.2916666666666665741, -1.494685041666666825, -2.646981868766404400 ) ) ;
#3066 = ORIENTED_EDGE ( 'NONE', *, *, #1398, .T. ) ;
#3067 = FACE_OUTER_BOUND ( 'NONE', #516, .T. ) ;
#3068 = VECTOR ( 'NONE', #691, 39.37007874015748854 ) ;
#3069 = ORIENTED_EDGE ( 'NONE', *, *, #1922, .T. ) ;
#3070 = ADVANCED_FACE ( 'NONE', ( #2909 ), #1365, .F. ) ;
#3071 = EDGE_CURVE ( 'NONE', #1294, #6, #3423, .T. ) ;
#3072 = DIRECTION ( 'NONE',  ( 0.000000000000000000, -0.000000000000000000, 1.000000000000000000 ) ) ;
#3073 = ORIENTED_EDGE ( 'NONE', *, *, #3144, .F. ) ;
#3074 = ORIENTED_EDGE ( 'NONE', *, *, #3310, .F. ) ;
#3075 = FACE_OUTER_BOUND ( 'NONE', #957, .T. ) ;
#3076 = CARTESIAN_POINT ( 'NONE',  ( 0.000000000000000000, 1.002621634558673147, 2.024409448818897950 ) ) ;
#3077 = DIRECTION ( 'NONE',  ( 1.000000000000000000, 0.000000000000000000, 0.000000000000000000 ) ) ;
#3078 = LINE ( 'NONE', #3063, #3278 ) ;
#3079 = ORIENTED_EDGE ( 'NONE', *, *, #3528, .T. ) ;
#3080 = CARTESIAN_POINT ( 'NONE',  ( -0.2999999999999999889, -1.275996369274008391, -2.646981868766404400 ) ) ;
#3081 = VERTEX_POINT ( 'NONE', #1024 ) ;
#3082 = DIRECTION ( 'NONE',  ( 1.000000000000000000, -0.000000000000000000, -0.000000000000000000 ) ) ;
#3083 = EDGE_CURVE ( 'NONE', #3091, #2699, #2296, .T. ) ;
#3084 = CARTESIAN_POINT ( 'NONE',  ( -0.2999999999999999889, 0.9863517083333332991, 2.521981868766404400 ) ) ;
#3085 = VERTEX_POINT ( 'NONE', #1067 ) ;
#3086 = AXIS2_PLACEMENT_3D ( 'NONE', #1875, #925, #71 ) ;
#3087 = CARTESIAN_POINT ( 'NONE',  ( -0.2500000000000000000, 1.294685041666666869, 2.771981868766404844 ) ) ;
#3088 = VECTOR ( 'NONE', #474, 39.37007874015748854 ) ;
#3089 = EDGE_CURVE ( 'NONE', #779, #743, #2616, .T. ) ;
#3090 = EDGE_CURVE ( 'NONE', #3266, #3813, #1940, .T. ) ;
#3091 = VERTEX_POINT ( 'NONE', #1384 ) ;
#3092 = ORIENTED_EDGE ( 'NONE', *, *, #3476, .T. ) ;
#3093 = DIRECTION ( 'NONE',  ( -2.672918134073154459E-14, -0.5773502691896257311, -0.8164965809277260345 ) ) ;
#3094 = LINE ( 'NONE', #65, #1527 ) ;
#3095 = EDGE_CURVE ( 'NONE', #2081, #3903, #751, .T. ) ;
#3096 = ORIENTED_EDGE ( 'NONE', *, *, #1350, .T. ) ;
#3097 = CARTESIAN_POINT ( 'NONE',  ( 0.06540327963204799200, -1.186351708333336585, -2.219868255915830257 ) ) ;
#3098 = VECTOR ( 'NONE', #1560, 39.37007874015748854 ) ;
#3099 = ORIENTED_EDGE ( 'NONE', *, *, #424, .T. ) ;
#3100 = DIRECTION ( 'NONE',  ( 0.5773502691896260641, -8.909727113577197308E-15, 0.8164965809277259234 ) ) ;
#3101 = VECTOR ( 'NONE', #2717, 39.37007874015748143 ) ;
#3102 = CYLINDRICAL_SURFACE ( 'NONE', #907, 0.08474999999999996425 ) ;
#3103 = CARTESIAN_POINT ( 'NONE',  ( -0.5000000000000000000, -1.836489119020203065, 1.836489119020210836 ) ) ;
#3104 = ORIENTED_EDGE ( 'NONE', *, *, #2171, .T. ) ;
#3105 = AXIS2_PLACEMENT_3D ( 'NONE', #56, #2465, #663 ) ;
#3106 = ADVANCED_FACE ( 'NONE', ( #2572 ), #2532, .F. ) ;
#3107 = CARTESIAN_POINT ( 'NONE',  ( -0.2500000000000000000, 1.119685041666666603, -2.771981868766403956 ) ) ;
#3108 = VECTOR ( 'NONE', #2127, 39.37007874015748143 ) ;
#3109 = EDGE_CURVE ( 'NONE', #1302, #3846, #1703, .T. ) ;
#3110 = EDGE_LOOP ( 'NONE', ( #2875, #3496, #1756, #3395 ) ) ;
#3111 = AXIS2_PLACEMENT_3D ( 'NONE', #410, #2524, #765 ) ;
#3112 = ORIENTED_EDGE ( 'NONE', *, *, #2776, .F. ) ;
#3113 = CARTESIAN_POINT ( 'NONE',  ( -0.4749999999999984790, 0.8613517083333332991, 2.646981868766404400 ) ) ;
#3114 = CARTESIAN_POINT ( 'NONE',  ( 0.000000000000000000, -1.013779527559054872, -2.309159448818897342 ) ) ;
#3115 = ORIENTED_EDGE ( 'NONE', *, *, #3154, .T. ) ;
#3116 = ORIENTED_EDGE ( 'NONE', *, *, #41, .T. ) ;
#3117 = LINE ( 'NONE', #3707, #1844 ) ;
#3118 = EDGE_CURVE ( 'NONE', #1716, #3700, #1959, .T. ) ;
#3119 = LINE ( 'NONE', #3451, #522 ) ;
#3120 = ADVANCED_FACE ( 'NONE', ( #473 ), #3167, .F. ) ;
#3121 = CARTESIAN_POINT ( 'NONE',  ( -0.3749999999999999445, 1.294685041666666869, 2.646981868766404400 ) ) ;
#3122 = ORIENTED_EDGE ( 'NONE', *, *, #1906, .F. ) ;
#3123 = DIRECTION ( 'NONE',  ( 0.5000000000000027756, -0.7071067811865435759, -0.5000000000000027756 ) ) ;
#3124 = CARTESIAN_POINT ( 'NONE',  ( -0.5000000000000000000, 1.319685041666666558, 2.813648535433071363 ) ) ;
#3125 = FACE_OUTER_BOUND ( 'NONE', #3195, .T. ) ;
#3126 = VERTEX_POINT ( 'NONE', #3778 ) ;
#3127 = LINE ( 'NONE', #1626, #515 ) ;
#3128 = CARTESIAN_POINT ( 'NONE',  ( -0.1000000000000000056, -1.269685041666666958, 2.480315202099737437 ) ) ;
#3129 = LINE ( 'NONE', #1648, #3531 ) ;
#3130 = VECTOR ( 'NONE', #154, 39.37007874015748143 ) ;
#3131 = EDGE_CURVE ( 'NONE', #2063, #335, #2273, .T. ) ;
#3132 = ORIENTED_EDGE ( 'NONE', *, *, #3696, .T. ) ;
#3133 = ORIENTED_EDGE ( 'NONE', *, *, #269, .T. ) ;
#3134 = CARTESIAN_POINT ( 'NONE',  ( -0.3333333299999999833, -1.369685041666667047, 2.170315202099737384 ) ) ;
#3135 = ORIENTED_EDGE ( 'NONE', *, *, #2982, .F. ) ;
#3136 = DIRECTION ( 'NONE',  ( -0.000000000000000000, -1.000000000000000000, -0.000000000000000000 ) ) ;
#3137 = FACE_OUTER_BOUND ( 'NONE', #3546, .T. ) ;
#3138 = DIRECTION ( 'NONE',  ( 0.8164965809277282549, -0.5773502691896226224, -6.409875621278579581E-16 ) ) ;
#3139 = VERTEX_POINT ( 'NONE', #2594 ) ;
#3140 = LINE ( 'NONE', #2803, #1149 ) ;
#3141 = CARTESIAN_POINT ( 'NONE',  ( -0.1000000000000000194, 1.269685041666666958, -2.480315202099737437 ) ) ;
#3142 = VECTOR ( 'NONE', #3317, 39.37007874015748854 ) ;
#3143 = CARTESIAN_POINT ( 'NONE',  ( -0.4749999999999995892, -1.186351708333333033, 2.521981868766404844 ) ) ;
#3144 = EDGE_CURVE ( 'NONE', #3846, #1682, #2973, .T. ) ;
#3145 = ORIENTED_EDGE ( 'NONE', *, *, #1634, .T. ) ;
#3146 = CARTESIAN_POINT ( 'NONE',  ( -0.2916666666666664076, -1.319685041666666558, 2.646981868766403068 ) ) ;
#3147 = DIRECTION ( 'NONE',  ( 1.000000000000000000, -0.000000000000000000, -0.000000000000000000 ) ) ;
#3148 = DIRECTION ( 'NONE',  ( -0.7071067811865474617, 0.000000000000000000, 0.7071067811865474617 ) ) ;
#3149 = ORIENTED_EDGE ( 'NONE', *, *, #146, .F. ) ;
#3150 = ORIENTED_EDGE ( 'NONE', *, *, #3915, .F. ) ;
#3151 = DIRECTION ( 'NONE',  ( 0.7071067811865345831, -0.5000000000000104361, 0.5000000000000081046 ) ) ;
#3152 = VECTOR ( 'NONE', #3610, 39.37007874015748143 ) ;
#3153 = ORIENTED_EDGE ( 'NONE', *, *, #686, .F. ) ;
#3154 = EDGE_CURVE ( 'NONE', #2547, #3680, #4, .T. ) ;
#3155 = LINE ( 'NONE', #3689, #3351 ) ;
#3156 = CARTESIAN_POINT ( 'NONE',  ( -0.5000000000000000000, 1.269685041666666958, -2.480315202099737437 ) ) ;
#3157 = DIRECTION ( 'NONE',  ( 0.7071067811865471286, 0.000000000000000000, -0.7071067811865479058 ) ) ;
#3158 = EDGE_CURVE ( 'NONE', #2692, #2634, #1796, .T. ) ;
#3159 = ORIENTED_EDGE ( 'NONE', *, *, #3584, .F. ) ;
#3160 = CARTESIAN_POINT ( 'NONE',  ( 1.284979931520204621, -1.319685041666666558, 1.284979931520209506 ) ) ;
#3161 = DIRECTION ( 'NONE',  ( -0.5773502691896281735, -0.8164965809277242581, -3.341147667591428480E-15 ) ) ;
#3162 = CARTESIAN_POINT ( 'NONE',  ( -0.04624999999999995087, 1.013779527559054872, 2.224409448818897683 ) ) ;
#3163 = VECTOR ( 'NONE', #3580, 39.37007874015748854 ) ;
#3164 = ORIENTED_EDGE ( 'NONE', *, *, #742, .F. ) ;
#3165 = PLANE ( 'NONE',  #2160 ) ;
#3166 = AXIS2_PLACEMENT_3D ( 'NONE', #1064, #3777, #2294 ) ;
#3167 = PLANE ( 'NONE',  #1910 ) ;
#3168 = LINE ( 'NONE', #3442, #59 ) ;
#3169 = ADVANCED_FACE ( 'NONE', ( #874 ), #2395, .F. ) ;
#3170 = AXIS2_PLACEMENT_3D ( 'NONE', #3770, #2262, #759 ) ;
#3171 = ORIENTED_EDGE ( 'NONE', *, *, #2498, .F. ) ;
#3172 = ORIENTED_EDGE ( 'NONE', *, *, #1815, .T. ) ;
#3173 = DIRECTION ( 'NONE',  ( 0.000000000000000000, -0.7071067811865479058, 0.7071067811865471286 ) ) ;
#3174 = VECTOR ( 'NONE', #960, 39.37007874015748854 ) ;
#3175 = ORIENTED_EDGE ( 'NONE', *, *, #1330, .T. ) ;
#3176 = VECTOR ( 'NONE', #855, 39.37007874015748854 ) ;
#3177 = ORIENTED_EDGE ( 'NONE', *, *, #2420, .T. ) ;
#3178 = CARTESIAN_POINT ( 'NONE',  ( -0.1489889971370035593, -1.519685041666666736, -2.789659538296067165 ) ) ;
#3179 = CIRCLE ( 'NONE', #3681, 0.08474999999999996425 ) ;
#3180 = CARTESIAN_POINT ( 'NONE',  ( -0.5000000000000000000, -1.025996369274005726, 2.646981868766404400 ) ) ;
#3181 = PLANE ( 'NONE',  #974 ) ;
#3182 = EDGE_CURVE ( 'NONE', #403, #2195, #1750, .T. ) ;
#3183 = ORIENTED_EDGE ( 'NONE', *, *, #3910, .F. ) ;
#3184 = PLANE ( 'NONE',  #322 ) ;
#3185 = FACE_OUTER_BOUND ( 'NONE', #2240, .T. ) ;
#3186 = LINE ( 'NONE', #1380, #158 ) ;
#3187 = EDGE_LOOP ( 'NONE', ( #1521, #2839, #2598, #995 ) ) ;
#3188 = CARTESIAN_POINT ( 'NONE',  ( 0.000000000000000000, -1.319685041666666558, 0.000000000000000000 ) ) ;
#3189 = DIRECTION ( 'NONE',  ( 0.000000000000000000, 0.7071067811865483499, -0.7071067811865467956 ) ) ;
#3190 = CARTESIAN_POINT ( 'NONE',  ( 0.000000000000000000, 1.013779527559054872, -2.093409448818897456 ) ) ;
#3191 = ORIENTED_EDGE ( 'NONE', *, *, #93, .F. ) ;
#3192 = VERTEX_POINT ( 'NONE', #2996 ) ;
#3193 = EDGE_CURVE ( 'NONE', #2886, #644, #282, .T. ) ;
#3194 = DIRECTION ( 'NONE',  ( 0.7071067811865475727, 0.000000000000000000, 0.7071067811865475727 ) ) ;
#3195 = EDGE_LOOP ( 'NONE', ( #2363, #2811, #373, #666 ) ) ;
#3196 = AXIS2_PLACEMENT_3D ( 'NONE', #2444, #1885, #3634 ) ;
#3197 = EDGE_CURVE ( 'NONE', #877, #2497, #2337, .T. ) ;
#3198 = PLANE ( 'NONE',  #3796 ) ;
#3199 = DIRECTION ( 'NONE',  ( -0.000000000000000000, 1.000000000000000000, -0.000000000000000000 ) ) ;
#3200 = LINE ( 'NONE', #2307, #1041 ) ;
#3201 = ORIENTED_EDGE ( 'NONE', *, *, #983, .F. ) ;
#3202 = FACE_OUTER_BOUND ( 'NONE', #1253, .T. ) ;
#3203 = FACE_OUTER_BOUND ( 'NONE', #1789, .T. ) ;
#3204 = CARTESIAN_POINT ( 'NONE',  ( -0.1000000000000000056, 0.8137792883858265824, 2.213251794991744070 ) ) ;
#3205 = ORIENTED_EDGE ( 'NONE', *, *, #2600, .F. ) ;
#3206 = CARTESIAN_POINT ( 'NONE',  ( -0.4749999999999990341, -1.186351708333333699, -2.521981868766404400 ) ) ;
#3207 = EDGE_CURVE ( 'NONE', #1101, #2479, #2636, .T. ) ;
#3208 = DIRECTION ( 'NONE',  ( -0.7071067811865476838, 0.000000000000000000, 0.7071067811865473507 ) ) ;
#3209 = DIRECTION ( 'NONE',  ( -0.7071067811865479058, 0.000000000000000000, 0.7071067811865471286 ) ) ;
#3210 = EDGE_CURVE ( 'NONE', #677, #1347, #3839, .T. ) ;
#3211 = ORIENTED_EDGE ( 'NONE', *, *, #3356, .F. ) ;
#3212 = ORIENTED_EDGE ( 'NONE', *, *, #3022, .F. ) ;
#3213 = DIRECTION ( 'NONE',  ( -0.7071067811865471286, 0.000000000000000000, 0.7071067811865479058 ) ) ;
#3214 = VECTOR ( 'NONE', #246, 39.37007874015748854 ) ;
#3215 = ORIENTED_EDGE ( 'NONE', *, *, #2039, .F. ) ;
#3216 = FACE_OUTER_BOUND ( 'NONE', #2302, .T. ) ;
#3217 = LINE ( 'NONE', #1173, #2762 ) ;
#3218 = DIRECTION ( 'NONE',  ( 0.000000000000000000, 0.7071067811865459074, 0.7071067811865491270 ) ) ;
#3219 = ORIENTED_EDGE ( 'NONE', *, *, #531, .T. ) ;
#3220 = DIRECTION ( 'NONE',  ( -0.000000000000000000, 1.000000000000000000, -0.000000000000000000 ) ) ;
#3221 = CARTESIAN_POINT ( 'NONE',  ( -0.2916666666666665741, -1.494685041666666825, -2.646981868766404400 ) ) ;
#3222 = CARTESIAN_POINT ( 'NONE',  ( -0.1000000000000000056, 0.8137792883858268045, -2.213251794991743626 ) ) ;
#3223 = ORIENTED_EDGE ( 'NONE', *, *, #1495, .F. ) ;
#3224 = FACE_OUTER_BOUND ( 'NONE', #611, .T. ) ;
#3225 = DIRECTION ( 'NONE',  ( 0.000000000000000000, -0.7071067811865479058, -0.7071067811865471286 ) ) ;
#3226 = DIRECTION ( 'NONE',  ( -0.7071067811865474617, 0.000000000000000000, -0.7071067811865474617 ) ) ;
#3227 = AXIS2_PLACEMENT_3D ( 'NONE', #1499, #332, #52 ) ;
#3228 = AXIS2_PLACEMENT_3D ( 'NONE', #3620, #870, #1420 ) ;
#3229 = EDGE_LOOP ( 'NONE', ( #3339, #3073, #1262, #2559 ) ) ;
#3230 = EDGE_LOOP ( 'NONE', ( #2485, #2882, #3359, #3754 ) ) ;
#3231 = EDGE_CURVE ( 'NONE', #340, #3786, #2104, .T. ) ;
#3232 = AXIS2_PLACEMENT_3D ( 'NONE', #2602, #2365, #230 ) ;
#3233 = EDGE_LOOP ( 'NONE', ( #417, #2418, #2918, #94 ) ) ;
#3234 = CARTESIAN_POINT ( 'NONE',  ( 0.000000000000000000, 0.8137792883858265824, 2.480315202099737881 ) ) ;
#3235 = ORIENTED_EDGE ( 'NONE', *, *, #531, .F. ) ;
#3236 = CARTESIAN_POINT ( 'NONE',  ( -0.5000000000000000000, 0.9863517083333331881, 2.807337207825733927 ) ) ;
#3237 = VECTOR ( 'NONE', #1749, 39.37007874015748143 ) ;
#3238 = CARTESIAN_POINT ( 'NONE',  ( -0.1000000000000000056, -1.013779527559054872, -2.309159448818897342 ) ) ;
#3239 = CARTESIAN_POINT ( 'NONE',  ( -0.2999999999999999889, -1.961489119020208172, 1.961489119020199290 ) ) ;
#3240 = EDGE_LOOP ( 'NONE', ( #3386, #1890, #2994, #1818 ) ) ;
#3241 = VECTOR ( 'NONE', #3327, 39.37007874015748854 ) ;
#3242 = LINE ( 'NONE', #848, #2404 ) ;
#3243 = EDGE_CURVE ( 'NONE', #1466, #2354, #2952, .T. ) ;
#3244 = CARTESIAN_POINT ( 'NONE',  ( -0.006311327607339928605, -1.519685041666666736, -2.646981868766403512 ) ) ;
#3245 = CARTESIAN_POINT ( 'NONE',  ( -0.04166666666666682395, -1.319685041666666558, 2.646981868766403512 ) ) ;
#3246 = CARTESIAN_POINT ( 'NONE',  ( -0.1000000000000000194, -1.269685041666666958, 2.024409448818897506 ) ) ;
#3247 = VERTEX_POINT ( 'NONE', #2655 ) ;
#3248 = FACE_OUTER_BOUND ( 'NONE', #1730, .T. ) ;
#3249 = DIRECTION ( 'NONE',  ( -0.4999999999999988898, 0.7071067811865494601, 0.4999999999999983347 ) ) ;
#3250 = CARTESIAN_POINT ( 'NONE',  ( -0.4160744349011198384, -1.144685041666665848, 2.646981868766403512 ) ) ;
#3251 = ORIENTED_EDGE ( 'NONE', *, *, #1738, .F. ) ;
#3252 = ORIENTED_EDGE ( 'NONE', *, *, #3131, .F. ) ;
#3253 = FACE_OUTER_BOUND ( 'NONE', #3540, .T. ) ;
#3254 = VECTOR ( 'NONE', #3437, 39.37007874015748143 ) ;
#3255 = ADVANCED_FACE ( 'NONE', ( #554 ), #1770, .F. ) ;
#3256 = ORIENTED_EDGE ( 'NONE', *, *, #298, .F. ) ;
#3257 = CARTESIAN_POINT ( 'NONE',  ( 1.153668603912865187, 1.119685041666666603, 1.153668603912861190 ) ) ;
#3258 = CARTESIAN_POINT ( 'NONE',  ( -0.1000000000000000056, -1.013779527559054872, 2.224409448818897683 ) ) ;
#3259 = DIRECTION ( 'NONE',  ( -0.000000000000000000, 1.000000000000000000, 0.000000000000000000 ) ) ;
#3260 = VECTOR ( 'NONE', #3031, 39.37007874015748143 ) ;
#3261 = ORIENTED_EDGE ( 'NONE', *, *, #719, .T. ) ;
#3262 = DIRECTION ( 'NONE',  ( -0.000000000000000000, 1.000000000000000000, -0.000000000000000000 ) ) ;
#3263 = DIRECTION ( 'NONE',  ( 0.7071067811865476838, 0.000000000000000000, -0.7071067811865473507 ) ) ;
#3264 = LINE ( 'NONE', #2060, #690 ) ;
#3265 = FACE_OUTER_BOUND ( 'NONE', #3808, .T. ) ;
#3266 = VERTEX_POINT ( 'NONE', #1165 ) ;
#3267 = CARTESIAN_POINT ( 'NONE',  ( -0.3249999999999987343, -1.061351708333333477, -2.646981868766404400 ) ) ;
#3268 = CARTESIAN_POINT ( 'NONE',  ( -0.1000000000000000056, -1.269685041666666958, 2.024409448818897506 ) ) ;
#3269 = FACE_BOUND ( 'NONE', #1367, .T. ) ;
#3270 = EDGE_CURVE ( 'NONE', #365, #811, #3499, .T. ) ;
#3271 = ORIENTED_EDGE ( 'NONE', *, *, #681, .T. ) ;
#3272 = ORIENTED_EDGE ( 'NONE', *, *, #747, .F. ) ;
#3273 = DIRECTION ( 'NONE',  ( -6.602171889916861366E-15, 0.5773502691896330585, 0.8164965809277208164 ) ) ;
#3274 = ORIENTED_EDGE ( 'NONE', *, *, #557, .T. ) ;
#3275 = CARTESIAN_POINT ( 'NONE',  ( -0.5000000000000000000, -1.346707047392660339, 2.646981868766404400 ) ) ;
#3276 = LINE ( 'NONE', #3574, #1763 ) ;
#3277 = FACE_OUTER_BOUND ( 'NONE', #2826, .T. ) ;
#3278 = VECTOR ( 'NONE', #350, 39.37007874015748854 ) ;
#3279 = ORIENTED_EDGE ( 'NONE', *, *, #1247, .T. ) ;
#3280 = CARTESIAN_POINT ( 'NONE',  ( -0.2499999999999999722, 1.144685041666666292, 2.521981868766403956 ) ) ;
#3281 = EDGE_CURVE ( 'NONE', #3514, #3780, #1727, .T. ) ;
#3282 = LINE ( 'NONE', #2059, #1798 ) ;
#3283 = CARTESIAN_POINT ( 'NONE',  ( 0.000000000000000000, -1.002621634558672925, 2.024409448818897506 ) ) ;
#3284 = VECTOR ( 'NONE', #1189, 39.37007874015748143 ) ;
#3285 = VECTOR ( 'NONE', #1587, 39.37007874015748854 ) ;
#3286 = ORIENTED_EDGE ( 'NONE', *, *, #2580, .T. ) ;
#3287 = LINE ( 'NONE', #873, #2991 ) ;
#3288 = CARTESIAN_POINT ( 'NONE',  ( -0.1000000000000000056, 1.269685041666666958, 2.480315202099737437 ) ) ;
#3289 = PLANE ( 'NONE',  #1951 ) ;
#3290 = ORIENTED_EDGE ( 'NONE', *, *, #2618, .F. ) ;
#3291 = ORIENTED_EDGE ( 'NONE', *, *, #1362, .F. ) ;
#3292 = EDGE_CURVE ( 'NONE', #477, #3608, #1812, .T. ) ;
#3293 = VECTOR ( 'NONE', #2389, 39.37007874015748143 ) ;
#3294 = PLANE ( 'NONE',  #1510 ) ;
#3295 = ORIENTED_EDGE ( 'NONE', *, *, #1935, .F. ) ;
#3296 = VECTOR ( 'NONE', #187, 39.37007874015748854 ) ;
#3297 = DIRECTION ( 'NONE',  ( 1.000000000000000000, 0.000000000000000000, 0.000000000000000000 ) ) ;
#3298 = PLANE ( 'NONE',  #2448 ) ;
#3299 = CARTESIAN_POINT ( 'NONE',  ( 0.000000000000000000, 0.8137792883858264714, 2.480315202099737437 ) ) ;
#3300 = CARTESIAN_POINT ( 'NONE',  ( -0.07702200572599440798, -1.319685041666666558, 2.646981868766403512 ) ) ;
#3301 = DIRECTION ( 'NONE',  ( 0.000000000000000000, 0.000000000000000000, -1.000000000000000000 ) ) ;
#3302 = CARTESIAN_POINT ( 'NONE',  ( 0.000000000000000000, -1.013779527559054872, 2.224409448818897683 ) ) ;
#3303 = VECTOR ( 'NONE', #48, 39.37007874015748143 ) ;
#3304 = VECTOR ( 'NONE', #1317, 39.37007874015748854 ) ;
#3305 = ORIENTED_EDGE ( 'NONE', *, *, #1239, .F. ) ;
#3306 = CARTESIAN_POINT ( 'NONE',  ( -0.2499999999999998612, 1.119685041666666603, -2.736626529707075761 ) ) ;
#3307 = CARTESIAN_POINT ( 'NONE',  ( -0.2999999999999999889, -1.871844458079530371, 1.871844458079538587 ) ) ;
#3308 = AXIS2_PLACEMENT_3D ( 'NONE', #2268, #1141, #2671 ) ;
#3309 = DIRECTION ( 'NONE',  ( -0.7071067811865457964, 0.000000000000000000, -0.7071067811865491270 ) ) ;
#3310 = EDGE_CURVE ( 'NONE', #3684, #578, #240, .T. ) ;
#3311 = ORIENTED_EDGE ( 'NONE', *, *, #1081, .T. ) ;
#3312 = FACE_BOUND ( 'NONE', #2850, .T. ) ;
#3313 = CIRCLE ( 'NONE', #1606, 0.08474999999999968670 ) ;
#3314 = ADVANCED_FACE ( 'NONE', ( #3587 ), #2022, .F. ) ;
#3315 = ORIENTED_EDGE ( 'NONE', *, *, #2245, .T. ) ;
#3316 = LINE ( 'NONE', #1836, #1396 ) ;
#3317 = DIRECTION ( 'NONE',  ( -3.557480969809595994E-15, 0.5773502691896224004, -0.8164965809277282549 ) ) ;
#3318 = PLANE ( 'NONE',  #1929 ) ;
#3319 = ADVANCED_FACE ( 'NONE', ( #2933 ), #221, .F. ) ;
#3320 = AXIS2_PLACEMENT_3D ( 'NONE', #3912, #2407, #909 ) ;
#3321 = CARTESIAN_POINT ( 'NONE',  ( 0.000000000000000000, 1.002621634558673147, -2.024409448818896173 ) ) ;
#3322 = DIRECTION ( 'NONE',  ( 1.000000000000000000, -0.000000000000000000, -0.000000000000000000 ) ) ;
#3323 = DIRECTION ( 'NONE',  ( 0.000000000000000000, -0.7071067811865459074, 0.7071067811865491270 ) ) ;
#3324 = ADVANCED_FACE ( 'NONE', ( #40 ), #1893, .F. ) ;
#3325 = ORIENTED_EDGE ( 'NONE', *, *, #1031, .T. ) ;
#3326 = CARTESIAN_POINT ( 'NONE',  ( -0.2499999999999999722, 1.119685041666666603, 2.521981868766403956 ) ) ;
#3327 = DIRECTION ( 'NONE',  ( 0.000000000000000000, -0.7071067811865490160, -0.7071067811865459074 ) ) ;
#3328 = LINE ( 'NONE', #1830, #3260 ) ;
#3329 = ADVANCED_FACE ( 'NONE', ( #629 ), #1728, .F. ) ;
#3330 = ORIENTED_EDGE ( 'NONE', *, *, #2982, .T. ) ;
#3331 = DIRECTION ( 'NONE',  ( 0.4999999999999979461, -0.7071067811865514585, 0.4999999999999966138 ) ) ;
#3332 = ORIENTED_EDGE ( 'NONE', *, *, #146, .T. ) ;
#3333 = PLANE ( 'NONE',  #510 ) ;
#3334 = LINE ( 'NONE', #3038, #1594 ) ;
#3335 = FACE_OUTER_BOUND ( 'NONE', #2464, .T. ) ;
#3336 = DIRECTION ( 'NONE',  ( 1.000000000000000000, -0.000000000000000000, -0.000000000000000000 ) ) ;
#3337 = EDGE_CURVE ( 'NONE', #1017, #305, #1603, .T. ) ;
#3338 = VECTOR ( 'NONE', #2641, 39.37007874015748854 ) ;
#3339 = ORIENTED_EDGE ( 'NONE', *, *, #2299, .F. ) ;
#3340 = FACE_OUTER_BOUND ( 'NONE', #2536, .T. ) ;
#3341 = DIRECTION ( 'NONE',  ( 1.000000000000000000, 0.000000000000000000, 0.000000000000000000 ) ) ;
#3342 = VECTOR ( 'NONE', #1607, 39.37007874015748143 ) ;
#3343 = CARTESIAN_POINT ( 'NONE',  ( -1.182395939756324621, -1.186351708333342803, -1.309440902439390486 ) ) ;
#3344 = ORIENTED_EDGE ( 'NONE', *, *, #2075, .F. ) ;
#3345 = FACE_OUTER_BOUND ( 'NONE', #252, .T. ) ;
#3346 = ORIENTED_EDGE ( 'NONE', *, *, #2736, .T. ) ;
#3347 = ORIENTED_EDGE ( 'NONE', *, *, #2191, .F. ) ;
#3348 = DIRECTION ( 'NONE',  ( -0.5000000000000000000, 0.7071067811865485719, -0.4999999999999986677 ) ) ;
#3349 = DIRECTION ( 'NONE',  ( 0.000000000000000000, 0.000000000000000000, -1.000000000000000000 ) ) ;
#3350 = DIRECTION ( 'NONE',  ( 0.000000000000000000, 0.000000000000000000, -1.000000000000000000 ) ) ;
#3351 = VECTOR ( 'NONE', #1288, 39.37007874015748854 ) ;
#3352 = VECTOR ( 'NONE', #1592, 39.37007874015748143 ) ;
#3353 = DIRECTION ( 'NONE',  ( 0.7071067811865471286, 0.000000000000000000, 0.7071067811865479058 ) ) ;
#3354 = ORIENTED_EDGE ( 'NONE', *, *, #1540, .F. ) ;
#3355 = EDGE_CURVE ( 'NONE', #3786, #1633, #1829, .T. ) ;
#3356 = EDGE_CURVE ( 'NONE', #165, #3126, #1845, .T. ) ;
#3357 = VERTEX_POINT ( 'NONE', #1235 ) ;
#3358 = FACE_OUTER_BOUND ( 'NONE', #1490, .T. ) ;
#3359 = ORIENTED_EDGE ( 'NONE', *, *, #3472, .T. ) ;
#3360 = CARTESIAN_POINT ( 'NONE',  ( -0.2999999999999999889, -1.871844458079530371, 1.871844458079538587 ) ) ;
#3361 = CONICAL_SURFACE ( 'NONE', #1973, 0.1310000000000000608, 0.7853981633974498333 ) ;
#3362 = ORIENTED_EDGE ( 'NONE', *, *, #3477, .T. ) ;
#3363 = EDGE_CURVE ( 'NONE', #1368, #1371, #2785, .T. ) ;
#3364 = VECTOR ( 'NONE', #1336, 39.37007874015748143 ) ;
#3365 = LINE ( 'NONE', #358, #3152 ) ;
#3366 = EDGE_LOOP ( 'NONE', ( #3758, #318, #446, #798 ) ) ;
#3367 = ORIENTED_EDGE ( 'NONE', *, *, #772, .T. ) ;
#3368 = DIRECTION ( 'NONE',  ( 0.7071067811865464625, 0.000000000000000000, -0.7071067811865486830 ) ) ;
#3369 = EDGE_CURVE ( 'NONE', #3034, #3818, #3313, .T. ) ;
#3370 = LINE ( 'NONE', #3114, #2279 ) ;
#3371 = PLANE ( 'NONE',  #1785 ) ;
#3372 = VERTEX_POINT ( 'NONE', #3626 ) ;
#3373 = ORIENTED_EDGE ( 'NONE', *, *, #1156, .F. ) ;
#3374 = CARTESIAN_POINT ( 'NONE',  ( -0.1666666666666666574, -1.494685041666666825, 2.521981868766403068 ) ) ;
#3375 = CARTESIAN_POINT ( 'NONE',  ( -0.04624999999999995087, -1.013779527559054872, -2.224409448818897683 ) ) ;
#3376 = EDGE_CURVE ( 'NONE', #677, #943, #337, .T. ) ;
#3377 = DIRECTION ( 'NONE',  ( 0.8164965809277274778, -0.5773502691896236216, -2.224627457809993863E-14 ) ) ;
#3378 = VECTOR ( 'NONE', #1905, 39.37007874015748854 ) ;
#3379 = EDGE_LOOP ( 'NONE', ( #1849, #1705, #2578, #181 ) ) ;
#3380 = DIRECTION ( 'NONE',  ( 0.000000000000000000, -0.7071067811865479058, 0.7071067811865471286 ) ) ;
#3381 = ADVANCED_FACE ( 'NONE', ( #2432 ), #650, .F. ) ;
#3382 = EDGE_LOOP ( 'NONE', ( #3132, #383 ) ) ;
#3383 = ORIENTED_EDGE ( 'NONE', *, *, #3517, .F. ) ;
#3384 = LINE ( 'NONE', #905, #3142 ) ;
#3385 = LINE ( 'NONE', #1573, #1870 ) ;
#3386 = ORIENTED_EDGE ( 'NONE', *, *, #1733, .T. ) ;
#3387 = FACE_OUTER_BOUND ( 'NONE', #1194, .T. ) ;
#3388 = VERTEX_POINT ( 'NONE', #2806 ) ;
#3389 = ORIENTED_EDGE ( 'NONE', *, *, #1453, .T. ) ;
#3390 = CARTESIAN_POINT ( 'NONE',  ( -0.1666666666666666852, -1.494685041666666825, -2.521981868766404400 ) ) ;
#3391 = ORIENTED_EDGE ( 'NONE', *, *, #2047, .F. ) ;
#3392 = CARTESIAN_POINT ( 'NONE',  ( -0.4160744349011201160, -1.186351708333333699, -2.688648535433071363 ) ) ;
#3393 = EDGE_CURVE ( 'NONE', #2528, #335, #3029, .T. ) ;
#3394 = CARTESIAN_POINT ( 'NONE',  ( -0.2916666666666640761, 1.235759476567786619, -2.646981868766406620 ) ) ;
#3395 = ORIENTED_EDGE ( 'NONE', *, *, #3915, .T. ) ;
#3396 = DIRECTION ( 'NONE',  ( -0.7071067811865462405, 0.000000000000000000, -0.7071067811865487940 ) ) ;
#3397 = ORIENTED_EDGE ( 'NONE', *, *, #375, .T. ) ;
#3398 = ORIENTED_EDGE ( 'NONE', *, *, #257, .F. ) ;
#3399 = CARTESIAN_POINT ( 'NONE',  ( -0.5000000000000000000, -1.519685041666666736, 2.813648535433071363 ) ) ;
#3400 = LINE ( 'NONE', #1245, #1260 ) ;
#3401 = ORIENTED_EDGE ( 'NONE', *, *, #3071, .T. ) ;
#3402 = EDGE_CURVE ( 'NONE', #3485, #2069, #1278, .T. ) ;
#3403 = CARTESIAN_POINT ( 'NONE',  ( 1.195335270579532150, -1.319685041666666558, 1.195335270579530595 ) ) ;
#3404 = ORIENTED_EDGE ( 'NONE', *, *, #2473, .F. ) ;
#3405 = CARTESIAN_POINT ( 'NONE',  ( -0.1000000000000000056, 1.013779527559054872, 2.309159448818897342 ) ) ;
#3406 = VECTOR ( 'NONE', #2743, 39.37007874015748854 ) ;
#3407 = VECTOR ( 'NONE', #621, 39.37007874015748143 ) ;
#3408 = EDGE_LOOP ( 'NONE', ( #425, #694, #2027, #2772 ) ) ;
#3409 = LINE ( 'NONE', #1079, #263 ) ;
#3410 = VECTOR ( 'NONE', #920, 39.37007874015748143 ) ;
#3411 = ORIENTED_EDGE ( 'NONE', *, *, #1006, .T. ) ;
#3412 = LINE ( 'NONE', #2904, #457 ) ;
#3413 = ADVANCED_FACE ( 'NONE', ( #2136, #1219 ), #319, .T. ) ;
#3414 = LINE ( 'NONE', #1314, #3254 ) ;
#3415 = ORIENTED_EDGE ( 'NONE', *, *, #3071, .F. ) ;
#3416 = DIRECTION ( 'NONE',  ( 0.000000000000000000, -0.000000000000000000, -1.000000000000000000 ) ) ;
#3417 = VECTOR ( 'NONE', #336, 39.37007874015748854 ) ;
#3418 = CARTESIAN_POINT ( 'NONE',  ( -0.1000000000000000056, 0.8137792883858268045, -2.213251794991743626 ) ) ;
#3419 = CARTESIAN_POINT ( 'NONE',  ( 0.000000000000000000, 1.002621634558673147, -2.024409448818896173 ) ) ;
#3420 = ADVANCED_FACE ( 'NONE', ( #3067 ), #2993, .F. ) ;
#3421 = CONICAL_SURFACE ( 'NONE', #1407, 0.1310000000000000608, 0.7853981633974498333 ) ;
#3422 = EDGE_LOOP ( 'NONE', ( #2812, #2009, #3694, #3191 ) ) ;
#3423 = CIRCLE ( 'NONE', #3002, 0.1310000000000000608 ) ;
#3424 = ORIENTED_EDGE ( 'NONE', *, *, #3900, .T. ) ;
#3425 = DIRECTION ( 'NONE',  ( 0.000000000000000000, 0.7071067811865459074, 0.7071067811865491270 ) ) ;
#3426 = DIRECTION ( 'NONE',  ( 1.000000000000000000, 0.000000000000000000, 0.000000000000000000 ) ) ;
#3427 = EDGE_CURVE ( 'NONE', #1961, #615, #771, .T. ) ;
#3428 = ORIENTED_EDGE ( 'NONE', *, *, #3595, .F. ) ;
#3429 = DIRECTION ( 'NONE',  ( 0.000000000000000000, 0.000000000000000000, 1.000000000000000000 ) ) ;
#3430 = CARTESIAN_POINT ( 'NONE',  ( -0.5000000000000000000, -1.186351708333333699, -2.807337207825732595 ) ) ;
#3431 = FACE_OUTER_BOUND ( 'NONE', #2102, .T. ) ;
#3432 = ADVANCED_FACE ( 'NONE', ( #961 ), #3102, .F. ) ;
#3433 = ORIENTED_EDGE ( 'NONE', *, *, #339, .F. ) ;
#3434 = CARTESIAN_POINT ( 'NONE',  ( -0.2999999999999999889, 1.111351708333333299, 2.646981868766404400 ) ) ;
#3435 = DIRECTION ( 'NONE',  ( 0.5773502691896280625, 2.211407089341089637E-15, -0.8164965809277244801 ) ) ;
#3436 = CONICAL_SURFACE ( 'NONE', #1673, 0.1310000000000000608, 0.7853981633974498333 ) ;
#3437 = DIRECTION ( 'NONE',  ( -0.000000000000000000, 0.7071067811865462405, 0.7071067811865487940 ) ) ;
#3438 = AXIS2_PLACEMENT_3D ( 'NONE', #645, #1503, #2132 ) ;
#3439 = ORIENTED_EDGE ( 'NONE', *, *, #308, .F. ) ;
#3440 = FACE_OUTER_BOUND ( 'NONE', #3240, .T. ) ;
#3441 = CARTESIAN_POINT ( 'NONE',  ( -0.3249999999999991784, 0.9863517083333335211, 2.771981868766404844 ) ) ;
#3442 = CARTESIAN_POINT ( 'NONE',  ( -0.2500000000000000000, 1.144685041666666514, 2.771981868766404844 ) ) ;
#3443 = AXIS2_PLACEMENT_3D ( 'NONE', #2922, #3789, #3753 ) ;
#3444 = EDGE_CURVE ( 'NONE', #1017, #1423, #3695, .T. ) ;
#3445 = ORIENTED_EDGE ( 'NONE', *, *, #1999, .T. ) ;
#3446 = ORIENTED_EDGE ( 'NONE', *, *, #1456, .T. ) ;
#3447 = CARTESIAN_POINT ( 'NONE',  ( -0.5000000000000000000, 1.269685041666666958, -2.480315202099737437 ) ) ;
#3448 = ORIENTED_EDGE ( 'NONE', *, *, #3910, .T. ) ;
#3449 = ORIENTED_EDGE ( 'NONE', *, *, #950, .T. ) ;
#3450 = DIRECTION ( 'NONE',  ( 0.000000000000000000, 0.7071067811865490160, -0.7071067811865459074 ) ) ;
#3451 = CARTESIAN_POINT ( 'NONE',  ( -1.493313264853538991, 1.119685041666666603, 1.493313264853533662 ) ) ;
#3452 = CARTESIAN_POINT ( 'NONE',  ( 1.195335270579532150, -1.319685041666666558, 1.195335270579530595 ) ) ;
#3453 = EDGE_LOOP ( 'NONE', ( #1782, #182, #1150, #2697 ) ) ;
#3454 = LINE ( 'NONE', #2822, #1402 ) ;
#3455 = ADVANCED_FACE ( 'NONE', ( #390, #3185 ), #1359, .T. ) ;
#3456 = DIRECTION ( 'NONE',  ( 0.000000000000000000, 0.7071067811865459074, -0.7071067811865491270 ) ) ;
#3457 = VECTOR ( 'NONE', #3532, 39.37007874015748854 ) ;
#3458 = DIRECTION ( 'NONE',  ( 1.000000000000000000, -0.000000000000000000, -0.000000000000000000 ) ) ;
#3459 = ORIENTED_EDGE ( 'NONE', *, *, #3083, .F. ) ;
#3460 = FACE_OUTER_BOUND ( 'NONE', #1460, .T. ) ;
#3461 = DIRECTION ( 'NONE',  ( 0.000000000000000000, 0.000000000000000000, -1.000000000000000000 ) ) ;
#3462 = DIRECTION ( 'NONE',  ( 0.7071067811865473507, 0.000000000000000000, 0.7071067811865476838 ) ) ;
#3463 = ORIENTED_EDGE ( 'NONE', *, *, #245, .T. ) ;
#3464 = ORIENTED_EDGE ( 'NONE', *, *, #2661, .F. ) ;
#3465 = CARTESIAN_POINT ( 'NONE',  ( -0.3250000000000003442, -1.186351708333333033, 2.521981868766404844 ) ) ;
#3466 = AXIS2_PLACEMENT_3D ( 'NONE', #2974, #180, #1409 ) ;
#3467 = ORIENTED_EDGE ( 'NONE', *, *, #803, .F. ) ;
#3468 = FACE_OUTER_BOUND ( 'NONE', #1048, .T. ) ;
#3469 = LINE ( 'NONE', #1971, #1968 ) ;
#3470 = CARTESIAN_POINT ( 'NONE',  ( -0.1666666666666666574, -1.319685041666666558, 2.521981868766403068 ) ) ;
#3471 = ADVANCED_FACE ( 'NONE', ( #3203 ), #115, .F. ) ;
#3472 = EDGE_CURVE ( 'NONE', #166, #951, #1679, .T. ) ;
#3473 = ORIENTED_EDGE ( 'NONE', *, *, #1389, .F. ) ;
#3474 = DIRECTION ( 'NONE',  ( -0.000000000000000000, 0.7071067811865479058, 0.7071067811865471286 ) ) ;
#3475 = DIRECTION ( 'NONE',  ( -0.000000000000000000, 1.000000000000000000, -0.000000000000000000 ) ) ;
#3476 = EDGE_CURVE ( 'NONE', #462, #127, #1977, .T. ) ;
#3477 = EDGE_CURVE ( 'NONE', #3703, #96, #1313, .T. ) ;
#3478 = DIRECTION ( 'NONE',  ( 0.000000000000000000, -0.000000000000000000, -1.000000000000000000 ) ) ;
#3479 = VECTOR ( 'NONE', #1102, 39.37007874015748143 ) ;
#3480 = ORIENTED_EDGE ( 'NONE', *, *, #1719, .T. ) ;
#3481 = DIRECTION ( 'NONE',  ( -0.000000000000000000, -1.000000000000000000, -0.000000000000000000 ) ) ;
#3482 = VECTOR ( 'NONE', #2967, 39.37007874015748854 ) ;
#3483 = CARTESIAN_POINT ( 'NONE',  ( 0.000000000000000000, 0.8137792883858265824, 2.213251794991744070 ) ) ;
#3484 = CARTESIAN_POINT ( 'NONE',  ( -0.1603553390593275285, 1.119685041666666603, 2.646981868766404400 ) ) ;
#3485 = VERTEX_POINT ( 'NONE', #176 ) ;
#3486 = VERTEX_POINT ( 'NONE', #1379 ) ;
#3487 = LINE ( 'NONE', #3113, #2285 ) ;
#3488 = VECTOR ( 'NONE', #175, 39.37007874015748143 ) ;
#3489 = VECTOR ( 'NONE', #2377, 39.37007874015748143 ) ;
#3490 = ORIENTED_EDGE ( 'NONE', *, *, #3154, .F. ) ;
#3491 = DIRECTION ( 'NONE',  ( 0.000000000000000000, 0.000000000000000000, -1.000000000000000000 ) ) ;
#3492 = VECTOR ( 'NONE', #3815, 39.37007874015748143 ) ;
#3493 = LINE ( 'NONE', #2880, #843 ) ;
#3494 = CARTESIAN_POINT ( 'NONE',  ( -1.362001937246199113, -1.319685041666666558, 1.362001937246192451 ) ) ;
#3495 = EDGE_CURVE ( 'NONE', #1569, #1995, #2249, .T. ) ;
#3496 = ORIENTED_EDGE ( 'NONE', *, *, #3720, .F. ) ;
#3497 = DIRECTION ( 'NONE',  ( 0.000000000000000000, 0.000000000000000000, 1.000000000000000000 ) ) ;
#3498 = CARTESIAN_POINT ( 'NONE',  ( -0.2999999999999999889, 0.7751374106868695879, 0.7751374106868660352 ) ) ;
#3499 = CIRCLE ( 'NONE', #85, 0.1310000000000000608 ) ;
#3500 = CARTESIAN_POINT ( 'NONE',  ( 0.000000000000000000, -0.8137792883858266935, -2.213251794991743626 ) ) ;
#3501 = ORIENTED_EDGE ( 'NONE', *, *, #1500, .T. ) ;
#3502 = CARTESIAN_POINT ( 'NONE',  ( -0.1000000000000000056, 1.002621634558673147, -2.024409448818896173 ) ) ;
#3503 = CARTESIAN_POINT ( 'NONE',  ( -0.2999999999999999889, -0.8751374106868717861, 0.8751374106868706759 ) ) ;
#3504 = ADVANCED_FACE ( 'NONE', ( #1661 ), #3793, .F. ) ;
#3505 = CARTESIAN_POINT ( 'NONE',  ( -0.04624999999999995087, 1.013779527559054872, -2.224409448818897683 ) ) ;
#3506 = VERTEX_POINT ( 'NONE', #1019 ) ;
#3507 = ORIENTED_EDGE ( 'NONE', *, *, #454, .T. ) ;
#3508 = EDGE_CURVE ( 'NONE', #2354, #1987, #1997, .T. ) ;
#3509 = DIRECTION ( 'NONE',  ( -0.7071067811865479058, 0.000000000000000000, -0.7071067811865471286 ) ) ;
#3510 = ORIENTED_EDGE ( 'NONE', *, *, #2191, .T. ) ;
#3511 = FACE_OUTER_BOUND ( 'NONE', #2866, .T. ) ;
#3512 = FACE_BOUND ( 'NONE', #3768, .T. ) ;
#3513 = DIRECTION ( 'NONE',  ( 0.000000000000000000, 0.000000000000000000, -1.000000000000000000 ) ) ;
#3514 = VERTEX_POINT ( 'NONE', #3141 ) ;
#3515 = CARTESIAN_POINT ( 'NONE',  ( -0.2500000000000000555, 1.319685041666666558, 2.807337207825732150 ) ) ;
#3516 = CARTESIAN_POINT ( 'NONE',  ( -0.1666666666666666852, -1.344685041666666026, -2.521981868766404400 ) ) ;
#3517 = EDGE_CURVE ( 'NONE', #3486, #458, #1643, .T. ) ;
#3518 =( LENGTH_UNIT ( ) NAMED_UNIT ( * ) SI_UNIT ( $, .METRE. ) );
#3519 = VERTEX_POINT ( 'NONE', #487 ) ;
#3520 = DIRECTION ( 'NONE',  ( 1.000000000000000000, 0.000000000000000000, 0.000000000000000000 ) ) ;
#3521 = DIRECTION ( 'NONE',  ( 1.000000000000000000, -0.000000000000000000, -0.000000000000000000 ) ) ;
#3522 = DIRECTION ( 'NONE',  ( 0.000000000000000000, 0.7071067811865479058, 0.7071067811865471286 ) ) ;
#3523 = VERTEX_POINT ( 'NONE', #1699 ) ;
#3524 = ORIENTED_EDGE ( 'NONE', *, *, #2929, .F. ) ;
#3525 = CARTESIAN_POINT ( 'NONE',  ( 0.000000000000000000, -1.269685041666666958, 2.480315202099737437 ) ) ;
#3526 = VECTOR ( 'NONE', #1258, 39.37007874015748143 ) ;
#3527 = EDGE_CURVE ( 'NONE', #2699, #165, #3412, .T. ) ;
#3528 = EDGE_CURVE ( 'NONE', #2797, #394, #724, .T. ) ;
#3529 = VERTEX_POINT ( 'NONE', #192 ) ;
#3530 = PLANE ( 'NONE',  #382 ) ;
#3531 = VECTOR ( 'NONE', #435, 39.37007874015748143 ) ;
#3532 = DIRECTION ( 'NONE',  ( -0.5773502691896270633, -0.8164965809277251463, 4.494925279421566868E-15 ) ) ;
#3533 = DIRECTION ( 'NONE',  ( 0.000000000000000000, 0.000000000000000000, -1.000000000000000000 ) ) ;
#3534 = ORIENTED_EDGE ( 'NONE', *, *, #2799, .T. ) ;
#3535 = DIRECTION ( 'NONE',  ( -0.5773502691896272854, -3.589530347915975930E-15, 0.8164965809277249242 ) ) ;
#3536 = LINE ( 'NONE', #1160, #1091 ) ;
#3537 = LINE ( 'NONE', #2948, #1653 ) ;
#3538 = LINE ( 'NONE', #3204, #1353 ) ;
#3539 = EDGE_CURVE ( 'NONE', #2158, #743, #2549, .T. ) ;
#3540 = EDGE_LOOP ( 'NONE', ( #436, #1853, #753, #1672 ) ) ;
#3541 = PLANE ( 'NONE',  #3617 ) ;
#3542 = DIRECTION ( 'NONE',  ( 0.000000000000000000, -0.7071067811865483499, -0.7071067811865466846 ) ) ;
#3543 = LINE ( 'NONE', #3250, #3602 ) ;
#3544 = VECTOR ( 'NONE', #3136, 39.37007874015748143 ) ;
#3545 = VERTEX_POINT ( 'NONE', #1936 ) ;
#3546 = EDGE_LOOP ( 'NONE', ( #1063, #801, #2360, #3305, #244 ) ) ;
#3547 = VECTOR ( 'NONE', #271, 39.37007874015748854 ) ;
#3548 = DIRECTION ( 'NONE',  ( 0.000000000000000000, 0.000000000000000000, -1.000000000000000000 ) ) ;
#3549 = ORIENTED_EDGE ( 'NONE', *, *, #1599, .F. ) ;
#3550 = LINE ( 'NONE', #1154, #1848 ) ;
#3551 = VECTOR ( 'NONE', #281, 39.37007874015748854 ) ;
#3552 = EDGE_CURVE ( 'NONE', #1062, #1625, #3756, .T. ) ;
#3553 = CARTESIAN_POINT ( 'NONE',  ( -0.1666666666666666574, -1.319685041666666558, -2.736626529707077982 ) ) ;
#3554 = ADVANCED_FACE ( 'NONE', ( #137 ), #996, .F. ) ;
#3555 = LINE ( 'NONE', #2112, #1290 ) ;
#3556 = EDGE_LOOP ( 'NONE', ( #1280, #857, #2117, #3010 ) ) ;
#3557 = VECTOR ( 'NONE', #2017, 39.37007874015748143 ) ;
#3558 = DIRECTION ( 'NONE',  ( 0.7071067811865464625, 8.659560562354947649E-17, 0.7071067811865486830 ) ) ;
#3559 = LINE ( 'NONE', #1419, #2357 ) ;
#3560 = DIRECTION ( 'NONE',  ( 0.5773502691896267303, -0.8164965809277253683, 3.657635276392072145E-15 ) ) ;
#3561 = EDGE_CURVE ( 'NONE', #1320, #2699, #2206, .T. ) ;
#3562 = CARTESIAN_POINT ( 'NONE',  ( -0.2999999999999999889, -0.7854927497461993147, 0.7854927497462002028 ) ) ;
#3563 = EDGE_LOOP ( 'NONE', ( #3261, #3841, #541, #26 ) ) ;
#3564 = CARTESIAN_POINT ( 'NONE',  ( -0.2999999999999999889, -1.311351708333332811, 2.646981868766404400 ) ) ;
#3565 = DIRECTION ( 'NONE',  ( 0.000000000000000000, 0.000000000000000000, 1.000000000000000000 ) ) ;
#3566 = DIRECTION ( 'NONE',  ( 0.7071067811865480168, -0.4999999999999993894, 0.4999999999999999445 ) ) ;
#3567 = EDGE_LOOP ( 'NONE', ( #3886, #3662, #1250, #3354 ) ) ;
#3568 = ORIENTED_EDGE ( 'NONE', *, *, #2051, .T. ) ;
#3569 = DIRECTION ( 'NONE',  ( -0.7071067811865487940, 0.000000000000000000, -0.7071067811865462405 ) ) ;
#3570 = ADVANCED_FACE ( 'NONE', ( #448 ), #2863, .F. ) ;
#3571 = EDGE_CURVE ( 'NONE', #3139, #2802, #2390, .T. ) ;
#3572 = ORIENTED_EDGE ( 'NONE', *, *, #1398, .F. ) ;
#3573 = LINE ( 'NONE', #1757, #2347 ) ;
#3574 = CARTESIAN_POINT ( 'NONE',  ( -0.3250000000000005662, -1.186351708333333033, 2.521981868766404844 ) ) ;
#3575 = ADVANCED_FACE ( 'NONE', ( #2611 ), #3896, .T. ) ;
#3576 = DIRECTION ( 'NONE',  ( 1.000000000000000000, 0.000000000000000000, 0.000000000000000000 ) ) ;
#3577 = VECTOR ( 'NONE', #1781, 39.37007874015748143 ) ;
#3578 = ADVANCED_FACE ( 'NONE', ( #2648 ), #2330, .T. ) ;
#3579 = VERTEX_POINT ( 'NONE', #3244 ) ;
#3580 = DIRECTION ( 'NONE',  ( 0.7071067811865474617, 0.000000000000000000, 0.7071067811865474617 ) ) ;
#3581 = DIRECTION ( 'NONE',  ( 0.5000000000000002220, -0.7071067811865475727, -0.4999999999999998890 ) ) ;
#3582 = CARTESIAN_POINT ( 'NONE',  ( -0.4749999999999984790, 1.111351708333333299, 2.646981868766404400 ) ) ;
#3583 = SHAPE_DEFINITION_REPRESENTATION ( #402, #2 ) ;
#3584 = EDGE_CURVE ( 'NONE', #1232, #3372, #2311, .T. ) ;
#3585 = EDGE_LOOP ( 'NONE', ( #2122, #2025, #3673, #2556 ) ) ;
#3586 = CARTESIAN_POINT ( 'NONE',  ( -0.1000000000000000056, -1.269685041666666958, -2.024409448818897506 ) ) ;
#3587 = FACE_OUTER_BOUND ( 'NONE', #10, .T. ) ;
#3588 = CARTESIAN_POINT ( 'NONE',  ( 0.000000000000000000, 1.119685041666666603, 0.000000000000000000 ) ) ;
#3589 = ORIENTED_EDGE ( 'NONE', *, *, #3822, .T. ) ;
#3590 = VERTEX_POINT ( 'NONE', #2689 ) ;
#3591 = LINE ( 'NONE', #1755, #1636 ) ;
#3592 = ORIENTED_EDGE ( 'NONE', *, *, #598, .T. ) ;
#3593 = CARTESIAN_POINT ( 'NONE',  ( -0.5000000000000000000, 1.319685041666666558, 2.813648535433071363 ) ) ;
#3594 = DIRECTION ( 'NONE',  ( 0.7071067811865462405, 0.000000000000000000, -0.7071067811865487940 ) ) ;
#3595 = EDGE_CURVE ( 'NONE', #2634, #2692, #145, .T. ) ;
#3596 = CARTESIAN_POINT ( 'NONE',  ( -0.1000000000000000056, -0.8137792883858270265, 2.480315202099737437 ) ) ;
#3597 = VECTOR ( 'NONE', #1637, 39.37007874015748854 ) ;
#3598 = FACE_OUTER_BOUND ( 'NONE', #3556, .T. ) ;
#3599 = DIRECTION ( 'NONE',  ( 0.7071067811865473507, 0.000000000000000000, 0.7071067811865476838 ) ) ;
#3600 = DIRECTION ( 'NONE',  ( 1.000000000000000000, 0.000000000000000000, 0.000000000000000000 ) ) ;
#3601 = EDGE_CURVE ( 'NONE', #23, #203, #3282, .T. ) ;
#3602 = VECTOR ( 'NONE', #1449, 39.37007874015748854 ) ;
#3603 = VERTEX_POINT ( 'NONE', #528 ) ;
#3604 = CARTESIAN_POINT ( 'NONE',  ( -0.2999999999999999889, -1.311351708333333699, -2.646981868766404400 ) ) ;
#3605 = DIRECTION ( 'NONE',  ( -0.000000000000000000, 1.000000000000000000, -0.000000000000000000 ) ) ;
#3606 = CARTESIAN_POINT ( 'NONE',  ( -0.1249999999999998751, 1.294685041666666869, 2.646981868766404400 ) ) ;
#3607 = EDGE_CURVE ( 'NONE', #2199, #1957, #1808, .T. ) ;
#3608 = VERTEX_POINT ( 'NONE', #1176 ) ;
#3609 = VECTOR ( 'NONE', #89, 39.37007874015748143 ) ;
#3610 = DIRECTION ( 'NONE',  ( 0.000000000000000000, -0.7071067811865459074, -0.7071067811865491270 ) ) ;
#3611 = EDGE_CURVE ( 'NONE', #1534, #1429, #3536, .T. ) ;
#3612 = ORIENTED_EDGE ( 'NONE', *, *, #3895, .T. ) ;
#3613 = AXIS2_PLACEMENT_3D ( 'NONE', #523, #499, #482 ) ;
#3614 = DIRECTION ( 'NONE',  ( -0.000000000000000000, 1.022921119462679089E-15, 1.000000000000000000 ) ) ;
#3615 = DIRECTION ( 'NONE',  ( -0.4999999999999985012, 0.7071067811865495711, -0.4999999999999987232 ) ) ;
#3616 = DIRECTION ( 'NONE',  ( 0.000000000000000000, 0.000000000000000000, -1.000000000000000000 ) ) ;
#3617 = AXIS2_PLACEMENT_3D ( 'NONE', #1406, #2335, #1790 ) ;
#3618 = LINE ( 'NONE', #2406, #3293 ) ;
#3619 = CARTESIAN_POINT ( 'NONE',  ( -0.1000000000000000056, -1.002621634558672925, 2.024409448818897506 ) ) ;
#3620 = CARTESIAN_POINT ( 'NONE',  ( 1.195335270579531706, -1.319685041666666558, -1.195335270579531262 ) ) ;
#3621 = EDGE_CURVE ( 'NONE', #2851, #2638, #3559, .T. ) ;
#3622 = AXIS2_PLACEMENT_3D ( 'NONE', #2476, #1820, #2718 ) ;
#3623 = AXIS2_PLACEMENT_3D ( 'NONE', #3503, #453, #1920 ) ;
#3624 = EDGE_LOOP ( 'NONE', ( #1315, #353, #1417, #3592 ) ) ;
#3625 = FACE_OUTER_BOUND ( 'NONE', #3643, .T. ) ;
#3626 = CARTESIAN_POINT ( 'NONE',  ( -0.5000000000000000000, -1.369685041666667047, 2.480315202099737437 ) ) ;
#3627 = LINE ( 'NONE', #2751, #1226 ) ;
#3628 = ORIENTED_EDGE ( 'NONE', *, *, #2473, .T. ) ;
#3629 = DIRECTION ( 'NONE',  ( 1.000000000000000000, 0.000000000000000000, 0.000000000000000000 ) ) ;
#3630 = VERTEX_POINT ( 'NONE', #888 ) ;
#3631 = EDGE_CURVE ( 'NONE', #984, #2199, #548, .T. ) ;
#3632 = DIRECTION ( 'NONE',  ( 0.000000000000000000, -0.000000000000000000, -1.000000000000000000 ) ) ;
#3633 = FACE_OUTER_BOUND ( 'NONE', #2788, .T. ) ;
#3634 = DIRECTION ( 'NONE',  ( 0.000000000000000000, 0.000000000000000000, -1.000000000000000000 ) ) ;
#3635 = DIRECTION ( 'NONE',  ( -0.000000000000000000, 0.000000000000000000, 1.000000000000000000 ) ) ;
#3636 =( NAMED_UNIT ( * ) SI_UNIT ( $, .STERADIAN. ) SOLID_ANGLE_UNIT ( ) );
#3637 = CIRCLE ( 'NONE', #3011, 0.08474999999999996425 ) ;
#3638 = EDGE_LOOP ( 'NONE', ( #706, #636, #1346, #3256 ) ) ;
#3639 = DIRECTION ( 'NONE',  ( 0.000000000000000000, 0.7071067811865483499, 0.7071067811865466846 ) ) ;
#3640 = ORIENTED_EDGE ( 'NONE', *, *, #1375, .F. ) ;
#3641 = CARTESIAN_POINT ( 'NONE',  ( -0.1000000000000000056, 0.000000000000000000, 0.000000000000000000 ) ) ;
#3642 = CARTESIAN_POINT ( 'NONE',  ( 0.000000000000000000, 1.269685041666666958, 2.480315202099737437 ) ) ;
#3643 = EDGE_LOOP ( 'NONE', ( #3046, #3723, #1664, #2057 ) ) ;
#3644 = EDGE_CURVE ( 'NONE', #1003, #3357, #826, .T. ) ;
#3645 = DIRECTION ( 'NONE',  ( -0.7071067811865475727, 0.000000000000000000, 0.7071067811865475727 ) ) ;
#3646 = EDGE_LOOP ( 'NONE', ( #408, #2238, #3507, #3271 ) ) ;
#3647 = VERTEX_POINT ( 'NONE', #3516 ) ;
#3648 = CARTESIAN_POINT ( 'NONE',  ( -0.1666666666666666297, -1.344685041666666026, -2.771981868766403956 ) ) ;
#3649 = CARTESIAN_POINT ( 'NONE',  ( -0.1000000000000000056, 0.000000000000000000, 0.000000000000000000 ) ) ;
#3650 = DIRECTION ( 'NONE',  ( 0.7071067811865487940, 0.000000000000000000, -0.7071067811865461294 ) ) ;
#3651 = ADVANCED_FACE ( 'NONE', ( #2350 ), #215, .F. ) ;
#3652 = VECTOR ( 'NONE', #564, 39.37007874015748854 ) ;
#3653 = ADVANCED_FACE ( 'NONE', ( #1765 ), #809, .F. ) ;
#3654 = CARTESIAN_POINT ( 'NONE',  ( -0.1000000000000000056, 0.000000000000000000, 0.000000000000000000 ) ) ;
#3655 = SURFACE_SIDE_STYLE ('',( #333 ) ) ;
#3656 =( NAMED_UNIT ( * ) SI_UNIT ( $, .STERADIAN. ) SOLID_ANGLE_UNIT ( ) );
#3657 = ORIENTED_EDGE ( 'NONE', *, *, #668, .T. ) ;
#3658 = CARTESIAN_POINT ( 'NONE',  ( -0.4749999999999990341, -1.311351708333333699, -2.646981868766404400 ) ) ;
#3659 = ORIENTED_EDGE ( 'NONE', *, *, #2799, .F. ) ;
#3660 = DIRECTION ( 'NONE',  ( 0.5773502691896265082, -7.691850745534255266E-16, 0.8164965809277253683 ) ) ;
#3661 = VECTOR ( 'NONE', #284, 39.37007874015748143 ) ;
#3662 = ORIENTED_EDGE ( 'NONE', *, *, #2480, .T. ) ;
#3663 = FACE_BOUND ( 'NONE', #2592, .T. ) ;
#3664 = ORIENTED_EDGE ( 'NONE', *, *, #314, .F. ) ;
#3665 = ORIENTED_EDGE ( 'NONE', *, *, #1421, .T. ) ;
#3666 = DIRECTION ( 'NONE',  ( 0.000000000000000000, 0.000000000000000000, -1.000000000000000000 ) ) ;
#3667 = DIRECTION ( 'NONE',  ( 0.000000000000000000, 0.000000000000000000, 1.000000000000000000 ) ) ;
#3668 = VECTOR ( 'NONE', #3671, 39.37007874015748143 ) ;
#3669 = AXIS2_PLACEMENT_3D ( 'NONE', #3188, #2252, #3416 ) ;
#3670 = EDGE_CURVE ( 'NONE', #2158, #3630, #3008, .T. ) ;
#3671 = DIRECTION ( 'NONE',  ( 1.000000000000000000, 0.000000000000000000, 0.000000000000000000 ) ) ;
#3672 = ADVANCED_FACE ( 'NONE', ( #3834 ), #1484, .F. ) ;
#3673 = ORIENTED_EDGE ( 'NONE', *, *, #3376, .F. ) ;
#3674 = CARTESIAN_POINT ( 'NONE',  ( 0.000000000000000000, -1.319685041666666558, 0.000000000000000000 ) ) ;
#3675 = EDGE_CURVE ( 'NONE', #3903, #2802, #3179, .T. ) ;
#3676 = DIRECTION ( 'NONE',  ( 0.000000000000000000, 0.7071067811865483499, -0.7071067811865466846 ) ) ;
#3677 = VECTOR ( 'NONE', #198, 39.37007874015748143 ) ;
#3678 = VECTOR ( 'NONE', #3189, 39.37007874015748143 ) ;
#3679 = CARTESIAN_POINT ( 'NONE',  ( 0.000000000000000000, -1.013779527559054872, 2.355409448818897467 ) ) ;
#3680 = VERTEX_POINT ( 'NONE', #1192 ) ;
#3681 = AXIS2_PLACEMENT_3D ( 'NONE', #2037, #3322, #1501 ) ;
#3682 = LINE ( 'NONE', #616, #2650 ) ;
#3683 = EDGE_LOOP ( 'NONE', ( #1158, #1731, #3099, #1255 ) ) ;
#3684 = VERTEX_POINT ( 'NONE', #608 ) ;
#3685 = DIRECTION ( 'NONE',  ( 0.7071067811865476838, 0.000000000000000000, -0.7071067811865473507 ) ) ;
#3686 = AXIS2_PLACEMENT_3D ( 'NONE', #2315, #1982, #2553 ) ;
#3687 = FACE_OUTER_BOUND ( 'NONE', #3865, .T. ) ;
#3688 = ORIENTED_EDGE ( 'NONE', *, *, #3783, .F. ) ;
#3689 = CARTESIAN_POINT ( 'NONE',  ( -0.1666666666666679897, -0.7139396928222917493, 1.879973242026932834 ) ) ;
#3690 = EDGE_CURVE ( 'NONE', #3603, #1734, #2705, .T. ) ;
#3691 = CARTESIAN_POINT ( 'NONE',  ( -0.5000000000000000000, 1.319685041666666558, -2.813648535433071363 ) ) ;
#3692 = ORIENTED_EDGE ( 'NONE', *, *, #1268, .T. ) ;
#3693 = CARTESIAN_POINT ( 'NONE',  ( -0.1000000000000000056, -1.013779527559054872, 2.309159448818897342 ) ) ;
#3694 = ORIENTED_EDGE ( 'NONE', *, *, #2942, .F. ) ;
#3695 = LINE ( 'NONE', #2188, #392 ) ;
#3696 = EDGE_CURVE ( 'NONE', #360, #1486, #276, .T. ) ;
#3697 = ADVANCED_FACE ( 'NONE', ( #2115 ), #296, .F. ) ;
#3698 = LINE ( 'NONE', #3143, #407 ) ;
#3699 = AXIS2_PLACEMENT_3D ( 'NONE', #465, #1099, #3513 ) ;
#3700 = VERTEX_POINT ( 'NONE', #2505 ) ;
#3701 = DIRECTION ( 'NONE',  ( -0.7071067811865476838, 0.000000000000000000, 0.7071067811865473507 ) ) ;
#3702 = ORIENTED_EDGE ( 'NONE', *, *, #460, .T. ) ;
#3703 = VERTEX_POINT ( 'NONE', #1021 ) ;
#3704 = DIRECTION ( 'NONE',  ( 1.000000000000000000, -0.000000000000000000, -0.000000000000000000 ) ) ;
#3705 = DIRECTION ( 'NONE',  ( -0.000000000000000000, -1.000000000000000000, -0.000000000000000000 ) ) ;
#3706 = ORIENTED_EDGE ( 'NONE', *, *, #1733, .F. ) ;
#3707 = CARTESIAN_POINT ( 'NONE',  ( 0.000000000000000000, 1.013779527559054872, -2.139659448818897580 ) ) ;
#3708 = EDGE_CURVE ( 'NONE', #3680, #229, #1663, .T. ) ;
#3709 =( NAMED_UNIT ( * ) PLANE_ANGLE_UNIT ( ) SI_UNIT ( $, .RADIAN. ) );
#3710 = FACE_OUTER_BOUND ( 'NONE', #3585, .T. ) ;
#3711 = VERTEX_POINT ( 'NONE', #3740 ) ;
#3712 = CARTESIAN_POINT ( 'NONE',  ( -0.5000000000000000000, -1.519685041666666736, -2.813648535433071363 ) ) ;
#3713 = ORIENTED_EDGE ( 'NONE', *, *, #3197, .F. ) ;
#3714 = CARTESIAN_POINT ( 'NONE',  ( -0.1666666666666666852, -1.494685041666666825, 2.521981868766403068 ) ) ;
#3715 = FACE_OUTER_BOUND ( 'NONE', #688, .T. ) ;
#3716 = ORIENTED_EDGE ( 'NONE', *, *, #2308, .T. ) ;
#3717 = PLANE ( 'NONE',  #3166 ) ;
#3718 = AXIS2_PLACEMENT_3D ( 'NONE', #2731, #1912, #2396 ) ;
#3719 = FACE_OUTER_BOUND ( 'NONE', #1430, .T. ) ;
#3720 = EDGE_CURVE ( 'NONE', #3780, #3802, #746, .T. ) ;
#3721 = CARTESIAN_POINT ( 'NONE',  ( -0.1249999999999999029, 1.294685041666666869, 2.646981868766404400 ) ) ;
#3722 = EDGE_LOOP ( 'NONE', ( #1980, #1533, #2490, #1641 ) ) ;
#3723 = ORIENTED_EDGE ( 'NONE', *, *, #3210, .T. ) ;
#3724 = ADVANCED_FACE ( 'NONE', ( #2526 ), #2172, .T. ) ;
#3725 = CARTESIAN_POINT ( 'NONE',  ( -0.2999999999999999889, -1.871844458079529927, -1.871844458079534368 ) ) ;
#3726 = CARTESIAN_POINT ( 'NONE',  ( -0.2499999999999999722, 1.294685041666666869, 2.521981868766403956 ) ) ;
#3727 = ORIENTED_EDGE ( 'NONE', *, *, #1058, .T. ) ;
#3728 = FACE_OUTER_BOUND ( 'NONE', #1570, .T. ) ;
#3729 = ADVANCED_FACE ( 'NONE', ( #2786 ), #3436, .F. ) ;
#3730 = CARTESIAN_POINT ( 'NONE',  ( -0.2500000000000000000, 1.294685041666666869, 2.771981868766404844 ) ) ;
#3731 = CARTESIAN_POINT ( 'NONE',  ( -0.2999999999999999889, -1.061351708333333477, -2.646981868766404400 ) ) ;
#3732 = VECTOR ( 'NONE', #1329, 39.37007874015748854 ) ;
#3733 = CIRCLE ( 'NONE', #3862, 0.08474999999999996425 ) ;
#3734 = ORIENTED_EDGE ( 'NONE', *, *, #971, .F. ) ;
#3735 = DIRECTION ( 'NONE',  ( -0.7071067811865474617, -0.000000000000000000, 0.7071067811865474617 ) ) ;
#3736 = AXIS2_PLACEMENT_3D ( 'NONE', #199, #770, #1408 ) ;
#3737 = CARTESIAN_POINT ( 'NONE',  ( -0.2500000000000000000, 1.119685041666666603, -2.521981868766404400 ) ) ;
#3738 = ADVANCED_FACE ( 'NONE', ( #77 ), #372, .F. ) ;
#3739 = EDGE_CURVE ( 'NONE', #1234, #1429, #1917, .T. ) ;
#3740 = CARTESIAN_POINT ( 'NONE',  ( -0.1000000000000000056, 1.013779527559054872, 2.139659448818897580 ) ) ;
#3741 = ORIENTED_EDGE ( 'NONE', *, *, #1277, .T. ) ;
#3742 = DIRECTION ( 'NONE',  ( 0.000000000000000000, 0.000000000000000000, 1.000000000000000000 ) ) ;
#3743 = VECTOR ( 'NONE', #2727, 39.37007874015748143 ) ;
#3744 = CARTESIAN_POINT ( 'NONE',  ( -0.4749999999999990341, -1.061351708333333477, -2.646981868766404400 ) ) ;
#3745 = CARTESIAN_POINT ( 'NONE',  ( -0.1666666666666666574, -1.494685041666666825, -2.771981868766403956 ) ) ;
#3746 = ORIENTED_EDGE ( 'NONE', *, *, #311, .T. ) ;
#3747 = VECTOR ( 'NONE', #1045, 39.37007874015748143 ) ;
#3748 = VERTEX_POINT ( 'NONE', #3679 ) ;
#3749 = DIRECTION ( 'NONE',  ( -0.7071067811865462405, 0.000000000000000000, 0.7071067811865487940 ) ) ;
#3750 = ORIENTED_EDGE ( 'NONE', *, *, #3611, .F. ) ;
#3751 = CARTESIAN_POINT ( 'NONE',  ( 0.000000000000000000, 1.269685041666666958, -2.480315202099737437 ) ) ;
#3752 = CARTESIAN_POINT ( 'NONE',  ( -0.3333333299999999833, -1.369685041666667047, 2.170315202099737384 ) ) ;
#3753 = DIRECTION ( 'NONE',  ( 0.7071067811865462405, -0.000000000000000000, 0.7071067811865487940 ) ) ;
#3754 = ORIENTED_EDGE ( 'NONE', *, *, #469, .T. ) ;
#3755 = CARTESIAN_POINT ( 'NONE',  ( -1.108757063549255628, 1.663529637045870091, 2.646981868766402179 ) ) ;
#3756 = LINE ( 'NONE', #2841, #2291 ) ;
#3757 = CARTESIAN_POINT ( 'NONE',  ( -0.1000000000000000056, 1.269685041666666958, -2.024409448818896617 ) ) ;
#3758 = ORIENTED_EDGE ( 'NONE', *, *, #1481, .F. ) ;
#3759 = FACE_OUTER_BOUND ( 'NONE', #3230, .T. ) ;
#3760 = DIRECTION ( 'NONE',  ( 0.000000000000000000, 0.000000000000000000, -1.000000000000000000 ) ) ;
#3761 = FACE_OUTER_BOUND ( 'NONE', #233, .T. ) ;
#3762 = VECTOR ( 'NONE', #1174, 39.37007874015748143 ) ;
#3763 = ORIENTED_EDGE ( 'NONE', *, *, #2848, .T. ) ;
#3764 = ORIENTED_EDGE ( 'NONE', *, *, #2767, .T. ) ;
#3765 = EDGE_CURVE ( 'NONE', #147, #3523, #411, .T. ) ;
#3766 = ADVANCED_FACE ( 'NONE', ( #3715 ), #1956, .T. ) ;
#3767 = DIRECTION ( 'NONE',  ( 1.506320771000463820E-15, 0.5773502691896199579, 0.8164965809277300313 ) ) ;
#3768 = EDGE_LOOP ( 'NONE', ( #1835, #674 ) ) ;
#3769 = DIRECTION ( 'NONE',  ( 0.000000000000000000, 0.000000000000000000, -1.000000000000000000 ) ) ;
#3770 = CARTESIAN_POINT ( 'NONE',  ( -0.2999999999999999889, -1.186351708333333699, -2.521981868766404400 ) ) ;
#3771 = ADVANCED_FACE ( 'NONE', ( #449 ), #1879, .T. ) ;
#3772 = LINE ( 'NONE', #3452, #294 ) ;
#3773 = EDGE_LOOP ( 'NONE', ( #838, #3449, #3898, #999 ) ) ;
#3774 = LINE ( 'NONE', #2548, #3488 ) ;
#3775 = DIRECTION ( 'NONE',  ( -0.000000000000000000, -1.000000000000000000, -0.000000000000000000 ) ) ;
#3776 = ORIENTED_EDGE ( 'NONE', *, *, #643, .T. ) ;
#3777 = DIRECTION ( 'NONE',  ( 0.000000000000000000, -0.7071067811865479058, 0.7071067811865471286 ) ) ;
#3778 = CARTESIAN_POINT ( 'NONE',  ( -0.4749999999999990341, -1.186351708333333699, -2.771981868766403956 ) ) ;
#3779 = CARTESIAN_POINT ( 'NONE',  ( -0.4749999999999995892, -1.311351708333332811, 2.646981868766404400 ) ) ;
#3780 = VERTEX_POINT ( 'NONE', #2825 ) ;
#3781 = ORIENTED_EDGE ( 'NONE', *, *, #1575, .F. ) ;
#3782 = CARTESIAN_POINT ( 'NONE',  ( 0.000000000000000000, 1.013779527559054872, -2.224409448818897683 ) ) ;
#3783 = EDGE_CURVE ( 'NONE', #3905, #2447, #2208, .T. ) ;
#3784 = CIRCLE ( 'NONE', #739, 0.08474999999999996425 ) ;
#3785 = AXIS2_PLACEMENT_3D ( 'NONE', #1729, #3566, #3522 ) ;
#3786 = VERTEX_POINT ( 'NONE', #2250 ) ;
#3787 = CARTESIAN_POINT ( 'NONE',  ( 0.000000000000000000, -1.013779527559054872, 2.224409448818897683 ) ) ;
#3788 = DIRECTION ( 'NONE',  ( 1.000000000000000000, 0.000000000000000000, 0.000000000000000000 ) ) ;
#3789 = DIRECTION ( 'NONE',  ( -0.4999999999999995004, -0.7071067811865495711, 0.4999999999999977240 ) ) ;
#3790 = EDGE_CURVE ( 'NONE', #1734, #1123, #3414, .T. ) ;
#3791 = ORIENTED_EDGE ( 'NONE', *, *, #1670, .F. ) ;
#3792 = FACE_OUTER_BOUND ( 'NONE', #3722, .T. ) ;
#3793 = PLANE ( 'NONE',  #776 ) ;
#3794 = VECTOR ( 'NONE', #3558, 39.37007874015748143 ) ;
#3795 = DIRECTION ( 'NONE',  ( 0.000000000000000000, -1.000000000000000000, 0.000000000000000000 ) ) ;
#3796 = AXIS2_PLACEMENT_3D ( 'NONE', #3257, #3868, #804 ) ;
#3797 = EDGE_CURVE ( 'NONE', #1039, #1580, #3698, .T. ) ;
#3798 = ORIENTED_EDGE ( 'NONE', *, *, #2047, .T. ) ;
#3799 = FACE_OUTER_BOUND ( 'NONE', #3408, .T. ) ;
#3800 = DIRECTION ( 'NONE',  ( 0.000000000000000000, 0.000000000000000000, -1.000000000000000000 ) ) ;
#3801 = FACE_OUTER_BOUND ( 'NONE', #2658, .T. ) ;
#3802 = VERTEX_POINT ( 'NONE', #1339 ) ;
#3803 = ORIENTED_EDGE ( 'NONE', *, *, #2876, .T. ) ;
#3804 = DIRECTION ( 'NONE',  ( 0.000000000000000000, 0.000000000000000000, 1.000000000000000000 ) ) ;
#3805 = VECTOR ( 'NONE', #106, 39.37007874015748143 ) ;
#3806 = EDGE_LOOP ( 'NONE', ( #872, #2513, #2368, #558 ) ) ;
#3807 = AXIS2_PLACEMENT_3D ( 'NONE', #1426, #534, #3341 ) ;
#3808 = EDGE_LOOP ( 'NONE', ( #1869, #3330, #1276, #775 ) ) ;
#3809 = LINE ( 'NONE', #562, #1011 ) ;
#3810 = FACE_OUTER_BOUND ( 'NONE', #2398, .T. ) ;
#3811 = DIRECTION ( 'NONE',  ( 0.5773502691896273964, -0.8164965809277248132, 5.512493034299523870E-15 ) ) ;
#3812 = EDGE_CURVE ( 'NONE', #2924, #327, #2555, .T. ) ;
#3813 = VERTEX_POINT ( 'NONE', #2189 ) ;
#3814 = DIRECTION ( 'NONE',  ( -0.4999999999999999445, -0.7071067811865475727, -0.5000000000000002220 ) ) ;
#3815 = DIRECTION ( 'NONE',  ( 0.000000000000000000, -1.000000000000000000, 0.000000000000000000 ) ) ;
#3816 = VECTOR ( 'NONE', #179, 39.37007874015748854 ) ;
#3817 = CARTESIAN_POINT ( 'NONE',  ( -0.2999999999999999889, -1.186351708333333255, 2.736626529707077982 ) ) ;
#3818 = VERTEX_POINT ( 'NONE', #683 ) ;
#3819 = LINE ( 'NONE', #1108, #1793 ) ;
#3820 = CARTESIAN_POINT ( 'NONE',  ( 0.000000000000000000, -1.013779527559054872, 2.309159448818897342 ) ) ;
#3821 = PLANE ( 'NONE',  #1640 ) ;
#3822 = EDGE_CURVE ( 'NONE', #1580, #78, #1894, .T. ) ;
#3823 = AXIS2_PLACEMENT_3D ( 'NONE', #3162, #1296, #962 ) ;
#3824 = ORIENTED_EDGE ( 'NONE', *, *, #3476, .F. ) ;
#3825 = ORIENTED_EDGE ( 'NONE', *, *, #3675, .T. ) ;
#3826 = DIRECTION ( 'NONE',  ( 0.000000000000000000, -0.7071067811865490160, 0.7071067811865459074 ) ) ;
#3827 = ORIENTED_EDGE ( 'NONE', *, *, #2686, .T. ) ;
#3828 = DIRECTION ( 'NONE',  ( 1.000000000000000000, -0.000000000000000000, -0.000000000000000000 ) ) ;
#3829 = DIRECTION ( 'NONE',  ( 1.000000000000000000, 0.000000000000000000, 0.000000000000000000 ) ) ;
#3830 = CARTESIAN_POINT ( 'NONE',  ( -1.053201507993690278, -1.883171492078825615, -2.646981868766408841 ) ) ;
#3831 = ADVANCED_FACE ( 'NONE', ( #3125 ), #1443, .T. ) ;
#3832 = ORIENTED_EDGE ( 'NONE', *, *, #2297, .F. ) ;
#3833 = LINE ( 'NONE', #547, #3041 ) ;
#3834 = FACE_OUTER_BOUND ( 'NONE', #1907, .T. ) ;
#3835 = CARTESIAN_POINT ( 'NONE',  ( -0.1249999999999999029, 1.144685041666666292, 2.646981868766404400 ) ) ;
#3836 = PLANE ( 'NONE',  #2173 ) ;
#3837 = EDGE_LOOP ( 'NONE', ( #1650, #748, #1413, #3122 ) ) ;
#3838 = DIRECTION ( 'NONE',  ( 0.000000000000000000, -0.7071067811865479058, -0.7071067811865471286 ) ) ;
#3839 = LINE ( 'NONE', #1488, #1281 ) ;
#3840 = DIRECTION ( 'NONE',  ( -0.7071067811865474617, 0.000000000000000000, -0.7071067811865474617 ) ) ;
#3841 = ORIENTED_EDGE ( 'NONE', *, *, #2686, .F. ) ;
#3842 = EDGE_LOOP ( 'NONE', ( #397, #2503, #3867, #53, #2467, #2185, #3664, #2154 ) ) ;
#3843 = EDGE_CURVE ( 'NONE', #699, #2063, #3538, .T. ) ;
#3844 = LINE ( 'NONE', #2070, #620 ) ;
#3845 = VECTOR ( 'NONE', #1170, 39.37007874015748854 ) ;
#3846 = VERTEX_POINT ( 'NONE', #3246 ) ;
#3847 = EDGE_CURVE ( 'NONE', #3523, #1569, #3186, .T. ) ;
#3848 = CARTESIAN_POINT ( 'NONE',  ( -0.3333333299999999833, -1.269685041666666958, 2.170315202099737384 ) ) ;
#3849 = AXIS2_PLACEMENT_3D ( 'NONE', #2657, #514, #3226 ) ;
#3850 = CARTESIAN_POINT ( 'NONE',  ( -0.2999999999999999889, -1.186351708333333033, 2.521981868766404844 ) ) ;
#3851 = DIRECTION ( 'NONE',  ( 0.7071067811865476838, 0.000000000000000000, -0.7071067811865473507 ) ) ;
#3852 = ORIENTED_EDGE ( 'NONE', *, *, #1268, .F. ) ;
#3853 = PLANE ( 'NONE',  #506 ) ;
#3854 = CARTESIAN_POINT ( 'NONE',  ( -1.403668603912866075, 1.119685041666666603, -1.403668603912866075 ) ) ;
#3855 = PLANE ( 'NONE',  #1198 ) ;
#3856 = ORIENTED_EDGE ( 'NONE', *, *, #3907, .T. ) ;
#3857 = DIRECTION ( 'NONE',  ( -1.000000000000000000, -0.000000000000000000, -0.000000000000000000 ) ) ;
#3858 = EDGE_CURVE ( 'NONE', #481, #3192, #830, .T. ) ;
#3859 = DIRECTION ( 'NONE',  ( -0.8164965809277263675, -0.5773502691896253980, -1.281975124255713402E-16 ) ) ;
#3860 = DIRECTION ( 'NONE',  ( 1.000000000000000000, -0.000000000000000000, -0.000000000000000000 ) ) ;
#3861 = VECTOR ( 'NONE', #1996, 39.37007874015748143 ) ;
#3862 = AXIS2_PLACEMENT_3D ( 'NONE', #49, #2460, #3667 ) ;
#3863 = EDGE_LOOP ( 'NONE', ( #2380, #87, #3688, #2768 ) ) ;
#3864 = EDGE_CURVE ( 'NONE', #462, #3192, #530, .T. ) ;
#3865 = EDGE_LOOP ( 'NONE', ( #577, #1697, #267, #818 ) ) ;
#3866 = DIRECTION ( 'NONE',  ( 1.000000000000000000, -0.000000000000000000, -0.000000000000000000 ) ) ;
#3867 = ORIENTED_EDGE ( 'NONE', *, *, #1212, .T. ) ;
#3868 = DIRECTION ( 'NONE',  ( -0.4999999999999981126, -0.7071067811865514585, -0.4999999999999962808 ) ) ;
#3869 = AXIS2_PLACEMENT_3D ( 'NONE', #3374, #927, #976 ) ;
#3870 = CARTESIAN_POINT ( 'NONE',  ( -0.2676776695296632091, 1.319685041666666558, -2.789659538296067165 ) ) ;
#3871 = CARTESIAN_POINT ( 'NONE',  ( -0.2999999999999999889, 1.861489119020208971, 1.861489119020198313 ) ) ;
#3872 = ADVANCED_FACE ( 'NONE', ( #2928 ), #2269, .F. ) ;
#3873 = ORIENTED_EDGE ( 'NONE', *, *, #2852, .T. ) ;
#3874 = VECTOR ( 'NONE', #3435, 39.37007874015748143 ) ;
#3875 = LINE ( 'NONE', #786, #3479 ) ;
#3876 = DIRECTION ( 'NONE',  ( -0.7071067811865474617, 0.000000000000000000, -0.7071067811865474617 ) ) ;
#3877 = LINE ( 'NONE', #2331, #2157 ) ;
#3878 = ORIENTED_EDGE ( 'NONE', *, *, #2662, .T. ) ;
#3879 = CARTESIAN_POINT ( 'NONE',  ( -0.1000000000000000056, -1.013779527559054872, -2.224409448818897683 ) ) ;
#3880 = DIRECTION ( 'NONE',  ( 0.000000000000000000, -0.7071067811865490160, -0.7071067811865459074 ) ) ;
#3881 = DIRECTION ( 'NONE',  ( 0.7071067811865475727, 0.000000000000000000, -0.7071067811865475727 ) ) ;
#3882 = VERTEX_POINT ( 'NONE', #3500 ) ;
#3883 = ORIENTED_EDGE ( 'NONE', *, *, #2963, .T. ) ;
#3884 = CARTESIAN_POINT ( 'NONE',  ( -0.4749999999999984790, 0.9863517083333335211, 2.771981868766404844 ) ) ;
#3885 = VECTOR ( 'NONE', #117, 39.37007874015748854 ) ;
#3886 = ORIENTED_EDGE ( 'NONE', *, *, #2929, .T. ) ;
#3887 = PRODUCT_DEFINITION_CONTEXT ( 'detailed design', #1345, 'design' ) ;
#3888 = ADVANCED_FACE ( 'NONE', ( #1061 ), #2906, .F. ) ;
#3889 = DIRECTION ( 'NONE',  ( -0.7071067811865476838, 0.000000000000000000, 0.7071067811865473507 ) ) ;
#3890 = DIRECTION ( 'NONE',  ( -0.5000000000000027756, -0.7071067811865435759, 0.5000000000000027756 ) ) ;
#3891 = LINE ( 'NONE', #565, #2693 ) ;
#3892 = VECTOR ( 'NONE', #2500, 39.37007874015748143 ) ;
#3893 = ADVANCED_FACE ( 'NONE', ( #2061 ), #1122, .T. ) ;
#3894 = DIRECTION ( 'NONE',  ( 1.000000000000000000, -0.000000000000000000, -0.000000000000000000 ) ) ;
#3895 = EDGE_CURVE ( 'NONE', #3647, #2125, #1700, .T. ) ;
#3896 = PLANE ( 'NONE',  #1857 ) ;
#3897 = DIRECTION ( 'NONE',  ( -0.4999999999999986677, -0.7071067811865494601, -0.4999999999999986677 ) ) ;
#3898 = ORIENTED_EDGE ( 'NONE', *, *, #1351, .T. ) ;
#3899 = LINE ( 'NONE', #3604, #1470 ) ;
#3900 = EDGE_CURVE ( 'NONE', #1352, #3357, #810, .T. ) ;
#3901 = CARTESIAN_POINT ( 'NONE',  ( 0.000000000000000000, 1.013779527559054872, 2.224409448818897683 ) ) ;
#3902 = DIRECTION ( 'NONE',  ( 0.000000000000000000, 1.000000000000000000, -2.045842238925358179E-15 ) ) ;
#3903 = VERTEX_POINT ( 'NONE', #2633 ) ;
#3904 = PLANE ( 'NONE',  #1773 ) ;
#3905 = VERTEX_POINT ( 'NONE', #3817 ) ;
#3906 = CARTESIAN_POINT ( 'NONE',  ( -0.2500000000000024980, 0.4157304176574956323, 1.741084353138045104 ) ) ;
#3907 = EDGE_CURVE ( 'NONE', #2749, #1368, #195, .T. ) ;
#3908 = LINE ( 'NONE', #2031, #1576 ) ;
#3909 = DIRECTION ( 'NONE',  ( 0.000000000000000000, 0.7071067811865454633, -0.7071067811865494601 ) ) ;
#3910 = EDGE_CURVE ( 'NONE', #1625, #147, #1979, .T. ) ;
#3911 = DIRECTION ( 'NONE',  ( 0.000000000000000000, 0.000000000000000000, -1.000000000000000000 ) ) ;
#3912 = CARTESIAN_POINT ( 'NONE',  ( -0.3333333299999999833, -1.519685041666666958, 2.325315202099737633 ) ) ;
#3913 = DIRECTION ( 'NONE',  ( 1.000000000000000000, -0.000000000000000000, -0.000000000000000000 ) ) ;
#3914 = ADVANCED_FACE ( 'NONE', ( #3265 ), #3836, .F. ) ;
#3915 = EDGE_CURVE ( 'NONE', #3545, #2522, #1403, .T. ) ;
#3916 = PRODUCT_CONTEXT ( 'NONE', #1093, 'mechanical' ) ;
ENDSEC;
END-ISO-10303-21;
